hugo_symbol	Model_Score
TP63	0.99985534
PTPN4	0.9989642
CREBBP	0.9988256
MRPS31	0.9987483
KDR	0.99873453
CCR4	0.9985008
IDH1	0.9984419
IDH1	0.99843466
MUC16	0.99839133
FAT3	0.9983653
IDH1	0.99828786
CCR4	0.99827754
MAP3K1	0.9982258
MAP3K1	0.99821913
IDH1	0.99821526
MUC16	0.9982079
CHEK2	0.9981722
ATRX	0.9981184
HCN4	0.998069
CHEK2	0.9980477
SUFU	0.9980396
CSMD3	0.9980149
IDH1	0.9980001
MRPS31	0.9979972
IDH1	0.9979572
IDH1	0.9979068
MRPS31	0.9978287
IDH1	0.99779433
IDH1	0.9977887
IDH1	0.9977846
IDH1	0.9977832
IDH1	0.9977654
IDH1	0.9977586
IDH1	0.9977583
IDH1	0.9977556
IDH1	0.99774516
IDH1	0.9977206
IDH1	0.99769866
IDH1	0.9976976
IDH1	0.99768674
CHEK2	0.9976677
IDH1	0.9976502
IDH1	0.9976436
IDH1	0.997632
IDH1	0.99761295
IDH1	0.99760777
IDH1	0.9975755
IDH1	0.9975609
IDH1	0.9975461
IDH1	0.99753875
IDH1	0.9975387
IDH1	0.9975323
IDH1	0.99753195
IDH1	0.9975308
IDH1	0.99752104
IDH1	0.997521
IDH1	0.99752074
MRPS31	0.9974968
MUC16	0.9974751
IDH1	0.99746865
IDH1	0.9974592
IDH1	0.9974578
IDH1	0.9974458
CSMD3	0.9974452
IDH1	0.9974089
IDH1	0.997392
IDH1	0.9973848
IDH1	0.9973591
GRM5	0.9973584
IDH1	0.9973526
IDH1	0.9973483
IDH1	0.997343
IDH1	0.99732774
FEV	0.9973242
IDH1	0.99728024
IDH1	0.99727756
IDH1	0.9972733
IDH1	0.99727076
IDH1	0.9972653
IDH1	0.99726105
IDH1	0.9972595
IDH1	0.9972584
IDH1	0.99725425
IDH1	0.9972542
IDH1	0.99725
IDH1	0.9972373
IDH1	0.9972162
CHEK2	0.99719185
IGF2BP3	0.99718744
IDH1	0.9971755
IDH1	0.99716544
IDH1	0.997156
IDH1	0.9971555
IDH1	0.9971518
IDH1	0.9971507
IDH1	0.99714977
IDH1	0.997142
IDH1	0.99714094
IDH1	0.99714
IDH1	0.99713266
IDH1	0.9971301
NACA	0.99711984
IDH1	0.9971037
IDH1	0.99710286
CCR4	0.99707943
IDH1	0.99707043
IDH1	0.9970576
IDH1	0.99705315
IDH1	0.9970504
IDH1	0.9970436
IDH1	0.9970333
IDH1	0.9970316
IDH1	0.99703133
IDH1	0.9970198
IDH1	0.99701864
IDH1	0.9970125
IDH1	0.9970034
IDH1	0.99700034
IDH1	0.99699914
IDH1	0.99699616
IDH1	0.9969952
FEV	0.99699515
IDH1	0.9969944
IDH1	0.99699384
IDH1	0.9969892
IDH1	0.99698126
IDH1	0.9969703
IDH1	0.9969611
IDH1	0.9969252
IDH1	0.99692065
IDH1	0.9969066
IDH1	0.99690646
IDH1	0.9969007
IDH1	0.99689937
IDH1	0.9968959
IDH1	0.99688756
IDH1	0.99688727
BCOR	0.9968861
IDH1	0.99688196
IDH1	0.99687994
FEV	0.9968798
IDH1	0.99687487
IDH1	0.9968721
IDH1	0.99687207
IDH1	0.99687105
IDH1	0.9968698
IDH1	0.9968594
IDH1	0.99685746
IDH1	0.9968537
CCR4	0.9968425
IDH1	0.99684083
IDH1	0.99683017
IDH1	0.9968261
IDH1	0.99680936
IDH1	0.9968066
IDH1	0.99680257
IDH1	0.99680245
IDH1	0.9968008
IDH1	0.99679947
IDH1	0.9967956
IDH1	0.99679416
IDH1	0.9967915
IDH1	0.99679005
IDH1	0.99677247
FEV	0.99674225
IDH1	0.9967181
IDH1	0.99667853
IDH1	0.9966338
WRN	0.9966313
IDH1	0.99663067
EFTUD2	0.9965966
IDH1	0.9964792
MYH11	0.99642867
FEV	0.99638414
IDH1	0.9963574
IDH1	0.99635595
CCNE1	0.99635357
MUC16	0.99635
MUC16	0.996317
CCNE1	0.9961929
MSH6	0.99571335
MED13	0.99565476
MUC16	0.9955818
IDH1	0.99555635
LSAMP	0.99545383
PTPRB	0.99543905
FEV	0.99533606
EPHA7	0.99527895
BCOR	0.9952488
LCP1	0.995188
EPHA7	0.99516326
TBX18	0.9951176
CCDC6	0.9950621
USP6	0.995049
DICER1	0.9949729
MUC16	0.9949546
MUC16	0.9949475
EP300	0.99492526
AASDH	0.994925
LRRC4C	0.99490345
CYP2C8	0.9947716
H1-2	0.9947658
CADM2	0.9947091
NEGR1	0.99466443
DICER1	0.99460137
KIT	0.9945978
CFH	0.9945306
RBBP8	0.99442816
KIT	0.9943782
BRCA2	0.99437237
A1CF	0.9943211
KIT	0.99422735
PDGFRA	0.9941371
IDH1	0.99408007
KIT	0.9940722
CYP2C8	0.9940716
RHOT1	0.9940312
HMGCLL1	0.99394894
NT5C2	0.9939482
PDGFRA	0.993878
PTPRB	0.9938567
ARHGAP35	0.99384177
NRAS	0.99384075
PDGFRA	0.9938342
KDR	0.9937889
RHOH	0.99370825
COL11A2	0.9936764
CCDC6	0.9936522
FAT3	0.9934959
TRIP11	0.9934844
FEV	0.99342513
IRF5	0.99322295
A1CF	0.9930121
PAX7	0.9930096
NTRK3	0.99297416
SSH1	0.9929151
FAM47C	0.9928165
CHD6	0.99271786
NPAS3	0.9926903
MUC16	0.9926378
TCEA1	0.99257284
TFE3	0.9925264
PDGFRA	0.9924167
TBX3	0.9922693
SVEP1	0.9922191
PTPRB	0.99220353
DLG1	0.9921928
NRAS	0.9921346
TNR	0.9920984
HCN1	0.99203664
BIRC3	0.99198836
FEV	0.9919717
MYO5B	0.99195004
BARD1	0.9919096
MUC16	0.99188316
NBPF20	0.99178606
IDH1	0.9917055
USP6	0.9916835
PTPRB	0.9916401
MUC16	0.9915948
PDGFRA	0.9915865
ERBB4	0.99157715
CCDC6	0.9915485
PDGFRA	0.99154454
PDGFRA	0.99153274
NSMAF	0.9914934
NTHL1	0.9914888
LRRC4C	0.991464
TBX3	0.9914123
FAT3	0.99140155
ASPM	0.99139494
ROBO2	0.99138546
ASPM	0.99130535
IRS4	0.9912881
FEV	0.9912822
TBX3	0.99118984
ASPM	0.99114126
ASPM	0.99111664
CTCF	0.99108094
CCND2	0.9910494
MMP16	0.9910478
PTPRB	0.99104655
TP63	0.9910277
F10	0.9909464
CNTNAP2	0.99094033
GRIN2A	0.99090916
ATRX	0.9908608
PDGFRA	0.9908145
ASPM	0.9907988
DCC	0.99078965
ZNF479	0.99076194
MSL3	0.9907607
MYH3	0.99073404
CACNA1F	0.9906612
WNK2	0.99062985
TFE3	0.9905921
ASPM	0.9905754
TBX3	0.9905617
LRP1B	0.99053043
CNTNAP2	0.99049145
KCNH7	0.9904696
NRXN1	0.99040425
NTRK3	0.9903493
TBX3	0.99033755
ZNF492	0.9903002
ASPM	0.99026585
ASPM	0.99024904
DCC	0.9902174
SCN3A	0.9901827
ASPM	0.99016064
CNBD1	0.9901416
ASPM	0.9901107
ASPM	0.99009377
MUC16	0.99005777
PAPOLA	0.99005485
RAD21	0.99001086
ROBO2	0.9899136
ZNF479	0.9898783
HIP1	0.98987496
SALL4	0.989782
NRAS	0.9897177
POLE	0.98970556
MUC16	0.989702
LMO2	0.9896913
USP9X	0.9895082
ASPM	0.98942155
TFE3	0.9894057
LHFPL6	0.9893631
TBX3	0.98934186
FEV	0.98931223
TRPM1	0.98929244
NTRK3	0.98926723
MUC16	0.9892276
ARSJ	0.98921114
FZD2	0.98918337
ROCK1	0.9891471
SORCS1	0.9891286
CNTNAP2	0.98911667
NRAS	0.9891097
TP63	0.98910064
TNNI1	0.9890949
RGS7	0.9890303
POLG	0.98900896
FAT1	0.98900896
ASPM	0.988975
TBX3	0.9889402
NBEA	0.98891306
CTCF	0.9889048
TGFBR2	0.9887928
CDK4	0.988784
MUC16	0.9887492
NTRK3	0.9887093
ASPM	0.98869693
CCDC6	0.9886808
MYB	0.9886594
TFE3	0.98864
CACNA1D	0.9886348
PDGFRA	0.98862135
ADAMTS9	0.98861724
SALL4	0.98857516
FLNA	0.98856413
LCP1	0.9885268
FLCN	0.98839223
MUC16	0.9883914
MAP3K1	0.9883499
PDGFRA	0.9883184
PDGFRA	0.9882902
ASPM	0.9882819
KNSTRN	0.988269
CTNNA2	0.9882651
MYB	0.9882611
CNTNAP2	0.98815215
FAT3	0.98800343
MYB	0.987952
TFE3	0.987898
RYR3	0.9878807
NTRK3	0.9878097
SH3RF1	0.9877631
GNAI1	0.9877546
ATRX	0.98771363
MAT1A	0.9876842
PDGFRA	0.98766506
KMT2D	0.9876425
TBX3	0.9876135
ROBO2	0.9876019
BIRC6	0.9875831
PDGFRA	0.9875543
FLNA	0.9875482
PDGFRA	0.9874942
KCNMA1	0.9874475
ANK1	0.9874168
KCNJ3	0.9874157
MUC16	0.98735994
CNTNAP2	0.98735887
POLR3A	0.9873268
TAZ	0.9872396
ASPM	0.9872345
FAM47C	0.9871808
FAT1	0.98714054
CTCF	0.9871296
ASPM	0.98702407
CLCN5	0.9870087
TBX3	0.9869413
TFE3	0.98693746
MYO18B	0.9869021
TFE3	0.98687667
FGFR4	0.98685306
LRP1B	0.9868472
MUC16	0.98684555
ERG	0.9868158
DNER	0.9868015
HMCN1	0.9867483
MTOR	0.9866933
TFE3	0.98668617
CD209	0.9866289
SALL4	0.98661023
TFE3	0.9865654
FAM47C	0.986517
WWTR1	0.98650515
LRP1B	0.9864518
TGFBR2	0.9864483
LRP1B	0.98643726
KAT6B	0.9863868
FEV	0.98634386
POLE	0.98628694
ZNF777	0.98625505
IRS4	0.9862226
PDGFRA	0.9861481
TGFBR2	0.9861307
IRS4	0.9861181
MYB	0.98611295
MUC16	0.986101
ASPM	0.9861004
NTRK3	0.9859794
LRP4	0.9859293
CTNNB1	0.9858728
LATS2	0.98581856
MUC16	0.985788
VAV1	0.9857717
BAZ2B	0.9857555
ASPM	0.9857494
LRP1B	0.9857304
RHOH	0.9857279
MUC16	0.98570883
MTOR	0.98570186
ITPR2	0.9856926
FLNA	0.9856915
PDGFRA	0.9856434
MECOM	0.985625
NALCN	0.9856012
BSX	0.98559785
CTNNB1	0.98551685
DGKI	0.98551214
FEV	0.9854828
TGFBR2	0.9854709
CNTNAP2	0.9854502
PDGFRA	0.9854112
PLEC	0.9853773
CTCF	0.9853665
TLE4	0.98536205
MUC16	0.9853425
CTNNB1	0.98531896
CSMD3	0.98531026
MAP3K1	0.98530644
CTNNB1	0.98529387
PLEC	0.9852883
MUC16	0.98528165
CTNNB1	0.9852717
COL3A1	0.98519856
TFE3	0.985197
BCAT2	0.985094
LRP1B	0.98507637
ALOXE3	0.98507565
CTNNB1	0.9850604
KMT2C	0.98504025
SCN3A	0.9849768
EPHA3	0.98497117
COL2A1	0.9849165
CASP3	0.98485094
TFE3	0.9848002
FLG2	0.98478436
ATP7A	0.98478127
MUC16	0.9847688
ZNF429	0.9847622
ASPM	0.9847301
TGFBR2	0.9847282
DCAF4L1	0.9847115
MUC16	0.984612
CTNNB1	0.98457956
TENM1	0.9845656
CCNB3	0.9845561
ZAP70	0.98454595
ARMC4	0.98453707
FAM47C	0.98449975
ASTN2	0.9844978
VAV1	0.98449403
EFTUD2	0.9844846
LRP1B	0.98445034
CTNNB1	0.9844079
CTNNB1	0.98438996
CHD4	0.9843814
COL3A1	0.9843805
DGCR8	0.9842775
PLCL1	0.98423356
GRIN2A	0.9842077
DGCR8	0.98417896
RNF43	0.9841603
CTNNB1	0.9841598
LRRC37A3	0.9841558
CHD4	0.9841518
TGFBR2	0.98413235
NRAS	0.9841001
CTNNB1	0.98403156
CTNNB1	0.9839337
MUC16	0.98393035
TGFBR2	0.98390794
TENM1	0.98389196
MYH11	0.98383987
CTNNB1	0.98382777
TFE3	0.98382396
PRDM14	0.9838235
ROBO2	0.9837315
WWTR1	0.9836923
SGK1	0.9836863
AHR	0.98368436
SMG1	0.9836466
BIRC6	0.9836205
PAX7	0.9835863
STAU1	0.98355615
MUC16	0.983555
TGFBR2	0.98352736
BRCA1	0.9834937
KMT2C	0.98346514
CTNNB1	0.98345524
A1CF	0.9834339
CTNNB1	0.9834147
TBX3	0.9834117
POLE	0.98340297
MUC16	0.9833941
TFE3	0.9833764
GRIN2A	0.9833666
MTMR6	0.98334706
CTNNB1	0.9832882
NTRK3	0.9832875
TGFBR2	0.9832681
NCOA2	0.98325837
NRXN3	0.9832573
CNTNAP2	0.9832466
MUC16	0.9832211
FANCF	0.9831992
CTNNB1	0.9831992
MAP3K1	0.9831319
IRS4	0.98313135
KAT6B	0.98311424
CTNNB1	0.98304874
FAM47C	0.98302794
COL5A2	0.98302644
LRP1B	0.9830058
SOS1	0.9830016
WWTR1	0.982998
CTNNB1	0.98289835
MUC16	0.98286116
TERT	0.98284894
MYB	0.9828368
MYB	0.9828092
ERBB4	0.9827978
NKX3-1	0.982782
MGMT	0.9827761
MYB	0.98277324
MUC16	0.9827336
MYB	0.9826873
CNTNAP2	0.9826268
HOMER3	0.982575
MUC16	0.9825628
GNAQ	0.98255396
KMT2C	0.98252404
GNAQ	0.9824695
CORIN	0.9824517
CSMD3	0.9824498
ASPM	0.9824174
CTNNB1	0.9823974
UBR5	0.9823425
STIM1	0.98231477
CTNNB1	0.98225766
GNAQ	0.9822407
COL11A1	0.9822108
SULT1A1	0.98219556
MUC16	0.9821854
MAML2	0.98218507
RGS7	0.98214763
CD209	0.9821131
FBXO11	0.98208934
TFE3	0.9820877
KAT7	0.98206615
FAM47C	0.9820634
HGF	0.9820592
NRAS	0.98200524
OSR1	0.98197806
GNAQ	0.9819778
PLEC	0.9819565
MUC16	0.9819351
TSC2	0.98193336
ANK1	0.981931
UNC13C	0.9819053
TFE3	0.98188436
GRIN2A	0.98188263
CSMD3	0.9818544
FNBP1	0.9818524
LRP1B	0.9818475
FAM47C	0.9817563
MYB	0.98173934
MUC16	0.98171395
MUC16	0.98170906
EIF3E	0.9816844
ANK1	0.981683
FAM47C	0.9816665
RAP1GAP	0.9816206
ANK1	0.9816172
CHD4	0.98161304
HCLS1	0.9816086
NALCN	0.98160154
CHD4	0.9815532
LRP1B	0.981551
KMT2D	0.98149157
GNAQ	0.98148876
MYB	0.9814841
HGF	0.98132944
KMT2D	0.98127246
PTPRK	0.9812497
TBX3	0.9812275
KMT2D	0.9811952
ANK1	0.9811767
ASPM	0.98114705
KMT2D	0.9810816
LARP7	0.98105305
NIN	0.9810433
MUC16	0.9810401
MYB	0.98103833
MYH11	0.98103386
ANK1	0.98100334
IRS4	0.9809718
NTRK3	0.9809186
TFE3	0.9809042
PTPRD	0.98089427
NDUFAF7	0.9808143
MUC16	0.9808089
MAP3K11	0.98079896
TFE3	0.98079735
DCC	0.9807783
A1CF	0.9807651
ZNF540	0.98073226
KMT2D	0.9807217
NTRK3	0.98070306
MAGED2	0.98068756
TFE3	0.9806826
HTR7	0.98062044
CNTNAP2	0.9805641
B4GALT6	0.9805605
PITX2	0.9805059
PTPRD	0.9805009
SYNE1	0.980483
NRIP1	0.98045903
EPHA7	0.9804363
CTNNB1	0.9803565
LRP1B	0.9803494
MUC16	0.98032373
TAF5L	0.9803083
MUC16	0.9802899
EPB41L2	0.98027414
MUC16	0.9802183
CTNNB1	0.9802137
KMT2D	0.9801766
CD209	0.98013544
ALX4	0.9801342
CTNNA2	0.98012245
FAM47C	0.9801032
MAP3K1	0.98001796
KLHL30	0.9800042
IDH1	0.97995454
NTRK3	0.9799415
KMT2D	0.979872
CSMD3	0.9798591
GPC3	0.9798562
GABRR2	0.9798558
MUC16	0.97985566
NTRK3	0.9797569
MYB	0.97973955
NBEA	0.97966415
CTNNB1	0.97964776
CNTNAP2	0.97962266
FOXA1	0.97960305
OR5M3	0.97956914
VTA1	0.97952175
NCOA4	0.9794876
HSDL2	0.979469
CDH1	0.9793949
SMAD2	0.9793876
GRIN2A	0.97937346
GRIN2A	0.9793677
MUC16	0.97936714
TFE3	0.97936106
SOX17	0.97931385
MUC16	0.97928834
SOS1	0.979283
TNC	0.97926044
ALMS1	0.97923917
KAT6B	0.9792328
MUC16	0.9792116
CNTNAP2	0.9791817
CTNNB1	0.9791728
HSP90AA1	0.97913265
LAMA4	0.97911096
CDH1	0.9791103
ECEL1	0.9790983
SOX3	0.97907436
CNTNAP2	0.97907084
PHF2	0.9790695
TNC	0.97904414
PTPRB	0.97902954
KMT2D	0.979016
PTPRB	0.9789881
RAB30	0.97897696
F13A1	0.97896725
KMT2C	0.97891533
MUC16	0.9789074
PDGFRA	0.97887576
NCOA2	0.97886515
CTNNB1	0.9788102
DCX	0.97880334
TMC1	0.9787721
CDH2	0.9786804
F13B	0.97867155
ERBB4	0.9786383
ERG	0.9786221
CTNNB1	0.97859883
LRP1B	0.97856927
DGCR8	0.97855836
LRP1B	0.9785569
ATP2B3	0.9785513
FAT3	0.9785407
LRRC7	0.97853565
CTNNB1	0.97853297
NRAS	0.9785327
LEF1	0.9785309
DROSHA	0.97851276
GNAQ	0.9785034
NID1	0.9784871
GABRG2	0.97847944
FAT3	0.97840935
FAT3	0.97838986
LRP1B	0.9783867
PICALM	0.978366
FAT3	0.97833955
PBRM1	0.9783291
ERG	0.9783063
NEMP1	0.97829896
CHD6	0.97825915
TFE3	0.97825795
CNTNAP2	0.9782474
OLIG2	0.9782147
LRRC66	0.9781909
GPC3	0.9781693
HERC1	0.9781407
MUC16	0.9781343
COL3A1	0.97812194
PTPRD	0.9781086
LRP1B	0.9780897
RAB6D	0.97803
NTRK3	0.9780208
MYH9	0.977972
GPC3	0.9779401
TET1	0.97793275
LRP4	0.9779082
CNTNAP2	0.977889
LRP1B	0.9778866
MUC16	0.9778683
ZSWIM5	0.9778266
PAX7	0.97779256
PCDH15	0.9777113
CTNNB1	0.97769505
RNF43	0.977686
LRP1B	0.97767943
CACNA1E	0.9776733
DGKI	0.97760904
FLNA	0.9775465
EPHA3	0.9775184
KCNJ5	0.9775054
NUP214	0.9774801
NALCN	0.97743255
NTRK3	0.9773709
STAG1	0.9773102
PTPRB	0.97730756
LRP1B	0.97727865
COL3A1	0.9772535
CSMD3	0.9772531
COL3A1	0.9772156
EIF3E	0.97713673
MYB	0.9771309
GLRA2	0.97708786
LEF1	0.9770784
TP63	0.9770441
MUC16	0.97702193
HSPA12A	0.9770174
FOXA1	0.97698283
CSMD3	0.97691107
MUC16	0.97685724
TFE3	0.9768455
PCDH15	0.9768442
SLIT2	0.9768415
MUC16	0.9768356
TFEB	0.97683424
MUC16	0.97682303
CTNNB1	0.976822
DNAJC5G	0.97681373
AARS1	0.976764
PABPC1	0.9767573
CTNNA2	0.97667867
GPC3	0.9766269
A1CF	0.9766038
POLR2B	0.9765212
PRKD1	0.9765058
MGMT	0.97645783
CTNND2	0.9764293
TNC	0.9764128
LRP1B	0.9763923
CTNNB1	0.97633225
ANK1	0.9763293
CNTNAP2	0.9763285
CTNND2	0.976323
CTNND2	0.97628146
MUC16	0.97626513
UBR5	0.9762633
KMT2C	0.9762598
CTNNB1	0.97624904
CSMD3	0.9762293
SMAD4	0.97621727
GPC3	0.9761962
EGF	0.97611964
CTNNB1	0.9760961
LINGO3	0.9760895
NTRK3	0.976075
EFCAB12	0.97606343
CTNNB1	0.976015
TNC	0.97599596
LRRK2	0.9759427
CTNND2	0.9759282
CSMD3	0.9758812
GFRA1	0.9758709
HLF	0.9758612
FAM20B	0.97584665
CNTNAP2	0.9758003
MTR	0.9757889
FAM47C	0.9756553
GRM3	0.97565436
NRXN1	0.9756341
C12ORF42	0.97561
PAX7	0.9756083
UBR5	0.97558534
PTPRD	0.97556484
PTPRT	0.9755617
ASPM	0.9755537
FOXA1	0.97551703
JAK2	0.975499
PRKD1	0.97548807
KMT2C	0.9754389
HTR7	0.97541904
ASPM	0.9753899
CNTNAP2	0.975351
CSMD3	0.9753361
ERBB4	0.9753216
CTNNB1	0.97525257
DDR2	0.9751966
TFE3	0.9751866
PTPRK	0.97517353
LRP1B	0.9751053
ASPM	0.97503597
LRP1B	0.9750305
LRP1B	0.9750238
CTNNB1	0.9750115
PASK	0.97499704
GPC3	0.9749924
ENPEP	0.9749858
IVL	0.97498494
OCM2	0.97489846
LATS1	0.9748984
TRIL	0.9748898
WWTR1	0.97488
CDH10	0.9748635
TBX3	0.97486216
BRCA2	0.97486097
CSMD3	0.9748317
TSPAN12	0.9748304
TBX3	0.97482306
SLC4A10	0.9748192
ZNF786	0.9747141
PTPRK	0.9747027
FZD4	0.974687
CSMD3	0.9746487
TOP2A	0.97460973
FAT4	0.97457016
LZTR1	0.97452563
MUC16	0.9744367
POLQ	0.9744054
IRS4	0.9743986
OR12D2	0.9743335
TRIP11	0.9743255
PRKD1	0.97429705
ANK1	0.9742712
ARAF	0.97423863
LRRC7	0.9741644
CDKN2C	0.97415936
PHB2	0.97413325
SH3KBP1	0.9740883
TRIM37	0.97404927
CTNNB1	0.9739581
BAZ1A	0.973905
SIPA1L3	0.9738905
FAM47C	0.97386616
STOML3	0.97381544
CDK4	0.9738112
MYB	0.97375554
CTNNB1	0.9736862
KCNJ5	0.973679
PLEC	0.9736709
CD209	0.97365797
CACNA1E	0.9736338
RHOH	0.9736311
CTNNB1	0.9735798
CTNNB1	0.9735695
FAM47C	0.9735322
PRPF8	0.97350836
MMUT	0.9734726
KMT2C	0.9734612
NBEA	0.97345746
COL4A2	0.9734424
CTNNB1	0.97343695
CTNNB1	0.9734364
SVEP1	0.97340935
NBEA	0.9733706
ATR	0.9733511
LRP1B	0.9733431
KMT2D	0.9733249
CNTNAP2	0.97329015
CSMD3	0.97327614
LRRC7	0.97326887
CDC73	0.9732127
TBX3	0.97318536
MYH11	0.9731639
MUC16	0.9731226
MUC16	0.97308576
ANK1	0.9730625
FAM47C	0.97299814
ATP2B3	0.97292495
DDR2	0.9729124
NBEA	0.97291183
MUC16	0.97289866
CTNNB1	0.97287023
DHTKD1	0.97286433
SSX1	0.97282755
FBLN2	0.97279817
MUC16	0.97279674
CNTNAP2	0.97275305
PAX5	0.9727405
CSMD1	0.97272515
NRAS	0.9727151
MUC16	0.9727149
RFX1	0.9727122
TFE3	0.97269326
LRP1B	0.9726787
PRDM2	0.97265565
CTNND2	0.97259337
GNAQ	0.9725869
LRRC7	0.97256696
CTNND2	0.97253317
ATP1A3	0.9725261
GRM3	0.9724962
TBX3	0.9724718
FAM47C	0.97247094
XPC	0.97243184
PLEC	0.9724089
KTN1	0.972402
GYS2	0.9723699
CSMD3	0.9723521
CSMD3	0.9723489
MUC16	0.97234565
GNAQ	0.9722537
CSMD3	0.9722265
ASPM	0.9721923
IRS4	0.97216344
NBEA	0.97215533
GRM3	0.97209936
CSMD3	0.97205204
ADGRB3	0.97201926
BUB1B	0.9720149
TFE3	0.97199553
RIT2	0.97199214
IRS4	0.9719685
ATP2B3	0.9719623
MUC16	0.97195303
ZFHX3	0.9719378
SETD2	0.9719215
CTNND2	0.9719034
FAT3	0.97182304
GNAS	0.97182286
ERG	0.97180563
FAT3	0.97175765
GATA2	0.97170573
SSX1	0.97168905
JAK1	0.9716037
FAT3	0.9715968
BIRC6	0.97159547
ATRX	0.97155577
CTNNB1	0.97152865
NCOR1	0.9714702
TBX3	0.97144
CSMD3	0.9714318
CTNND2	0.9714114
JAK1	0.9713989
LRP1B	0.971389
NCOA4	0.97137547
FGF18	0.9713754
GATA3	0.971333
MSN	0.97133225
STXBP4	0.9713205
SALL4	0.97130287
EPHA7	0.97126985
BUB1B	0.9712555
GET1	0.9712466
EPHA7	0.9712333
CTNNB1	0.9711977
CTNNB1	0.97118944
MUC16	0.9711751
CSMD3	0.9711724
ELN	0.971168
CDC73	0.9711518
IDH1	0.97108877
SIN3A	0.97105825
MUC16	0.9710561
CTNNB1	0.970946
CDC73	0.9709116
NTRK3	0.97086334
NBEA	0.9708614
ATAD5	0.9708399
BMP5	0.97082865
ZSCAN21	0.97080386
MUC16	0.9707938
MTMR4	0.97077376
SORCS1	0.970764
FAT3	0.9707408
ACTL8	0.97070855
PIK3R1	0.9706972
NTRK3	0.970676
NBEA	0.9705931
LRP1B	0.9705583
EFNB2	0.9705094
LARP7	0.97047734
ZNF521	0.97043985
MUC16	0.9704252
CTNNB1	0.970399
DNAJC6	0.9703825
MMRN1	0.9702323
TNC	0.9702262
RPS6KA5	0.97021186
TNC	0.9702048
PTPRD	0.9701422
NBEA	0.9700863
FOXA1	0.97007114
MYH7	0.9700424
ACSL6	0.97003627
EREG	0.9699975
CTNNA2	0.96999097
RNF19A	0.9699832
DNAJC6	0.9699547
BUB1B	0.9699248
CSMD3	0.96989906
BUB1B	0.9698691
ATP2B2	0.9698661
CTNNB1	0.9698303
F8	0.96978414
LRP1B	0.9697449
LRP1B	0.96973264
LZTR1	0.9697145
CTNNB1	0.9697014
ZNF354A	0.96967876
CDK12	0.969645
DCC	0.9695628
NBEA	0.96954
MUC16	0.96953595
NCOR1	0.9695295
TFE3	0.96951973
CNTNAP2	0.9695085
GATA3	0.9694477
BUB1B	0.9694262
TSFM	0.9693675
FOXA1	0.9693045
GRM1	0.96924156
CPE	0.9692296
TNPO3	0.9692171
WWTR1	0.9692086
MYB	0.9692037
TRIM58	0.96917
CDH2	0.9691455
HOXD3	0.96913964
CTNNB1	0.9691245
ARHGAP26	0.96912426
TFE3	0.96910477
MUC16	0.969103
NRAS	0.9691019
CTNNA1	0.9690793
HRNR	0.969072
CPXM1	0.9690526
CHST8	0.9690164
OR2A5	0.96897876
C9ORF50	0.96896553
ABL2	0.9689644
OR5AN1	0.968948
TET3	0.96889484
GRM3	0.9688906
CTNND2	0.9688795
MYH11	0.9688775
MAGEB2	0.96887416
NUP214	0.9688318
EPHA3	0.9688254
FAM184A	0.9688156
LRP1B	0.96878105
FRMD4A	0.96876353
ZNF479	0.9687635
CTNNB1	0.96862406
CNTNAP2	0.96861595
GABRB2	0.9685309
HGF	0.9685245
CSMD3	0.96850824
SETDB1	0.9684487
DSG1	0.9684332
PTPN11	0.968362
IKZF1	0.96834105
MUC16	0.9683396
CFAP69	0.9683151
GABRB3	0.96831423
CALN1	0.9682894
ITGA8	0.9682845
RTCB	0.96824145
UBR4	0.96823865
FLT1	0.96823406
KAT6B	0.9682093
MUC16	0.96816033
WRN	0.9681483
GNAQ	0.9681171
CTNND2	0.9681164
SETD2	0.9681046
PAX7	0.96809334
CSMD3	0.96808535
EPHA7	0.9680161
GNAQ	0.9679782
MUC16	0.96794504
SETDB1	0.9679261
SVEP1	0.9679205
CDKN2C	0.96790266
S100A7	0.96783143
LRRTM1	0.967757
PLXNA2	0.9677519
MYH2	0.9677227
PTPN5	0.96771437
HGF	0.96767455
ABCE1	0.9676706
ATR	0.9676466
SETDB1	0.9676317
SLC8A3	0.9675312
RSPO3	0.9675239
ANK2	0.9674811
ZNF536	0.9674306
CNTNAP2	0.96739525
FAT3	0.96738905
ERBB4	0.96738595
CSMD3	0.96738106
TCF4	0.96738005
SMO	0.96737033
RAP1B	0.96735847
COL2A1	0.96735585
TCF12	0.9673436
GRM3	0.9673357
JAK2	0.96731114
CTNNB1	0.9672653
FOXA1	0.9672334
PTPRD	0.96722704
ZFHX4	0.96722686
PLEC	0.9672248
A1CF	0.96722305
PLEC	0.96715647
CFAP65	0.96715516
ZNF479	0.9671287
EPRS1	0.9671284
PREX2	0.9670892
ERBB4	0.9670873
TFE3	0.9670754
ALDH1L1	0.96706915
TFE3	0.9670656
CPS1	0.96706486
CACNA1B	0.9670471
FAT3	0.9670229
LRP1B	0.9670224
BMP5	0.96702224
ZNF479	0.9670171
CTNNB1	0.9669805
SCN2A	0.9669774
CTNND2	0.9669194
MDGA1	0.9669146
PAX8	0.96688306
POLE	0.9668089
CSMD3	0.96678376
BUB1B	0.96676284
HDLBP	0.966745
ZEB1	0.96672976
ZFHX3	0.96672666
CSMD3	0.966701
CSMD3	0.96668106
MUC16	0.96662
TNC	0.96661854
GIMAP4	0.9666029
STXBP5L	0.96659964
TNS2	0.9665951
CTNNB1	0.96653295
CCND2	0.96652144
KCNH7	0.9665125
PTPRD	0.96649843
CSMD3	0.9664774
USP12	0.9664582
CSMD3	0.9664486
MYO5A	0.9664075
ERG	0.9663739
SMAD3	0.9663492
PTPRB	0.9663336
KDM6A	0.96633273
IRS4	0.966322
PTPRD	0.96629924
NBEA	0.96629405
TNC	0.9662142
EPHA4	0.9661955
NBEA	0.9661728
ATP2A2	0.966147
NBEA	0.9660667
BIRC6	0.9660525
MUC16	0.9660286
NCOA2	0.9659725
CTNNB1	0.9659432
MYCN	0.9659348
MUC16	0.96593034
CLCA2	0.965924
TNRC18	0.9659048
MUC16	0.965877
GRAP2	0.9658165
NBEA	0.9658098
PTPRT	0.9658062
NBEA	0.96576965
CACNA1D	0.9657642
CSMD3	0.96566975
CTNNA2	0.96560067
MUC16	0.9655842
GNAQ	0.9655827
MUC16	0.9655817
RRP8	0.965575
DGKI	0.9655661
KCNA10	0.96554726
TRPM2	0.96554613
DICER1	0.9655002
SLC25A12	0.9654708
ANK1	0.96545804
CSMD3	0.9654376
CD209	0.9654374
BRD4	0.96539223
CSMD3	0.96537656
FAT3	0.96535057
GAS7	0.96529204
ERG	0.9652815
GRIN2A	0.96526396
ASPM	0.965214
NOTCH2	0.9652024
NBEA	0.96519846
TFE3	0.9651668
IFT88	0.96513784
ZNF521	0.9651337
MYH11	0.9651291
MECOM	0.9651246
SLIT3	0.9651172
TNS2	0.96510476
HERC2	0.9651005
NBEA	0.9650845
PLEC	0.96506906
MYB	0.9650641
INPP5F	0.9650214
KDR	0.96501833
IGFBP5	0.9650113
ATRX	0.96500665
FTO	0.9649793
NPAP1	0.9649467
AKAP11	0.96493596
KMT2D	0.96488553
PTGFRN	0.9648716
MYB	0.96484685
KCNH2	0.96483725
ABL2	0.9648304
STOML3	0.96482795
LARP7	0.9647795
MUC16	0.9647731
PALB2	0.96476185
RIMS2	0.9647477
NBEA	0.9646987
DCAF12L2	0.9646917
SNCAIP	0.9646845
BUB1B	0.9646334
RIT1	0.9645066
MYH11	0.96442235
TMEM131	0.9643943
FRMD4A	0.9643913
CTTNBP2	0.96435905
ELN	0.9643495
CHD7	0.9643446
CSMD3	0.964339
AXIN2	0.9643021
UBR5	0.96426046
TSHR	0.96426016
SPATA22	0.96425045
NFATC2	0.96424353
TJAP1	0.9642345
CSMD3	0.964218
KCNA10	0.9642033
MUC16	0.96419895
MUC16	0.96419835
KIF1C	0.9641862
JAK2	0.9641459
RNASE6	0.964137
CSMD3	0.9640957
MLLT10	0.9640555
FBN1	0.96404815
RABEP1	0.9639971
TFE3	0.9639927
VWCE	0.9639689
DNMT3A	0.963915
AFF3	0.9639107
FAM78B	0.9638361
FAT3	0.9638273
LRP1B	0.96382093
POT1	0.9637992
EPX	0.96379024
KIR3DL3	0.96379
CTNNB1	0.96376395
ERBB4	0.9637569
CNTNAP2	0.9637472
EMSY	0.9637454
AFF3	0.9637224
MUC16	0.96371603
PDGFRB	0.9636834
IFNGR2	0.9636365
DPAGT1	0.9636221
ERBB4	0.96361446
SETDB1	0.9636092
SVEP1	0.96357965
NONO	0.9635682
NKX2-4	0.96355945
MYLK4	0.96355075
SLC39A12	0.9635439
PHF3	0.96354
CSMD3	0.9635339
BAX	0.9635248
DCAF12L2	0.9635244
MUC16	0.96352136
PBRM1	0.96350294
KCNH2	0.9635004
NUP98	0.9634875
CREBBP	0.9634763
CNOT4	0.9634742
BAX	0.96343607
FAM241A	0.9633869
NFATC2	0.96336114
KIF1C	0.9633536
CTNNA2	0.96332633
SEL1L	0.963292
ACVR1B	0.9632564
BRIP1	0.9632371
LRP1B	0.9632352
BUB1B	0.96322757
PDGFRB	0.9632267
MUC16	0.9632213
FAT3	0.9632077
PHEX	0.96318495
POLQ	0.9631557
CDC73	0.96312135
WWC3	0.96311545
NDST4	0.9630746
ASXL2	0.96307176
CNTNAP2	0.9630695
NBEA	0.9630628
NRAS	0.96301675
NSD3	0.9630031
CSF1R	0.9629913
POLQ	0.9629805
SP5	0.9629755
SSX1	0.9629717
WWC3	0.962953
COL1A1	0.96293217
SPECC1L	0.96292627
MSL3	0.96287465
PYGL	0.96278936
GRIN2A	0.96277577
IRS4	0.9627535
ZEB1	0.962731
FHOD3	0.96271956
CTNNB1	0.96271545
CHRNA4	0.96270543
HOXD10	0.96269745
MUC16	0.96269524
EXT2	0.96267587
ANK1	0.96264994
CACNA1D	0.96263814
ZNRF4	0.9625986
ITSN1	0.96257836
SND1	0.9625675
DGCR8	0.96255916
DGCR8	0.962554
EPHA3	0.96254647
NR1H4	0.96254486
SSX1	0.9625397
ZNF479	0.9625261
CTNNB1	0.962526
CDH11	0.9625219
STAG2	0.9625034
NBEA	0.9624992
GATA3	0.9624547
PREX2	0.9624416
CSMD3	0.9624366
MYB	0.9624342
EPHA7	0.9624166
CTNNB1	0.9624129
NRG1	0.96240234
CTNNB1	0.9623955
ERCC4	0.9623939
MUC16	0.96238244
MUC16	0.9623573
CDKN2C	0.9623496
DCAF12L2	0.962327
DDX10	0.96224153
DGCR8	0.96222705
LRP1B	0.9621793
CTNNB1	0.9621221
CSMD3	0.96212053
NUP214	0.96206003
MSTN	0.9620536
CSMD3	0.9620394
CNTNAP2	0.9620135
BRIP1	0.9619987
CREBBP	0.96199006
ZEB1	0.9619661
PIK3C2A	0.9619621
CTNND2	0.9619606
MUC16	0.96194243
BCL3	0.9619321
CACNA1E	0.96192
PTPRD	0.9618882
ZEB1	0.9618747
LRP1B	0.9618662
LRP1B	0.96183807
COL2A1	0.9618246
ZNF292	0.961822
ANK1	0.96181124
LRP1B	0.96177185
FAT2	0.9617091
TFE3	0.9617062
MUC6	0.96168506
PRKD1	0.9616625
FBN1	0.9616325
FAT3	0.9616282
CDH11	0.96156925
PRPF31	0.9615648
ALK	0.96155477
TP63	0.96155155
FOXA1	0.96154076
MGAT2	0.9615281
PLEC	0.96151185
ZMAT4	0.9614548
MED12	0.96139294
COL2A1	0.96138155
SLC4A5	0.9613794
MUC16	0.9613577
EPHA7	0.961347
GRM3	0.9613364
KMT2C	0.96131647
PFKP	0.96131283
TENT5C	0.9613056
PDZRN3	0.9612536
MUC16	0.961209
ZEB1	0.96120024
PDGFRB	0.96119624
TEKT1	0.9611773
CDC73	0.9611304
HTR7	0.9611022
KCNA1	0.96108
ABCA1	0.9610723
SMAD4	0.9610705
ZEB1	0.9610528
LRP1B	0.96103054
BRIP1	0.96101576
ZNF236	0.9610011
SETBP1	0.9609688
COL2A1	0.9609557
NCOA2	0.9609476
WRN	0.96093863
CSMD3	0.9608943
TRIP11	0.96088487
ADAR	0.960872
STAG2	0.9608486
ACIN1	0.9607519
SMAD2	0.9607441
ACKR3	0.9607018
ASF1B	0.960696
TGFBR2	0.96063304
SETD2	0.96063024
ZNF479	0.96059644
ATR	0.96056116
USP49	0.9605386
MECOM	0.9605334
GABRB3	0.9605198
MUC16	0.96051013
DCAF12L2	0.9604892
ERG	0.9604876
SMAD4	0.9604612
MUC16	0.9604504
BRIP1	0.9604417
RBM46	0.96042866
PCP4L1	0.96041965
ST6GAL2	0.9604038
CSF3R	0.96038496
PTH1R	0.9603837
NBEA	0.96034056
ASPM	0.96029717
COL2A1	0.9602887
CPXM2	0.9602811
COL1A1	0.9602756
JAK1	0.96022785
CCT5	0.9602049
SLIT1	0.96018845
ROBO2	0.96017504
ASXL2	0.96012974
PTPRB	0.9601171
MUC16	0.96007043
RCN3	0.95999646
MUC16	0.9599757
DOCK9	0.9599521
DNA2	0.95994407
DCAF12L2	0.95993
DNMT3A	0.9599234
CD163L1	0.9599194
GRM3	0.9599136
COL6A3	0.959821
DCAF12L2	0.95981324
ZNF606	0.9597979
KDM4A	0.95978945
ASPM	0.9597854
KDR	0.9597662
CRTC3	0.95975673
SATB2	0.95975244
LRP1B	0.95970684
BIRC6	0.9596915
CSMD3	0.9596839
TREML1	0.95966804
PLK1	0.9596565
BUB1B	0.9596402
GLG1	0.9596316
ERG	0.9595458
ATR	0.9595334
TPH2	0.95952946
SMARCAD1	0.95948136
ST6GAL1	0.95946586
GNAQ	0.9594143
MUC16	0.9594039
CDC73	0.95938814
IKZF1	0.95938045
SMARCAD1	0.9593139
CSMD3	0.95929974
AC005833.1	0.9592892
PRPF40B	0.9592754
DNAJB1	0.9592668
ATOX1	0.9592205
MUTYH	0.959211
CSMD3	0.9591944
PWWP3B	0.95919174
PDGFRB	0.9591893
TLE1	0.95918643
ERBB4	0.95917594
AXIN1	0.95915294
CSMD3	0.959132
MUC16	0.95911264
TDP1	0.9590629
CSMD3	0.95903707
NR2F1	0.9589559
SEMA3A	0.9589196
POLQ	0.95889056
CRY1	0.9588707
MTMR2	0.95884645
MSN	0.9587598
ERBB4	0.95875776
NPRL2	0.9587559
ATR	0.95874864
ERBB4	0.95868653
ZEB1	0.9586862
HELZ	0.95865387
CNTNAP2	0.9586409
MED12	0.95863044
SUFU	0.9585836
MYH11	0.95855695
GRM3	0.9585468
MYH11	0.95853776
CSMD3	0.95853597
CSMD3	0.9584928
GRID2	0.95847756
COL2A1	0.958473
FDPS	0.9584351
CDK20	0.9584065
BRIP1	0.95838994
LRP2	0.95837677
ARFGEF1	0.9583032
N4BP2	0.95820856
BRIP1	0.9581781
DPPA4	0.9581727
ZNF521	0.9581012
TENM2	0.9580762
CNTNAP2	0.958053
PCDHB14	0.9580516
ARFGEF1	0.95803183
CSMD3	0.9580259
FAT3	0.9580035
GRIN2A	0.95798165
PDGFRA	0.9579779
PCDH19	0.9579266
MAF1	0.95792645
ROBO2	0.9579261
CTNND2	0.9579208
ANK1	0.9578821
NUP214	0.9578814
ATR	0.9578802
BUB1B	0.95785624
ERG	0.9578445
ERBB4	0.95780104
SEL1L2	0.9577982
DLX1	0.9577856
GRM3	0.9577096
GRIN2A	0.95766914
GRM1	0.95759183
CDC73	0.9575434
POLA2	0.95753014
BCL3	0.95752895
MYH11	0.9575241
SCN1A	0.957496
MDM4	0.95749056
ZNF254	0.95748633
BRIP1	0.9574677
BUB1B	0.9574505
ERBB4	0.95741946
CDC73	0.9574112
ZEB1	0.9573937
WRN	0.95738906
PRPF40B	0.9573831
ATR	0.95737666
PLEC	0.95736015
FH	0.95734996
ZNF479	0.9573172
RUBCN	0.95730174
STAG2	0.95727617
ATRX	0.95726717
GEN1	0.95726717
FAM47C	0.9572422
CSF1R	0.9571913
ZBTB25	0.9571836
FCRL4	0.9571692
FAM135B	0.95715874
CPS1	0.9571549
NSD3	0.9570831
HIBCH	0.9570241
ADAMDEC1	0.95701927
CSMD3	0.95701003
MUC16	0.9569995
NRAS	0.95699924
SPATA9	0.9569808
RUNX1T1	0.9569684
ABCC4	0.9569204
LRP1B	0.95689785
PDGFRA	0.95688885
NPEPL1	0.95688605
PDGFRB	0.9568695
CNTNAP2	0.9568437
NRG1	0.9568243
CDK4	0.95681775
EPHB1	0.9568071
GRIK2	0.9567923
CTNNB1	0.9567596
ATR	0.95675033
SPEN	0.95672584
LMNA	0.9566523
RBM10	0.9566154
PHOX2B	0.9566043
PDGFRA	0.9565779
MSH6	0.95656514
APC	0.9565084
CTNNB1	0.95650345
PUM1	0.95649976
ZNF521	0.9564903
LRP1B	0.9564853
FAT3	0.95646507
MUC16	0.9564634
MUC16	0.95645845
MUC16	0.9564053
PTPRT	0.9563759
PHOX2B	0.9563685
FNDC3B	0.9563328
ATRX	0.95630246
STARD13	0.9562949
ERG	0.95627207
ZEB1	0.9562357
APC	0.9562189
MUC16	0.9561995
PTPRB	0.9561962
FAT4	0.95615935
TSHZ3	0.9561219
ZEB1	0.9560435
ZEB1	0.9559817
CSMD3	0.95596915
CNTNAP2	0.95596606
IKZF1	0.9559595
TSC1	0.9559557
FAT3	0.95593894
TUBGCP5	0.9559311
CNTNAP2	0.955931
RXRA	0.9559006
BRIP1	0.95588833
ATRX	0.95586294
PTPRB	0.95583326
CYRIA	0.9558213
OR4M1	0.9557934
PIK3CB	0.9557543
ANO6	0.9557445
ASPM	0.9557295
GOPC	0.9556787
FBXO11	0.95566607
CSMD3	0.9556602
CSMD3	0.9556447
MUC16	0.9556198
CSMD3	0.9556069
OPHN1	0.9555993
CDC73	0.95554197
CIITA	0.9555072
LRP1B	0.9554824
CNTNAP2	0.95547765
GJB2	0.95542586
CCT8L2	0.9554242
LRP1B	0.95540404
ARSK	0.9553555
ZMYND12	0.9553524
AFF2	0.95534384
EIF3E	0.95533246
NFIB	0.9553158
CTNNB1	0.95530236
PIK3R1	0.9552617
BUB1B	0.9551924
FBN2	0.95518494
TFE3	0.9551559
CDC73	0.95511806
MYH11	0.95508283
CTNNA1	0.9550037
RBM10	0.9549992
NRAS	0.9549805
ZRSR2	0.95497227
ASPM	0.9549594
DUSP6	0.9549282
NLRP11	0.95491105
KMT2D	0.95490193
KIT	0.95486546
ELL	0.9548601
CDC73	0.95481974
MUC16	0.95480424
EPHB4	0.95479816
CSMD3	0.95472777
ZNF331	0.95471025
PTPRD	0.9546959
PKHD1	0.95466244
JAK2	0.95466137
NCOR1	0.95464724
FAM47C	0.9546466
BRIP1	0.9546395
SPTA1	0.9546338
MUC16	0.9546319
SEMA6D	0.9545902
HEATR5A	0.95458025
MYH11	0.95455855
SETD2	0.9545343
FAM47C	0.95449734
GRM3	0.95449054
MUC16	0.9544884
CSMD3	0.95447147
STAU1	0.95443356
KLHL28	0.9543813
BCL11B	0.95437926
CDK12	0.9543391
MUC16	0.9543383
ACTA2	0.95433414
GRIA2	0.9543252
LRP1B	0.9542907
PCDHGA6	0.95425373
MAGEC3	0.95424795
KDM5A	0.9542289
NPAS3	0.9542175
MUC16	0.95418715
ATRX	0.9541688
ATP9B	0.9541437
SESTD1	0.9540405
BUB1B	0.9540163
CBLB	0.95399904
BIRC6	0.953952
BIRC6	0.9539426
MED12	0.9539367
DYNC1I1	0.9539092
GATA3	0.95390576
CSMD3	0.9538742
SF3B1	0.95383984
CSMD3	0.95383084
CNTNAP2	0.9538182
PIK3CB	0.9538133
MED12	0.95380664
ATAD2	0.9538031
BRIP1	0.9537874
TIMP3	0.9537768
CSMD3	0.95377594
TET1	0.9537523
PIK3CB	0.9537379
TTC37	0.9537358
GRIN2A	0.95372856
TRPV6	0.9537279
WWTR1	0.9536728
PTPRC	0.9536658
DCAF12L2	0.95365626
BRIP1	0.9536149
TNC	0.95360607
DCTN1	0.95358974
ASPM	0.9535828
ATG2A	0.95357984
NBEA	0.95357436
CNTNAP2	0.95357186
MASTL	0.95353884
EPHA7	0.95347023
LRP1B	0.9534405
TFE3	0.95343256
EPHX1	0.953423
MAGI3	0.9533857
OPRL1	0.95337516
BCL11B	0.9533594
PLEC	0.95334595
GRIN2A	0.95333916
SMAD4	0.9533306
C1GALT1C1	0.9533141
CTNNB1	0.95330065
FOXI1	0.95328254
WRN	0.95325816
PDGFRA	0.9532562
BAZ1A	0.9532505
SHPRH	0.9531599
PDGFRA	0.9531544
PDGFRB	0.9531029
CHD2	0.9531026
ASPM	0.95308894
ZEB1	0.9530825
GDNF	0.953004
BRIP1	0.9530011
CBLB	0.9530006
NCOR1	0.9529716
PPIG	0.95297146
UBE3A	0.95297045
BRIP1	0.9529642
WDFY3	0.9529518
CDKN2C	0.9529279
NTRK3	0.9529221
CNTNAP2	0.95291764
VAV1	0.952915
TRPC4	0.9529149
MYH11	0.95289993
KDR	0.95288664
SEC24A	0.95288366
H2BW1	0.9528671
KCNJ3	0.9528611
ATP2B3	0.9528349
ERBB4	0.95280373
VEGFC	0.95277464
MYH10	0.9527466
CTNND2	0.95274407
CLTCL1	0.9527012
ZNF445	0.95266
LEF1	0.9526431
COL5A2	0.95262754
DARS2	0.95261145
TNC	0.9525937
NRG4	0.9525572
KMT2D	0.95253414
POU3F2	0.9525246
CDK12	0.9525137
DGCR8	0.9524803
ERBB4	0.95244443
SGK1	0.9524438
SOCS1	0.95243436
CTNNA2	0.95241904
AFF4	0.95239496
PTPRD	0.9523751
APC	0.9523558
TRIM33	0.95234364
MSH6	0.95233715
COL3A1	0.9523347
CD209	0.95233023
PBRM1	0.9523286
KIF1B	0.9523233
MYH11	0.9523041
PPP2R1A	0.95230067
USP6	0.9522503
CTNNB1	0.9522364
MUC16	0.9521983
HOXB4	0.95217174
CSMD3	0.9521154
CIITA	0.9520935
IKZF1	0.95206964
GRIN2A	0.9520664
APOB	0.9520304
CNTNAP2	0.952027
ZFAND2B	0.95200634
HADHA	0.9520062
FAM114A2	0.9520045
NRAS	0.952003
CHML	0.951997
CREB3L1	0.9519812
GRIN2A	0.9519674
GNAQ	0.9519631
WRN	0.95194685
PPP2R1A	0.95194024
ASPM	0.95193684
PPFIA2	0.9519217
ELMO1	0.95192087
IVL	0.95189637
SPTA1	0.95189315
GNAS	0.95188457
ZNF521	0.9518217
BRIP1	0.95179117
SPATA31A3	0.95179105
KIFC3	0.9517857
ZNF521	0.9517834
MAGEA6	0.9517681
CNTNAP5	0.9517622
ROBO2	0.95174456
SLC12A6	0.9517388
COPG1	0.95173794
ADAMTS18	0.95170826
PDGFRB	0.9516073
VASH1	0.9515901
ZNF521	0.95158714
ZEB1	0.9515852
FAT3	0.9515783
MUC16	0.95155704
IRS4	0.95154274
FRZB	0.9514947
NT5E	0.95148855
ERG	0.9514869
BARD1	0.9514659
GNA11	0.9514134
TFE3	0.9513807
SETD2	0.9513511
RUNX1T1	0.95134085
PRKD1	0.9512651
CIT	0.951259
TET1	0.9512584
ITSN1	0.95123756
LPCAT1	0.95118016
PPP2R1A	0.9511447
NRAS	0.9511315
CDKN2C	0.95112693
CNTNAP2	0.951115
PTPN13	0.9511058
MIOS	0.95109814
FBLN2	0.9510784
RBP2	0.9510639
FREM1	0.9510506
OCRL	0.9510439
PPP2R1A	0.95102143
MUC16	0.95101506
DCAF12L2	0.9509406
PIK3CB	0.9509052
CSMD3	0.9509051
EXT2	0.9508947
DNAH9	0.95088804
CTNND2	0.9508408
ST14	0.9508254
RNF130	0.950799
DCTN1	0.9507756
KMT2D	0.95075804
CNTRL	0.9507556
KLF6	0.95071405
CSF1R	0.95071393
LY9	0.9507042
RIMS4	0.95062524
DIP2C	0.95061356
MX2	0.95051455
CTNND2	0.9504656
FOXA1	0.9504573
LILRB3	0.9504535
MECOM	0.9504534
CDH10	0.9504492
MEN1	0.9504294
HTR7	0.9504289
GNAQ	0.95042694
BACH2	0.9504181
MUC16	0.95041496
LRP12	0.95038974
PDGFRA	0.95037735
SLC12A2	0.95037687
CSMD3	0.9503722
NTRK3	0.9503684
TBX3	0.9503574
PAX3	0.95035195
RGS22	0.9503409
ERBB4	0.95030713
MAP2K4	0.9502731
TNC	0.950273
BRIP1	0.95025724
BRIP1	0.9502311
SALL1	0.9502078
NRAS	0.9501725
CSMD3	0.95015633
ZMYM3	0.95014817
NR4A3	0.9501387
C1GALT1C1	0.95013154
ASPM	0.9500862
MBD1	0.95005107
TMEM131	0.95002335
BCL6	0.95002264
CSMD3	0.9499849
CNTNAP2	0.9499745
PLEC	0.9499683
NKX2-2	0.94995975
KDM5C	0.94991183
TSHR	0.9498602
ATR	0.94985604
PBRM1	0.9498439
EPHA3	0.9497947
LRRFIP1	0.94978476
LARP7	0.9497779
SEC31A	0.94977486
PTPRK	0.94973886
CSMD3	0.94973505
MUC16	0.9497336
SRPX	0.94972384
HDAC7	0.94972104
MAP2K4	0.94971436
MUC16	0.9497137
HEATR6	0.9497086
FH	0.949694
ZBTB25	0.94968146
MSH6	0.9496736
BRIP1	0.94966143
CREBBP	0.9496525
DCDC1	0.9496363
MUC16	0.94963616
NBEA	0.9496269
GRM8	0.94961035
LRP1B	0.94958156
MEFV	0.9495811
MYO7B	0.9495777
TSHR	0.9495523
EPB41L3	0.94954646
BAZ1A	0.9495064
MUC16	0.9494715
CSF1R	0.94942874
PIK3CB	0.94942546
PCBP1	0.9493986
EPHA3	0.9493973
PSMA3	0.9493651
FXR1	0.94933534
CTNNB1	0.94932497
GNE	0.9492796
CDH11	0.94926745
BRIP1	0.949267
BCL6	0.9492517
ATR	0.94924486
UBR5	0.94924456
CHEK2	0.94923925
DDX6	0.94923294
PINK1	0.9492202
FBXW11	0.94916844
SERPINB1	0.949105
CDC73	0.9490583
EP300	0.9489968
PLXNA4	0.94899344
DCAF12L2	0.9489602
SMO	0.948959
MUC16	0.9489495
CDK12	0.94892985
DOCK4	0.94891715
LPCAT4	0.9489065
JAK3	0.9488877
STK3	0.94886243
NCOA2	0.94884187
GEN1	0.9488309
MYH11	0.94882965
MUC16	0.9488206
ERG	0.9488136
TENM1	0.94881135
NFIB	0.94877064
CSMD3	0.9487494
CLEC4F	0.9487472
TET1	0.94873106
PAH	0.94869107
USP49	0.948689
ZEB2	0.94864756
GPR171	0.9486393
RUNX1T1	0.9486357
NRG1	0.94863474
ATR	0.94863254
GABRA3	0.9486067
RBM10	0.9486045
TENT5C	0.9485986
ELF1	0.9485829
IRS4	0.9485505
SETD2	0.94854784
LRP1B	0.9485276
PLEC	0.94852084
ANK1	0.94846046
GFPT2	0.9484547
NSD1	0.9484488
FBP2	0.94843656
ZNF407	0.9484181
MAGEA6	0.9484162
SIGLEC12	0.9483883
GABRB2	0.94836795
PLXNB2	0.94835824
ABL1	0.94835746
DCAF12L2	0.9483539
PAK3	0.94833803
HOXC13	0.94830054
ZCCHC8	0.9482957
WIPI2	0.9482934
MTTP	0.94828427
HGF	0.9482641
COL2A1	0.94824535
INMT	0.9482303
TET1	0.9482225
CNTNAP2	0.9482051
PRRX1	0.94819504
PHF3	0.94817674
KLHL5	0.94816697
ABCB11	0.94815916
ADAMTS12	0.9481518
BMPR1B	0.9481221
P2RY8	0.94811916
ZNRF3	0.94810665
TBCK	0.94810647
IKZF3	0.94810367
ZMIZ1	0.9480935
FOXI1	0.9480729
KCNJ12	0.94805676
PASD1	0.948038
ROR2	0.9480327
COA6	0.9480303
WNK3	0.9479979
LRIG3	0.9479905
PCDHGA6	0.9479666
L1TD1	0.94796103
GNAQ	0.9479545
TP63	0.94791555
TTI1	0.94786644
TSHZ2	0.9478046
BEND4	0.9477918
SLK	0.9477689
FSHB	0.9477493
IRS4	0.9476695
ATP11B	0.94763553
COL11A1	0.94762945
CACNA1D	0.947618
EXPH5	0.94760495
ZBTB40	0.9475814
MUC16	0.94758016
ITK	0.94756883
ATF7IP	0.9475003
RGS7	0.9474975
KMT2C	0.9474956
UGT3A2	0.9474348
CNTNAP2	0.94740206
ATP2A2	0.9473809
BRIP1	0.9473548
NOTCH2	0.9472854
ANK1	0.947284
INO80B	0.94727
SLIT2	0.9472647
DROSHA	0.94724613
MUC16	0.9472359
MUC16	0.94723094
CDH12	0.947217
USH2A	0.94719774
PTPRD	0.94718003
COL2A1	0.94717735
PRKCB	0.9471112
XPO1	0.9471107
COL1A1	0.9471036
CNTNAP2	0.94708014
FAT4	0.9470037
FAM135B	0.9469421
SALL1	0.94693637
EML4	0.94693005
LHX3	0.94691986
KMT2D	0.9468905
KCNK9	0.94687396
PLAA	0.9468702
CDH10	0.94687015
CYSLTR2	0.94686836
SLC7A7	0.94679856
NR4A2	0.9467976
TTC17	0.9467956
CSMD3	0.9467751
PRKD1	0.9467743
A1CF	0.94676733
TRIM27	0.9467451
CCDC6	0.9467158
ABL2	0.946695
AFF2	0.94668156
TFPT	0.94664955
ANO3	0.94664365
PSPC1	0.9466029
TFPT	0.9465979
KBTBD4	0.9465971
MYH11	0.9465817
XPNPEP2	0.9465403
AFF3	0.94652367
PIK3R1	0.9464959
ABHD17B	0.94647765
CSMD3	0.94646645
TNC	0.9464568
TFE3	0.9464533
FANCA	0.94638336
USP9X	0.94637156
NUP205	0.9463178
ERBB4	0.946296
CNTNAP2	0.9462951
MLF1	0.9462906
NDNF	0.94625425
TP53I11	0.9462323
LEF1	0.9462313
ATRX	0.9462197
OFD1	0.9461954
CSMD3	0.94619536
SLC39A12	0.9461925
GCLC	0.94614244
BRIP1	0.94611186
ANK1	0.9460958
SRFBP1	0.9460782
CSMD3	0.94607073
MSH6	0.94604677
PCDHGA8	0.9460454
RFWD3	0.9460346
WDR43	0.94601625
KTN1	0.9459878
BCORL1	0.94597673
NTRK3	0.9459717
LHX8	0.94593745
ACTN1	0.9459349
ALG13	0.945923
SETBP1	0.9458903
COL5A2	0.9458827
IDH1	0.9458601
GNAS	0.94581664
PDE4DIP	0.9457894
CTNND2	0.94577485
CDH10	0.94574344
LRP2	0.9457215
NRG1	0.9457056
COL1A1	0.94568855
MACC1	0.945685
DCTN1	0.94567066
KRT14	0.9456482
MPP4	0.94564575
DAGLA	0.94559467
ZEB1	0.94556767
CACNA1S	0.9455528
ASPM	0.94552976
MYH9	0.9454976
CREBBP	0.9453198
BCL3	0.94530916
HOXA6	0.9453025
LRP1B	0.94528073
RUNX1	0.94525266
CAPZA1	0.94520164
PDGFRA	0.9451965
BIRC6	0.9451931
LRP12	0.94518644
PLEKHH3	0.9451857
GATA3	0.9451536
NF2	0.9451258
FAT3	0.94509655
VPS33A	0.94507354
CDH9	0.9450284
LMOD2	0.9450183
PATZ1	0.9450119
CDH11	0.9449949
SP140	0.9449867
MN1	0.94497424
PRDM15	0.9449582
GABRB3	0.94493675
TFPI	0.9449197
KLHL13	0.94490135
GNAS	0.9449003
TRPC5	0.94489104
OR8G1	0.9448741
STAG1	0.94486064
MUC16	0.94485134
USH2A	0.94482726
PDE4DIP	0.9447851
IKZF1	0.9446734
MUC16	0.9446655
RIMS1	0.94465554
PTPN11	0.9446367
ANK1	0.94461775
FH	0.9445838
STYXL2	0.9445066
GRIN2A	0.94449735
MYH9	0.94445497
ZNF521	0.9444543
ADGRG4	0.94444436
GRIN2A	0.9444416
LRP1B	0.9444166
PLP2	0.94439703
KCNJ4	0.9443902
NRG1	0.9443802
BIRC6	0.944309
NTRK3	0.9442214
PRRG1	0.9441925
KLRC1	0.9441417
MUC16	0.94410336
HOXA9	0.9440844
TTC17	0.9440664
COL1A1	0.9440659
NUP214	0.9440345
MYO5A	0.9440324
CACNA1A	0.94397736
ZNF556	0.94395405
NCKAP5	0.9439386
GRIN2A	0.9438885
LRRIQ1	0.9438358
STXBP2	0.9438088
OR3A2	0.94379795
FAM47C	0.9437863
PHKB	0.9437832
CNTNAP2	0.94372946
MUC16	0.9437027
TBC1D32	0.9436947
EPB41L4A	0.94363934
HNRNPA2B1	0.943625
XPR1	0.9435976
GLDC	0.94356656
NTRK3	0.9435616
MUC16	0.943553
PDE10A	0.9435417
PTPRD	0.94354004
USP9X	0.94349426
AMER1	0.9434813
MTOR	0.94345516
ZNF479	0.9434364
SLC10A6	0.94342947
FLT4	0.9434124
NCOR1	0.9434103
EPHA3	0.94340575
PIK3CB	0.9433666
MYH9	0.9433582
ZFHX3	0.9433541
NCOR2	0.9433019
LYN	0.94329876
SOS1	0.9432841
SRC	0.9432776
PCDHGA8	0.94327533
LRP1B	0.9432652
RGS7	0.94326115
BRIP1	0.94325256
PATZ1	0.94324666
PTPRD	0.9432253
NOTCH2	0.9432233
IKZF1	0.94322276
NUP214	0.9431944
MUC4	0.94316983
OBSCN	0.94315463
CARD11	0.9431535
CYSLTR2	0.94315
ZNF479	0.9431199
CNTNAP2	0.9431078
CTNNB1	0.94309664
TFPT	0.9430964
NLRP5	0.943066
ZSWIM2	0.94306326
SMAD4	0.9430058
BCS1L	0.94299287
CACNA2D1	0.94298464
TRRAP	0.9429837
STAT3	0.9429308
KRTAP19-1	0.9429073
GRIN2A	0.94289887
CARM1	0.9428944
ITK	0.94289184
TGFB2	0.94287884
IQGAP2	0.9428509
COL3A1	0.94280756
ENKD1	0.9427998
GNAS	0.9427792
SETD2	0.9427232
KRT33B	0.9427075
AFF3	0.9427043
ZEB1	0.94269973
GATA3	0.9426904
ABCA2	0.9426637
FOXC1	0.9426432
TRIP11	0.9426366
CCT6B	0.9426236
ZSCAN1	0.9425988
STAB1	0.9425771
ALK	0.9425426
ECHDC3	0.9425
CTNNA2	0.94247836
GMPS	0.94246995
MUTYH	0.94245726
TUBA3D	0.9424477
PRDM2	0.9424069
BUB1B	0.9423959
CSF1R	0.94239527
NALCN	0.9423699
IGSF3	0.9423521
CDK12	0.9423325
ANK1	0.9423178
OR6B1	0.94230336
PTPRD	0.94225997
MALT1	0.94225967
ABCD2	0.94225276
WDR36	0.9422032
ALK	0.9421946
ANKHD1-EIF4EBP3	0.94218785
GRIN2A	0.942178
CTNNA2	0.9421705
CTSF	0.9421687
PHOX2B	0.9421676
OR4S2	0.94211197
EML5	0.9420992
ZAP70	0.9420919
RFX3	0.94206554
FAM47C	0.942055
FOXA1	0.94204074
INSL5	0.94203544
ASB5	0.9420104
RABEP1	0.94192684
BRCA2	0.94188356
RBM15	0.9418774
SOHLH1	0.9418596
EXT2	0.94183964
ZNF479	0.9418247
GC	0.94180095
ZNF831	0.94179153
HECTD2	0.9417904
NRAS	0.9417702
SV2C	0.9417689
SNU13	0.9417593
PDGFRB	0.94174707
PIK3R1	0.94170773
NUP214	0.9416787
POLE	0.94165605
CHSY3	0.94163495
MUC16	0.941607
NPAP1	0.94160575
KCNV2	0.9416
WWTR1	0.9415838
JAK1	0.9415423
CSMD3	0.94152164
TRIM33	0.94151247
SLC9A1	0.94149745
GALNT6	0.94149184
EPHA3	0.9414809
ANK1	0.9414269
CSMD3	0.941413
CDH1	0.941413
TICRR	0.9413972
PRKD1	0.9413622
MUC16	0.9413607
PLB1	0.94134045
MUC16	0.94132733
KAT8	0.94132495
CARD11	0.9413192
PRPF8	0.94130063
FOXA1	0.9412883
DOCK7	0.941254
CTNNA1	0.9412527
AMOT	0.94125044
OR2G6	0.94124246
WRN	0.94124043
PLEC	0.94120127
ZEB1	0.9411968
BLM	0.94119346
BIRC6	0.94119334
CDH10	0.9411583
DCHS1	0.94113606
ADCY8	0.94109005
GMEB2	0.9410505
HGF	0.9410484
CNTN3	0.9410443
FAT1	0.9410176
IKZF2	0.94099236
MAGEC1	0.94095254
TET1	0.9409394
ABCB7	0.9409065
RYR3	0.94088227
KDM5A	0.9408805
KLK2	0.9407841
RIMS4	0.940769
MAZ	0.94072384
FAT3	0.9406683
FJX1	0.9406567
ASPM	0.9406526
MUC16	0.9406414
PTPRK	0.9406184
MUC16	0.9405942
GRM3	0.94056755
PLEKHH1	0.94056165
PALM2AKAP2	0.94051605
PTPRD	0.9405144
CUL5	0.94047713
HDAC9	0.94046915
FOXA1	0.94044495
LIMA1	0.94043493
BUB1B	0.9404291
MTMR12	0.940356
CNTNAP2	0.9403541
ALK	0.9403509
CSMD3	0.94027984
MUC16	0.9402733
PAX8	0.9402291
ANK1	0.9402274
ATAD2B	0.9402068
SPEN	0.94017756
PLEC	0.9401701
ABCB11	0.94015723
PRSS35	0.9401455
THSD1	0.9401367
CEP89	0.94013035
JAK1	0.94012713
KCNK5	0.9401127
KTN1	0.9401054
FH	0.94009864
LRP1B	0.94008625
PCDH11X	0.94008106
NAB2	0.9400675
CSMD3	0.9400553
IDH1	0.9400487
USP9X	0.9399985
BUB1B	0.93998563
MED12	0.93997496
HOXC11	0.9399504
MARCHF4	0.93993914
ELK1	0.9399301
ESRRG	0.9398979
GRM3	0.93985003
ABL2	0.9398471
MIOS	0.9398383
GPC3	0.93982893
ZEB1	0.939824
ASPM	0.93980396
DNM2	0.9396938
CNTNAP2	0.93967676
FAT1	0.93966013
SETD2	0.9396565
MUC16	0.93962425
GATA3	0.93962383
ZNF582	0.93961704
KDR	0.93953305
HECW2	0.9395208
VAV1	0.93951494
SVEP1	0.9395099
PRDM2	0.9394924
PCDH15	0.9394586
RUNX1T1	0.93942666
CBLC	0.93936306
BUB1B	0.9393438
ZEB1	0.939324
DNM2	0.93932205
MUC16	0.93932086
CROT	0.9393029
GATA4	0.9392986
FAM78B	0.9392685
HSP90B1	0.93923056
FRZB	0.93918717
HGF	0.93914866
MLH1	0.93914634
DPP10	0.9391422
MSN	0.93911
TPH1	0.9391013
GMPS	0.9390898
NUP214	0.93908185
LRP1B	0.93901175
CTCFL	0.9390061
TSHR	0.938989
NOTCH2	0.93895435
FOXI1	0.9389422
IRF4	0.9389389
WNT10B	0.93892497
PDE10A	0.9388937
LRP1B	0.9388416
MEIS3	0.93883926
HECW2	0.9388343
ZEB1	0.9388196
EIF4G1	0.93881226
PLAG1	0.9387493
SMG1	0.9387259
MYH11	0.93872046
MUC16	0.9387116
NUP214	0.93870634
NUP214	0.9386885
TGFBRAP1	0.93865865
SETD2	0.9386221
CSMD3	0.9386146
TPR	0.93860716
DAAM2	0.93859714
MUC16	0.9385543
ATRX	0.93854904
SPEN	0.9385476
LZTR1	0.9385083
NOTCH2	0.93849134
GNAS	0.9384825
TSHZ3	0.9384815
GRM2	0.93846625
PBRM1	0.9384567
PTPRT	0.9384122
TET1	0.9383946
ERCC2	0.9383721
MAP2K1	0.93836147
FAM91A1	0.9383561
MAPK1	0.93834805
FGA	0.9383451
JAK2	0.9383162
FAM47C	0.9382614
RNF43	0.93826026
STAG1	0.93822336
SETBP1	0.93821883
FGL2	0.9381825
B3GLCT	0.93817484
ZEB1	0.9381691
CNTNAP2	0.9381601
FOXA1	0.93813545
MAP2K1	0.9381332
SLC6A2	0.93808746
PIF1	0.93807817
SRGAP3	0.9380674
ACVR2A	0.9380473
CSMD3	0.93801326
COL1A1	0.93800133
FAM47C	0.93797225
MUC16	0.9379624
GMEB2	0.93795735
RYR2	0.9379495
SVEP1	0.93792284
BAX	0.937908
BEST3	0.93788844
PPP2R1A	0.9378707
TFPT	0.9378544
MUC16	0.937852
PREX2	0.9378495
LRP1B	0.9378146
NIN	0.9378075
MUC16	0.9378017
FCHO2	0.9377932
GATA2	0.9377511
ZFHX3	0.93773764
MYO18A	0.93773335
SETD3	0.93771267
FMO4	0.93767303
SPEN	0.93766576
NLRP2	0.9376645
ANO5	0.93763083
ACKR1	0.93762064
BRD4	0.9376113
SLC35D1	0.93760085
BIRC6	0.93740284
CSMD3	0.9373674
ZEB1	0.9373015
RUNX1T1	0.9373002
SCN11A	0.937277
FAM135B	0.9372664
PTPRD	0.937258
MUC16	0.93725646
CD46	0.9372355
ZNF521	0.9372299
BAZ1A	0.93721974
HNRNPA2B1	0.9372096
COL2A1	0.93720335
CEP89	0.9371191
CARD11	0.93711126
CARD11	0.9371057
ATRX	0.93709993
CSMD1	0.9370963
TRPC4	0.93708766
SYNCRIP	0.93708664
FAM47C	0.93708074
BPTF	0.9370514
CRLF2	0.9370487
MAN1C1	0.9370159
BUB1B	0.93700886
RPL5	0.9369526
MFSD11	0.9369452
DCAF12L2	0.93694127
TCF12	0.9369355
PRIM1	0.93691075
PPP2R1A	0.936899
HGF	0.9368796
NXPH2	0.93687564
HUWE1	0.9368462
ATRX	0.93683374
GRM8	0.93683106
ZEB1	0.93679875
WRN	0.93678653
FBXL7	0.936777
CARD11	0.9367676
RYR3	0.93676025
ALK	0.9367372
TLE1	0.9367079
LRP1B	0.93668497
SEMA6A	0.9366469
EPX	0.93664414
KCNH7	0.9366121
KLF6	0.93661207
ZP4	0.9365779
MN1	0.936519
TNC	0.9365148
SNX13	0.9365121
SETD2	0.9363927
UBR5	0.93639225
FLI1	0.93638915
ZC3H12B	0.93635404
OLFM4	0.9362495
ADGRB2	0.93624586
CEP89	0.9362326
SGO1	0.93621635
ATRX	0.93618715
NTRK3	0.9361729
PROKR2	0.93616295
ZNF536	0.93615973
FAT3	0.93615425
AP5M1	0.9361326
ADAMTSL1	0.93612474
CLTC	0.9361195
KIR2DL3	0.9361184
MUC16	0.9361136
NELFA	0.9360919
CAMK4	0.9360897
CSMD3	0.93608
TFE3	0.9360784
FLNA	0.9360336
IRS4	0.9359916
ATRX	0.93597645
CTNNA2	0.9359602
NUFIP1	0.9359371
FLI1	0.93593645
EPHA7	0.93591505
SGIP1	0.9358976
MUC16	0.9358914
RPL22	0.9358903
ASTN1	0.93585396
CEP89	0.9358306
LRP1B	0.93581975
MAPK10	0.9358039
FBN2	0.93577564
ATRX	0.9357554
CARD11	0.93573666
PATZ1	0.9357131
OLFM3	0.93570775
AMPD3	0.9356958
PTPRK	0.93568474
SALL4	0.9356797
A1CF	0.9356753
WRN	0.9356666
PLEC	0.93566346
ASPM	0.9356575
NELL2	0.9356558
CNTNAP2	0.9356518
C2CD3	0.9356204
ALK	0.93561596
CSMD3	0.9356098
BAZ1A	0.9355945
AHNAK2	0.93559384
SETD2	0.9355809
CDKN2AIP	0.935504
WRN	0.93544805
CTNNB1	0.93544286
COL6A1	0.93543917
CD33	0.9354337
TGFBR2	0.93542933
CSMD3	0.93540865
COL1A1	0.93540114
RPL5	0.93539524
CTNND2	0.93538755
ZNF343	0.9353744
ATRX	0.9353694
PTK6	0.93532723
CNTNAP2	0.93531543
TECRL	0.9353039
ADGRB3	0.9352893
CDH1	0.93528455
NPY5R	0.93527246
DUSP6	0.9352653
CSMD3	0.93525946
TCOF1	0.9352509
NTRK3	0.93524325
MUC16	0.9352346
PMPCB	0.93520164
BRCA2	0.935193
LRP1B	0.93518513
EP300	0.93517125
MYCBP2	0.93516445
PCF11	0.9351481
FAM135B	0.93514085
CTNND2	0.93505365
FLG2	0.9350467
KMT2D	0.9350441
PLA2G4A	0.9350225
STIL	0.9349343
MEGF6	0.93492925
SEC31A	0.9349234
ANK1	0.9349129
FAT1	0.9349116
VAX1	0.93486863
DHX37	0.9348347
BRIP1	0.9348211
TATDN1	0.93480724
PLPPR4	0.9348062
ATRX	0.9347809
FANCE	0.934759
FANCE	0.93474495
ATRX	0.93474144
NCOR1	0.93473244
ATP1A1	0.93472934
BRWD3	0.9347192
MUC16	0.93469614
HGF	0.93469447
KLK2	0.93469375
ANK1	0.9346851
ATP10D	0.9346559
SLITRK6	0.9346082
HUWE1	0.9346
ROBO2	0.93458176
COL11A1	0.93457556
PRRG1	0.93456274
SACS	0.93456036
PTPRD	0.93455744
BUB1B	0.934553
POT1	0.9345429
SCN7A	0.9344854
UBIAD1	0.9344806
BRWD1	0.93440944
FAM47C	0.934372
FLNA	0.9343599
FER1L6	0.9343547
TBC1D8	0.9343513
EYA2	0.9342943
ZNF479	0.934278
SETD2	0.934266
FASN	0.93422973
CDH11	0.9342267
KLHL3	0.9342071
ATRX	0.9341897
PRKCB	0.93418735
TLX3	0.93414766
COL2A1	0.9341457
TFAP2D	0.93413174
KHSRP	0.93412113
PRSS27	0.93411726
CUBN	0.93411726
CNTNAP2	0.9340981
RHOJ	0.93409777
ZNF521	0.9340631
ZRSR2	0.9340601
ASCC3	0.9340497
AKT3	0.93402594
STAU1	0.9340155
ZNF507	0.9340116
ZEB1	0.9339809
HEXA	0.9339802
TENT5A	0.93396723
CYSLTR2	0.9339595
LYST	0.9339378
RPS5	0.93392277
FAM47A	0.9339022
TOP2B	0.9338835
WNK3	0.93388
PRKD1	0.9338771
FAT1	0.93387437
GLI1	0.9338505
GNAS	0.9338482
EDEM1	0.93382883
CTNND2	0.933827
ATRX	0.933808
CARD11	0.933793
KCNJ8	0.9337877
USP9X	0.9337824
SVOPL	0.9337797
P2RY8	0.93376195
MUC16	0.9337358
PTPRC	0.93371695
CSMD3	0.93368965
NCOR1	0.9336594
SPEN	0.933656
MUC16	0.93363994
PPP6C	0.93359846
FAT1	0.93358684
MYO9B	0.9335835
ARFGEF1	0.9335569
PRRG1	0.93346035
SKOR1	0.933456
CEP89	0.9334442
NUP214	0.9334364
ADCY8	0.9334287
RXFP1	0.93342555
PAXIP1	0.93337846
ITPR3	0.9333703
CTNND2	0.93336874
USP19	0.93336254
KDR	0.9333558
TAF3	0.9333287
POLQ	0.9333214
TARS1	0.9333182
CPXM1	0.9332993
CADM1	0.93328965
ACVR2A	0.933259
CDH18	0.9332431
EPHA3	0.93324155
SF3B1	0.9332415
MUC16	0.93323994
MAPK1	0.9332344
ABLIM3	0.9332294
AC127029.3	0.9332218
ITPR1	0.9331831
NDST4	0.9331424
KMT5B	0.9331065
PRKD1	0.93308043
CLTC	0.9330803
LRP1B	0.9330581
PYGL	0.93301785
SLC40A1	0.9330072
FCGR2B	0.9330028
TEKT3	0.9329498
CEMIP2	0.9329156
ST8SIA1	0.9328581
PAX7	0.93284917
CNTNAP2	0.93284374
FH	0.9328343
GABRB1	0.932831
WIPI2	0.93279433
GRIN2A	0.9327786
CDH10	0.9327366
CTNNB1	0.932673
GABRG3	0.9326519
CDH17	0.932643
OGA	0.93264294
ABCD3	0.9326353
PAPPA	0.9326179
WASHC5	0.93260944
FOXA1	0.9326079
RFWD3	0.93258494
EPHA7	0.93255115
ASPM	0.93254197
TBX18	0.93253386
NTRK3	0.9324568
FBLN2	0.9324338
KIF21B	0.93241453
BIRC6	0.9324002
PDGFRA	0.93239725
NELL2	0.93239486
BRINP1	0.9323842
ANK1	0.9323827
KIAA1328	0.9323691
MUC16	0.93236077
PTPRB	0.93233794
SEC24C	0.93233
PDGFRB	0.9323299
SNX29	0.9323223
CSMD3	0.9323039
AL592490.1	0.93228376
UPP1	0.93223435
TATDN1	0.93223286
GNAQ	0.9322296
SCN2A	0.93216425
SMARCAL1	0.9321564
PTPRD	0.9321361
GRIN2A	0.9321325
PAXIP1	0.93213147
TSHZ2	0.9321139
ITIH2	0.93210137
PYGM	0.9320446
WNT11	0.9320249
RBM15	0.9319613
CTNND2	0.93194515
MBD5	0.93191785
FAM47C	0.9319087
FERD3L	0.93181753
BIRC6	0.9318019
EMILIN2	0.931801
MYH2	0.9317964
PRKDC	0.93179244
GMEB2	0.9317656
FNDC3B	0.9317366
CTNNB1	0.9317351
TBCK	0.93172747
RICTOR	0.93172586
KRT25	0.93172324
EYA4	0.93172145
ESR1	0.9317106
SETD2	0.9316832
MSN	0.9316536
FGA	0.93158853
MACF1	0.9315682
ATP13A3	0.93155974
DDR2	0.93152165
LRP1B	0.9315113
MUC16	0.9315101
OR14I1	0.9315039
PUM1	0.93148184
NECTIN3	0.9314538
SMAD4	0.9313977
MLH1	0.9313822
PRRG1	0.9313799
CSMD3	0.93136495
CTNNB1	0.9313575
KMT2D	0.93134093
EXT2	0.93129355
EXT2	0.93129265
PAPPA2	0.93129075
SLC39A1	0.9312706
TTC5	0.9312291
CADPS2	0.9312262
TULP3	0.9312075
DICER1	0.93120277
MAP2K3	0.93118554
ATRX	0.93118423
GRIN2A	0.9311397
SMARCA2	0.93109566
FBXL7	0.9310629
PDGFRB	0.9310566
PDGFRA	0.9310412
NRK	0.93103254
PCDH15	0.9309933
ZFAND1	0.9309824
HGF	0.9309693
CNTNAP2	0.9309684
MUC16	0.9309589
CARD11	0.9309251
NTRK3	0.93092394
CEP89	0.9309218
FRG2C	0.93092096
C2ORF16	0.9309132
PRKD1	0.9308957
ALG5	0.93089175
LMO2	0.930881
SUN3	0.9308421
PLCH1	0.9308279
DICER1	0.93081105
ZEB1	0.93080854
EPHA7	0.9307895
ANK1	0.9307844
DST	0.9307798
SIN3A	0.93076456
RHOBTB3	0.9307472
MUC16	0.9307471
PMS1	0.9307158
HGF	0.93068796
PAN3	0.93068415
ADCY1	0.9306688
EPHA7	0.93065304
TET1	0.93064404
ABL2	0.93061775
RORB	0.93058383
TRPC5	0.9305787
CATSPERE	0.9305737
BAP1	0.9305514
ESRRG	0.93054914
SRPX	0.93052876
STAG2	0.93052626
HECW2	0.9305237
UCHL5	0.9305011
MSH6	0.9304389
SKAP2	0.93043137
ANK3	0.93042934
NIN	0.9303961
KMT2A	0.9303927
RXRG	0.93038505
ASPM	0.9303489
BTK	0.9303197
FAT3	0.9303139
EBF3	0.93031204
BIRC6	0.9303093
NRXN1	0.9302981
CAND1	0.9302507
ATP2B3	0.9302503
ZFHX4	0.9302326
USP8	0.9302131
SMURF1	0.93020827
TMEM132D	0.9302014
HGF	0.93017566
HGF	0.93016315
ZFHX3	0.93015826
DCUN1D4	0.9301229
GALNT3	0.9301052
PDCD1LG2	0.9300796
SERGEF	0.9300611
RSBN1	0.930032
BCL3	0.9299884
THRA	0.9299804
EYA1	0.92993844
PMS1	0.92991066
SLC8A1	0.9299025
RUNX1T1	0.9298659
ATRNL1	0.92985547
SETBP1	0.9298193
EXT2	0.92981774
ZBTB25	0.92979777
ANK1	0.92975765
FANCE	0.92974514
ITPR3	0.9297048
PRRC1	0.9297018
MDH1B	0.92963374
SP140	0.9296271
PSMC1	0.92962396
ZAP70	0.92956376
ZNF708	0.92955947
AFF2	0.92953485
GMDS	0.92952526
BCORL1	0.9295133
CDH11	0.92948204
SP3	0.92947847
TRPC4	0.92946875
SVEP1	0.9294636
LRRTM4	0.9294522
CNTNAP2	0.9294493
TTN	0.92940414
LRP1B	0.9293995
FAM47C	0.9293686
EDIL3	0.9293559
SP3	0.9293463
SACS	0.9293417
SETBP1	0.9293388
APC	0.92933404
EXT2	0.9293291
CBFA2T3	0.92932355
APOBEC4	0.9293149
ROS1	0.9293093
COL2A1	0.92925906
ZNF804A	0.92925644
PLEKHG7	0.92922115
CSF3R	0.929215
RYR2	0.92920643
EPHA7	0.92918396
TNFAIP3	0.92917705
PLPP4	0.9291558
NEDD4L	0.9291432
UBR5	0.929139
BATF2	0.9291093
ANK1	0.92909
ZFHX4	0.9290851
ARL13B	0.9290552
ZNF479	0.92900604
SERPINB11	0.9289931
ASPM	0.92893374
MUC16	0.9289243
FIGN	0.92890656
JAK3	0.9288866
USP32	0.92887753
KIAA1549	0.928854
NRG1	0.92884946
PTPRK	0.92883444
CTNND2	0.92881984
ZBTB20	0.9288161
CNTNAP2	0.9287827
NTNG1	0.92878085
MN1	0.92877764
PRPF40B	0.9287564
AASS	0.9287395
SLC5A7	0.92873466
TLX3	0.9287315
TNR	0.9287298
SLC9A3	0.92872894
EPHA3	0.9286981
WRN	0.9286891
A1CF	0.9286875
BMP5	0.92866397
SEMA3A	0.92866004
CDH18	0.9286317
INSYN1	0.92856526
SYNE1	0.92853475
CCDC6	0.9284936
FLT3	0.9284518
SSU72	0.92842555
RAG1	0.9284091
FRMPD3	0.9283918
TPI1	0.9283455
BCL6	0.928344
ZEB1	0.9283409
MB21D2	0.9283084
HHIPL2	0.9282979
MAGEC3	0.9282925
CDH22	0.9282783
PLRG1	0.928271
ATL1	0.92826694
RTCB	0.92824864
RPL5	0.9282427
SLC25A32	0.92821157
SF1	0.9282098
MYO1E	0.92820543
DCLK1	0.9281951
MB21D2	0.92818856
ATXN3	0.92817855
LRP1B	0.92816293
OSBPL3	0.92814255
MAGEC3	0.928132
DICER1	0.9280658
FZD6	0.92804575
FH	0.92802703
ASB5	0.9280256
EYA1	0.928007
ALK	0.9280029
CDK18	0.92799085
ZEB1	0.9279896
CFAP44	0.92797875
DDR2	0.92795545
BRIP1	0.9279219
MUC16	0.9279047
OR2L13	0.9278921
FAM47B	0.9278885
ASPM	0.9278392
CDH10	0.92782
FAT1	0.927817
FLI1	0.9278013
EXT2	0.9278005
ZC3H12B	0.9277966
KIAA1210	0.9277926
PAPPA2	0.92778164
ATR	0.9277781
ARHGAP4	0.9277759
CHUK	0.9277579
HECW2	0.92775255
ZNF142	0.9277327
SLC9A2	0.9277313
STK40	0.9276823
HGF	0.9276791
CACNA2D1	0.92766744
UGT2B28	0.92766213
PLEKHG5	0.9276308
ERG	0.92763007
HGF	0.9276223
PTPRD	0.9276157
FMO1	0.9275955
PPP2R1A	0.9275948
LIFR	0.92755556
C7	0.9275299
GALNT17	0.92745644
SGK1	0.9274562
NIN	0.92744106
ZFAND1	0.92739075
GPC6	0.92735773
ALOX15B	0.9273519
CNTNAP2	0.92734957
KMT2C	0.9273392
PHOX2A	0.92730224
EXT2	0.92727166
SATL1	0.9272197
CTNND2	0.9272181
SETBP1	0.9271833
AGPAT4	0.9271574
SLC23A2	0.9271403
FGD1	0.92713803
LRP1B	0.92712325
CDK4	0.9271157
ABCA12	0.9271021
POLE	0.92707026
BRCA2	0.92698675
PIK3R1	0.9269681
TLX3	0.9269589
MUC16	0.92694175
CDH10	0.9269275
KMT2C	0.9269213
CDH17	0.9269105
RUNX1T1	0.9268928
TSHZ3	0.9268638
SLC8B1	0.92685044
NOTCH1	0.9268429
PLCG1	0.92682314
PTCH1	0.9268137
TERT	0.92680866
PLPPR5	0.92679864
NSD2	0.9267961
SPEN	0.9267892
RP1L1	0.92676425
CARD11	0.9267354
AMER3	0.92672664
SETD2	0.926705
ANK1	0.92670107
UCP3	0.9266956
ZC3H13	0.9266706
PHRF1	0.9266504
ZNF479	0.92661965
BRIP1	0.9266009
BRCA2	0.92655927
BCLAF1	0.92654616
EGFLAM	0.9265457
CSMD3	0.9265352
KCNS2	0.92653465
MUC16	0.9265209
ADAMTS3	0.9265197
PHLDA1	0.926507
NTRK3	0.92638075
CNTNAP2	0.92634827
SLC8A2	0.9262937
CSMD3	0.92626673
PDCD1LG2	0.9262552
MUC16	0.9262423
CTNNA2	0.92622775
HPCA	0.92617834
NBEA	0.9261683
BUB1B	0.92616767
ZNF14	0.92616343
AFF3	0.92616165
PLEC	0.9261398
MUC16	0.92610174
SENP2	0.92607534
TNC	0.9260726
GPATCH8	0.92605776
DCAF12L2	0.926052
SPATA31D1	0.92601526
COX16	0.9260085
CTNND2	0.9260022
LPCAT1	0.9259658
MUC16	0.92596114
DRD5	0.92594385
ZFHX3	0.92591417
GUCY1A2	0.92590696
NTRK3	0.92587966
EXT2	0.92586595
ASPM	0.92581546
ARHGAP22	0.92581135
CNTNAP2	0.92578393
SASH3	0.925773
PCDH19	0.92573315
LATS2	0.9257276
RNMT	0.9257107
PDGFRA	0.92569363
RASGRP2	0.92569125
SRP54	0.9256737
EXT2	0.9256369
FANCE	0.9256272
CDH10	0.92561394
FANCE	0.9256051
MAPK1	0.9255986
ATR	0.925592
WT1	0.92558444
MUC16	0.92557657
ASPM	0.92557544
CSMD3	0.92556304
NRG1	0.9255527
MUC16	0.9254935
MPO	0.92548347
PAX7	0.9254221
SOS1	0.92541856
GRIN2A	0.9253813
CSPG4	0.925342
BUB1B	0.92532355
EXT2	0.92531186
HDAC9	0.9253101
N4BP2	0.925287
FOXO4	0.925281
PRKD1	0.9252727
STRN	0.9252699
RUNX1	0.92525166
SS18	0.92525065
MGAT5B	0.9251987
SH3RF1	0.9251886
OTUD7A	0.92517555
ATP2B3	0.9251569
GNAQ	0.9251432
ATRX	0.9251393
LRP1B	0.9251372
LGI2	0.9251279
RPL5	0.9251009
KIF1A	0.92508984
PCDHGB2	0.9250627
IRS4	0.9250136
TANC2	0.9249977
HTT	0.92499197
TAF5	0.9249907
NIN	0.92497396
ZNF521	0.92490304
UBA6	0.92486084
SLC5A11	0.92483234
MATN3	0.9247939
COL3A1	0.9247395
BCL3	0.92473334
GPC6	0.9247173
RFWD3	0.92471546
MTIF2	0.9247
ADCY1	0.92468315
BIRC6	0.9246784
DYSF	0.9246592
LRP1B	0.9246503
ELL	0.92462873
ECT2L	0.92459875
ANK1	0.9245962
TFPT	0.9245883
ISL1	0.9245882
PALB2	0.92454594
FRMD4A	0.9245459
IRS4	0.92452437
TET1	0.9245053
VPS53	0.9244928
ZNF521	0.9244672
CASZ1	0.9244416
CAPN10	0.9244203
NTRK3	0.9244197
VWF	0.9243909
C9ORF131	0.92438805
LRP1B	0.9243794
ASPM	0.9243784
EPHA7	0.92434764
AHNAK	0.92434704
BMT2	0.9243452
GRIN2A	0.92432034
GCLC	0.924284
MYH7	0.92426926
A1CF	0.92426574
COL5A2	0.92426133
PLAG1	0.9242052
BIRC6	0.92420214
UGT1A1	0.92418045
REXO1	0.92414993
ROBO2	0.9241495
PLCG1	0.92411005
ZNF521	0.9241081
FAM47C	0.9240987
E2F1	0.92407864
LARP4B	0.92403257
CDHR1	0.9239879
SS18	0.92398447
NTRK3	0.92398256
GPC4	0.9239498
IRS4	0.9239482
CSMD1	0.9239451
ZNF479	0.92393804
MPP6	0.92383003
MUC16	0.92382807
TAOK2	0.92381305
NUDT12	0.92374295
MEF2C	0.92371166
TECTA	0.9236945
FAT3	0.92365605
GPI	0.9236508
RDX	0.92364734
CACNA1B	0.9236436
FAM135B	0.9236379
GRIN2A	0.9236266
ACBD5	0.92361176
CNTNAP2	0.9235987
ZNF254	0.9235768
AMMECR1	0.92353714
BMP5	0.92353225
ATRX	0.9235067
KLHL20	0.9234981
NDRG2	0.9234913
RRM2	0.9234662
MSH2	0.9234488
BMP4	0.92344457
ABCA5	0.9234387
ATP1A1	0.92341626
LEF1	0.92341447
LRP1B	0.9233998
HAL	0.9233973
VAV1	0.9233638
SETD2	0.9233522
PPP2R1A	0.9233366
LAMA4	0.92329824
ASIC2	0.9232818
MYO5A	0.9232372
ARHGAP21	0.923227
CSMD3	0.9232188
CADPS	0.9232064
NRG1	0.9231927
MUC16	0.9231901
ONECUT2	0.923185
TEAD3	0.9231817
LRPPRC	0.9231605
KCNH1	0.9230933
IDH1	0.9230817
CCDC34	0.9230395
SETDB1	0.9230216
ANK1	0.9230208
ABCA9	0.923012
PTPRC	0.9229819
MUC16	0.9229686
GRIN2A	0.9229423
TATDN1	0.922939
GLRA3	0.92284644
PDCD4	0.92283785
ATR	0.92283165
NCKIPSD	0.922828
BAX	0.92282283
CDC42BPA	0.9227823
RIPK2	0.92278117
ERG	0.92278016
SOS1	0.9227487
KIF21B	0.9227393
ZNF536	0.9227127
ABCA5	0.92271
NOTCH1	0.92270494
LRIG3	0.922679
HIP1	0.92265934
ZFHX3	0.9226471
TXNDC9	0.92264557
ZNF479	0.9226212
TOP1	0.9226008
TPR	0.9225511
TSHZ2	0.922508
PLCG1	0.9224987
GNAS	0.92249215
A2M	0.92247105
PTPN11	0.92246246
BLZF1	0.92245376
ATRX	0.92242914
ZNF254	0.9224242
TATDN1	0.92241764
ALK	0.92241067
CRTC3	0.92238647
CSMD3	0.9223666
HNRNPR	0.922341
AKAP4	0.92233443
ROS1	0.92232585
SLC5A1	0.92230123
ASPM	0.9222942
ZEB1	0.922273
CASP3	0.9222715
COL9A1	0.9222661
FOXA1	0.92226404
SVEP1	0.9221828
C9	0.9221752
POLQ	0.922145
PDGFRB	0.92213607
KCMF1	0.92212933
KCNJ5	0.922123
GABRA3	0.92211217
RDH12	0.92208743
PIK3R1	0.92204934
FAM135B	0.9220262
ADGRL4	0.9220255
ANK2	0.9220084
SVEP1	0.922008
ALK	0.92200035
ATL1	0.92198426
GRB10	0.9219832
ANO2	0.92194986
ACP3	0.921949
SCN4A	0.9219436
QDPR	0.9219419
SIRPA	0.92191714
ERG	0.9218483
CLASP2	0.9218166
TMEM94	0.9217835
POLR3B	0.9217627
INPP5J	0.9217405
LARP4B	0.92168605
ZNF208	0.9216675
MUC16	0.9216655
DGKD	0.92164576
SAR1B	0.9216433
PIK3R1	0.92164135
LRP1B	0.9216223
ACP3	0.92160213
CSMD3	0.9215864
NTNG1	0.9215364
SWT1	0.92150474
MUC16	0.9215018
LRP1B	0.921479
LRP1B	0.921476
FCRL2	0.921473
PLEC	0.9214712
UBE2W	0.92145705
TSHR	0.92145705
RGS7	0.92145383
AHNAK2	0.9214287
ATP10B	0.92141914
BUB1B	0.92139447
HDAC9	0.9213341
KMT2D	0.9213138
GREB1	0.921214
CUBN	0.92120874
PARD3B	0.92119193
LILRB1	0.92117536
PKHD1L1	0.9211736
TATDN1	0.92117095
TMEM30A	0.9211564
CSF3R	0.9211502
MMRN1	0.92114174
FOXP1	0.9211413
ABHD17B	0.9211302
LZTR1	0.9211154
FAM135B	0.9210694
PCDHA5	0.92104834
ATRX	0.9210373
CUL3	0.9210318
MIOS	0.92102104
CSMD3	0.9210068
PRKCD	0.9210041
TSHZ2	0.9209595
TET1	0.9209559
STOML3	0.92090696
COL15A1	0.9209055
GRIN2A	0.92089015
KLK8	0.9208659
MUC16	0.92085624
CREBBP	0.9208502
AAAS	0.92084605
GABRB3	0.9208168
GALNT6	0.92081296
ROBO2	0.9207782
RITA1	0.9207498
MALT1	0.92074347
UBE3A	0.9207408
AQP10	0.92072207
STXBP5L	0.92071056
EML4	0.92069334
DAB2	0.92067957
CNTNAP5	0.9206457
TM4SF1	0.92062616
CR1	0.9206176
SYNE1	0.9206171
P2RX7	0.92061377
GRIN2A	0.92060626
TRAPPC6A	0.92060566
DLGAP2	0.920569
PIK3CB	0.9205661
RBM10	0.9205655
PKHD1L1	0.92055476
ZEB1	0.9205411
MUC16	0.920529
SOS1	0.920499
NALCN	0.92047954
FAM47A	0.92045605
MUC16	0.92043704
PDE4DIP	0.9204365
HIP1	0.9204253
NR4A3	0.92040706
PDCD1LG2	0.92038167
SLC9C1	0.9203732
SLC7A13	0.9203346
MYH1	0.92032474
KMT2D	0.92031956
STAU1	0.92030984
IL21R	0.9202654
LEF1	0.92025435
SCN2A	0.92025155
CDH11	0.92023444
OSBPL5	0.9202329
MUC16	0.9202274
TSC22D1	0.92021686
KIAA2026	0.92021424
LRP1B	0.9201946
SLC39A10	0.92015815
PPM1D	0.9201152
KAT6A	0.92008454
CSMD3	0.9200465
ZRANB3	0.91997814
PAX5	0.91997224
GCN1	0.9199308
EXT2	0.9199216
HGF	0.91989547
LRRTM4	0.9198916
PDZD8	0.9198817
RGS7BP	0.9198468
SLC14A2	0.9198269
GPI	0.9198227
SNAI2	0.9198186
SRCIN1	0.9198146
ZEB1	0.91981393
IGSF3	0.91981024
NHLRC1	0.91979796
SPEN	0.9197834
NCKAP1	0.9197722
ATP23	0.91976905
AMER1	0.91976786
ERG	0.91976386
TLX3	0.9197461
PIK3C3	0.91973567
LRP1B	0.91971695
FOXD3	0.91970295
SHCBP1L	0.91965693
KAT6A	0.9196246
PTPRD	0.9196111
SLC8A1	0.91959155
ANO10	0.919558
GATAD2B	0.919533
NCOA2	0.9195111
KCND3	0.91950065
FH	0.9194966
BIRC3	0.919408
CDH10	0.91939807
PLEKHG2	0.91938865
TTLL7	0.9193436
ANK1	0.9193374
ACVR2A	0.9193326
ZEB1	0.9193132
NAPEPLD	0.9192858
FER	0.91928494
TSPAN14	0.9192727
TFE3	0.91926414
CHD2	0.91923594
PNMA5	0.91923004
RPS15	0.9192184
MCF2	0.9191927
HPDL	0.91917676
SETBP1	0.91915804
CNTN6	0.919132
DISP3	0.9191258
GALNT1	0.9190763
POTEF	0.9190676
SKAP2	0.9190643
CELF5	0.9190292
RNF213	0.9190269
EPHA3	0.91901946
MTMR8	0.91900426
CTTNBP2	0.9189507
PCDHGB2	0.91889954
CANT1	0.9188838
COL5A1	0.9188766
PHIP	0.91884524
APC	0.91882193
AQR	0.9187967
ZNF175	0.91879576
ASPM	0.91879106
PLP2	0.91877997
ROS1	0.9187696
PRKD1	0.9187022
FANCD2	0.91870004
BNC1	0.91869926
LRTM2	0.9186678
NSD1	0.9186645
CEBPZ	0.9186045
ABL2	0.91857815
BCOR	0.91857797
PIK3R1	0.9185547
PRKD1	0.9185085
ZEB1	0.9184968
PTPN13	0.9184941
ACKR1	0.9184634
KDR	0.91845196
DNMT3A	0.91843736
CSMD3	0.9184317
OR52N5	0.9184082
ADAMTS3	0.9183954
BRIP1	0.9183601
NANS	0.91835684
GGT5	0.91834533
GLI1	0.91833234
N4BP2	0.91833115
ASB5	0.91831976
PIKFYVE	0.9183092
NOTCH1	0.91830224
IDH1	0.91828865
TAOK1	0.91826487
RGS7BP	0.9182602
CCDC6	0.9182236
FH	0.91819763
UBR5	0.91818583
PTPRT	0.9181857
STAG2	0.91816735
VCAN	0.9181606
DMRT3	0.9181521
MYH11	0.91814744
CSMD3	0.9181195
GABRG3	0.9180992
ASPSCR1	0.91805726
RERGL	0.9180509
CNBD1	0.91803265
TSC2	0.9180074
RSPO3	0.91799915
DCC	0.9179955
DGKI	0.91799337
ARFGEF1	0.91795474
FAT3	0.91795015
NOTCH1	0.91793513
ADAMTS2	0.91793454
ZFAND1	0.91790736
SETD1A	0.91790605
TLX3	0.9179013
GRIN2A	0.9178789
WNT10B	0.9178321
TFPT	0.91783017
GFPT1	0.917809
NCOR1	0.91779804
TFPT	0.9177968
SKAP2	0.9177945
NEK3	0.9177888
DROSHA	0.91777414
MIA2	0.9177673
PIKFYVE	0.9177536
PLCB4	0.9177495
PIK3CB	0.9177442
FBXW7	0.9177214
NCOR1	0.9177214
ARMH3	0.9177214
RNF43	0.9177155
ZNF282	0.91770566
SIX2	0.91768706
DNMT3B	0.91767526
EPHA7	0.91760737
BCL9	0.9175863
CACNA1G	0.917574
ZPLD1	0.9175692
CNTRL	0.91755354
TET1	0.91754186
SMARCA1	0.9175415
PTPRB	0.9175184
MDN1	0.9175173
RNASE10	0.9175064
BIRC3	0.9174934
DPYD	0.91747737
KCNH1	0.9174751
USP4	0.91747206
SKAP2	0.91746837
DCAF12L2	0.9174112
RSPO3	0.9173974
DHX58	0.9173872
FANCE	0.9173368
NTRK3	0.9173137
CACNA1E	0.9172882
ZNF479	0.9172869
PIK3R1	0.9172654
PAQR9	0.9172515
MPHOSPH6	0.91724724
COL5A1	0.9172461
MCPH1	0.9172336
NALCN	0.9172327
MUC16	0.917206
FNIP1	0.91719747
PEG3	0.9171904
PSEN2	0.9171791
DPP8	0.9171785
BCL9L	0.9171747
WDR93	0.91716003
TRPS1	0.91715825
DSC2	0.9171406
WNK2	0.9171351
SENP7	0.9171212
FAT3	0.91711473
EYA4	0.9171022
ZDHHC15	0.91704816
SPOP	0.91704386
TMTC4	0.91703
C15ORF39	0.9169993
ANK1	0.91697514
DCC	0.9169731
PPIP5K2	0.9168964
NCALD	0.9168831
GLA	0.9168246
MTOR	0.91680986
ANKRD30A	0.91680825
PSMD12	0.91680175
RANBP3L	0.91679794
MRTFA	0.91679335
RIMKLB	0.9167897
EYA1	0.91677654
CHD1	0.9167707
ROBO2	0.9167367
BCORL1	0.91670924
FBXL3	0.91670847
CPS1	0.9166947
ASPM	0.91663
GMEB2	0.91661334
NALCN	0.9165469
MUC4	0.9165395
EPHA3	0.9165341
SYT7	0.91652054
DENND6A	0.9165197
ALK	0.91651416
CRLF2	0.9164824
PFKP	0.9164729
PRRG1	0.916421
STRN	0.91639465
TGM5	0.9163899
KRTAP27-1	0.9163717
ASPSCR1	0.91636574
BAZ1A	0.916354
ARNT	0.91635334
BCL6	0.9163307
RALGDS	0.9163289
MTREX	0.9163122
FAT1	0.9163032
MUC16	0.9162828
CDH18	0.91625494
MUC16	0.9162463
POLQ	0.9162407
VIPAS39	0.9161555
PLEC	0.9161484
FOXL2	0.91612685
MYO5A	0.9161165
MUC16	0.9161122
SLC24A2	0.91610974
ATRX	0.9161005
MUC7	0.91609305
EXT2	0.916087
ZMIZ1	0.9160228
CSMD3	0.9160216
DCAF12L2	0.91599894
TFPT	0.91598946
SOX5	0.915911
UGT2A1	0.9158276
AMER1	0.9158228
KCNA5	0.91581935
FBLN7	0.91579074
KCND2	0.91578496
EPHA3	0.9157842
ATRX	0.91576153
PTPRD	0.9157578
SLC4A10	0.91572726
AFDN	0.9157212
CUL7	0.9157111
FAT3	0.9157069
U2SURP	0.9156885
LRP1B	0.91565704
CCDC42	0.9156298
LRP1B	0.9156053
EPHA7	0.9155919
PDCD1LG2	0.9155816
CNTNAP5	0.91557425
AASS	0.91553557
FANCD2	0.915495
CSMD3	0.915485
CSMD3	0.9154806
SOX7	0.9154482
MCRS1	0.915428
ARHGAP21	0.9153966
PLOD2	0.9153822
PTGS1	0.91536885
RASSF1	0.9153522
MTOR	0.9153461
NRG1	0.91534525
RAD1	0.9153294
ACAA1	0.9153058
IGF2BP2	0.91529685
KCNS2	0.91526055
NUP214	0.9152539
CCDC6	0.9152327
SLC8A3	0.91522616
CARD11	0.9152161
DSG1	0.91521525
CNTN5	0.91521496
MUC16	0.91520864
SRGAP3	0.915207
EXT2	0.9152005
GABRB1	0.9151954
NCL	0.9151866
C7	0.9151826
ARL8B	0.9151781
ADORA2A	0.91517305
ITPR3	0.9151683
PTPRD	0.9151622
SERPINA12	0.9151454
LRP1B	0.9151406
ATP2B3	0.91511905
DRGX	0.91506726
PTPRD	0.9150449
CSMD3	0.9150425
PTPN13	0.91504234
PABPC3	0.91502696
MUC16	0.9150266
CNTNAP5	0.9150063
SSBP3	0.91498846
NPRL2	0.91497767
SLITRK1	0.9149555
MLLT3	0.91494
ATL1	0.91489756
BCL6	0.91487336
ZFAND1	0.91487193
EXT2	0.914831
RPN2	0.9148061
SMR3A	0.9148056
BARD1	0.91480243
NBEA	0.914799
HGF	0.9147917
ZNF780B	0.91478664
HGF	0.91478133
STAB1	0.9147694
ECT2L	0.9147335
MIB1	0.9147301
PCDHB12	0.9147287
HOXA13	0.91472787
MAP3K1	0.91470677
ERBB4	0.914688
VPS35	0.91467446
CSNK1G3	0.9146407
PLPP4	0.9145756
PLCL2	0.9145516
CAND1	0.91448313
PRKD1	0.9144794
DTNA	0.91445965
PCDHAC1	0.9144193
PRKD1	0.9144146
VCAM1	0.91440576
S1PR3	0.9143423
SETBP1	0.9143348
ZPLD1	0.9143227
MUC16	0.9143157
PTCH1	0.9143119
RECQL4	0.914284
QARS1	0.9142833
ATRX	0.91427356
SETDB1	0.91423494
PPFIBP1	0.9142336
HERC1	0.914226
U2SURP	0.9142181
CACNA1D	0.914187
TYW3	0.91406685
GANAB	0.9140501
GRIK4	0.914036
ERBB3	0.9140329
RAP1A	0.9140329
PDE4DIP	0.9140319
ERG	0.9140225
MUC16	0.9140193
EHBP1	0.9140154
BAG6	0.9140135
SLC34A1	0.91397893
ZNF267	0.9139769
EXT2	0.913969
CSMD3	0.9139631
COL3A1	0.91395843
CAMTA1	0.91394633
PRKCA	0.9139231
B4GALT2	0.91391325
TSHZ2	0.9139097
ATP6V1H	0.91388494
TTK	0.913882
LONRF1	0.9138681
SCAMP2	0.9138308
CHD4	0.91380954
TLX3	0.91375834
STS	0.9137249
UBR5	0.9137165
FAT1	0.9137118
FBXO30	0.9137099
TATDN1	0.9137007
FAM47A	0.9136449
CSMD3	0.9136413
CSMD3	0.9136323
HOXB13	0.913631
LDB3	0.9136162
CDK12	0.9136138
ADCY8	0.91360414
SUSD1	0.9135929
NIN	0.9135742
MKI67	0.91356725
SNTG1	0.9135351
CRNKL1	0.913527
RHOT1	0.9135259
KRCC1	0.91352195
CDH10	0.9135139
RASGRP3	0.9135128
CSMD3	0.91350365
FOXP1	0.9134955
CEBPZ	0.9134681
KIF21A	0.91344357
NAV3	0.9134326
GRIN2A	0.91341966
ESRRG	0.9134035
DPYSL3	0.9133977
COL1A1	0.9133633
PDGFRA	0.91334176
FLNA	0.91329515
BRIP1	0.91325676
STAG2	0.91324127
PREPL	0.913234
MUC16	0.9132309
PLEC	0.91322505
CNTNAP2	0.91321176
H2AC16	0.91318774
OGT	0.9131083
MUC16	0.91310316
MEIS1	0.91303
RYR2	0.9130023
RFFL	0.91299856
PREPL	0.9129804
ANK1	0.9129789
ZBTB18	0.91296625
FBLN2	0.9129619
LRP1B	0.9129557
ADCY1	0.9129525
ITIH4	0.9129327
DSCAM	0.91291255
DROSHA	0.9129119
TBX3	0.91291046
UBXN4	0.9129048
PLB1	0.9128754
PIK3R1	0.9128202
GRM1	0.91279525
GNAQ	0.91276395
MAP3K12	0.9127484
AMER1	0.9127268
LEF1	0.91272455
SLC46A2	0.91271865
EHF	0.9127152
PTPRD	0.9127013
SEMA5A	0.9126607
TFE3	0.9126599
CRB1	0.91261137
TARBP1	0.9126013
SETBP1	0.9125975
MN1	0.91259027
DOCK9	0.9125373
KDM5C	0.91246855
PIK3R1	0.91244984
CDH10	0.9124476
PTPRD	0.9124385
ALK	0.91240835
CPN1	0.91239464
DNAJC28	0.9123906
CALB2	0.9123468
WDR38	0.91233516
DSCAM	0.9123088
ADAM33	0.9122815
SCN2A	0.91227984
CREBBP	0.9122701
KDM5C	0.91225
RPL5	0.91221476
MUC16	0.9122112
ASXL2	0.91220856
ZNF521	0.9121886
MAT2B	0.9121778
CDH10	0.9121746
SACS	0.9121655
COL1A2	0.9121521
ZIC4	0.912127
UHRF2	0.91209984
RNF111	0.91207665
GRIN2A	0.91207105
TLX3	0.91206676
OR5AS1	0.91206235
HSPH1	0.91204566
MUC16	0.9120387
KCNA4	0.91203785
HGF	0.91202605
ALK	0.9120206
MUC16	0.91201264
MTOR	0.9120048
DSCAM	0.9119865
SOS1	0.9119732
GHR	0.91195524
RAF1	0.9119319
PRRG1	0.91192913
RBM19	0.91191095
DCHS1	0.9118765
SMAD3	0.91187567
PLEKHG2	0.9118457
LYST	0.91183925
ARHGEF10	0.9118344
KLHL34	0.9118342
ASPM	0.91181356
GATAD2B	0.9117911
KIF6	0.9117561
ARHGAP21	0.91169643
ZNF521	0.9116369
TLX3	0.9116319
ZFAND1	0.9116138
RB1CC1	0.9115955
CHD4	0.9115886
FAT1	0.91154796
BICC1	0.9115018
TIMD4	0.9114975
KIF5B	0.91149163
PTPRT	0.9114733
SELE	0.91146934
PCDH10	0.9114449
RAD21	0.911428
MYCN	0.9114257
PAGE5	0.91142327
JAK1	0.91141945
EPHA7	0.9113773
CSMD3	0.9113611
TNK2	0.9113573
FAT3	0.9112947
DISP3	0.9112928
ANO2	0.91128236
PCDH18	0.91127086
IFNA7	0.91125226
VPS18	0.911237
ACTR1A	0.9112101
MUC16	0.91118073
PTPN11	0.91114616
GAA	0.91112244
RHBDL1	0.91111517
ALK	0.91111195
RTTN	0.9111006
MYO3A	0.91109467
CIC	0.9110571
ALK	0.91102624
MYO1C	0.91096765
NIN	0.9109664
KMT2D	0.9109489
FAM47C	0.9109484
RGS7	0.91094536
KMT2C	0.9109064
CHRNB2	0.91089755
USP45	0.9108937
RAD51AP2	0.9108858
SMC3	0.91088355
MST1R	0.9108781
FOXA3	0.91085523
MOXD1	0.91079515
BUB1B	0.910791
ALK	0.9107639
PPP2R1A	0.91075146
NR4A3	0.9107486
RNF213	0.91074294
ARHGAP21	0.9107381
GRIK4	0.9107307
PDE3B	0.91072536
ATAD2	0.91072094
NTRK3	0.9106773
DUSP6	0.9106499
PRRG1	0.910617
CDK6	0.9105755
EEF2	0.91057456
GRIN2A	0.9105741
AMER1	0.91055477
NCOA1	0.9105499
MAGI3	0.91052085
NRG1	0.9105084
TNC	0.91050184
HGF	0.9104781
BIRC6	0.91047686
CNTNAP2	0.9104631
ATP6V1H	0.9104592
POFUT2	0.910455
OR51A7	0.9104521
FREM1	0.9104312
LZTR1	0.9104211
HEMGN	0.9104196
ABL2	0.9104194
STAT6	0.9104106
DOCK10	0.9103561
RXRG	0.9103534
NBAS	0.9103499
CNTNAP2	0.9103229
FOXO4	0.9103154
GABRA6	0.9103028
NRAS	0.910297
PAK4	0.910273
RAB38	0.91025645
EIF4G2	0.9102354
PAX3	0.91021883
STAG2	0.9102165
MB21D2	0.9101781
RPE65	0.9101569
EXT2	0.910118
HERC1	0.9101148
NAPG	0.9100999
BAX	0.9100988
MUC16	0.9100976
AFF3	0.9100892
MYOD1	0.9100859
RTKN2	0.91008127
MYH7	0.9100754
GABRA1	0.9100662
PLCG1	0.9100026
ATRX	0.90996826
FOXP2	0.9099499
SULF1	0.9099432
PLEC	0.9098951
FAM47C	0.9098716
CNTNAP2	0.90985876
WIF1	0.90984476
FAT3	0.90980387
MUC16	0.90977037
ELOVL3	0.9097607
LEF1	0.9097345
EXT2	0.9097163
IQGAP2	0.9097139
CSMD3	0.9096854
TSHZ3	0.90963244
MAP1A	0.9096291
C6ORF120	0.9096133
FAT3	0.9096112
CUBN	0.9096053
NUP98	0.9095415
MITF	0.90952975
HNF1A	0.9095284
IRF8	0.9095135
GABRA2	0.90948576
SSR3	0.9094821
MLLT6	0.90947664
PTPRT	0.90944874
CCDC146	0.90944475
LEF1	0.9094407
NPR3	0.9093829
PIK3R1	0.9093618
STON1	0.90934676
MSI2	0.9093075
PHKA1	0.9093013
MCM10	0.9092727
PAIP1	0.9092471
MMUT	0.9092207
MUC16	0.9092038
CDH18	0.9091551
ATRX	0.9091543
BUB1B	0.9091504
KCND3	0.9091151
KMT2C	0.9090922
SCNN1B	0.90908456
ALK	0.90908253
HGF	0.90906036
ZCWPW1	0.9090388
PIK3R1	0.9090336
LATS1	0.9090203
MLLT1	0.9089946
DNMT3B	0.9089944
DST	0.90898657
MTHFD1L	0.90898615
ERCC6L2	0.9089777
PTPRD	0.90893734
FAT3	0.90888625
HNRNPH2	0.90888524
SLC9C1	0.90887594
CNTNAP2	0.9088669
KCNN4	0.9088574
LRP1B	0.9088179
SPTB	0.90880316
USP9X	0.9087952
CXORF66	0.9087944
CNTNAP2	0.90878713
CDH10	0.9087741
DSCAML1	0.90876704
AMER1	0.90874624
CDH10	0.9087157
CHST1	0.90870064
MED12	0.9086424
IFNA7	0.90862775
KLHL4	0.9086165
FAT1	0.908599
PTPRD	0.90857524
PLCG1	0.90854335
GRIN2A	0.908518
DAW1	0.9085116
LRP1B	0.90849006
ZFAND1	0.9084617
XRCC2	0.90843457
ZNF521	0.9084307
GEMIN5	0.9083568
SPAG17	0.90834147
KCNJ15	0.9083396
EIF3K	0.90833557
TKTL2	0.90831715
DHFR	0.9082889
COL4A5	0.90827495
ODF3	0.9082594
LAMA1	0.9082391
CDH10	0.9082255
MYO15A	0.90820736
ZNF521	0.90817934
CABLES2	0.9081786
RPN2	0.90815043
UBE2Z	0.9081123
SMAD4	0.9081084
CSMD3	0.9080969
GLI1	0.9080885
GLI3	0.9080828
ACTR8	0.9080803
ERG	0.90807873
PTPRD	0.90806615
PDE1C	0.9080454
PTPRD	0.9080368
ROS1	0.90801865
PPM1D	0.9080097
PPP2R1A	0.908009
OBSL1	0.90800416
CSMD3	0.90798515
MFAP3L	0.9078943
EIF4B	0.90784687
CEP89	0.907809
LRPPRC	0.9077817
PITX3	0.9077796
C1QTNF2	0.90777206
GOLPH3	0.9077602
HCFC1	0.9077517
PPM1D	0.9077441
DIO2	0.9077355
DOCK1	0.90772206
GRIN2A	0.90765554
CCDC186	0.90765536
CSMD3	0.90765065
NLGN1	0.9076343
IRF6	0.9076266
PRPF8	0.9076003
CSF1R	0.9075936
CSMD3	0.9075933
ASPM	0.9075856
BCL9L	0.9075834
PRDM1	0.90755486
GRIN3A	0.9075519
RAB5A	0.90754473
LRP1B	0.90754
DLL1	0.9075289
ITGB5	0.9075218
PIK3CG	0.9075036
PDGFRB	0.9074874
PPFIBP1	0.9074813
FHDC1	0.90748066
COL4A6	0.90747017
TK1	0.9074446
ZBTB41	0.9074341
UBE4B	0.9074275
FAT3	0.90741897
FAT1	0.90741277
SLC7A4	0.90740585
CTNND2	0.90736467
IL13RA2	0.9073644
POLE	0.9073538
PRRG1	0.9072944
MMUT	0.9072928
RETREG1	0.90727764
ATRX	0.907274
TSC1	0.90727115
POLE	0.9072421
ANLN	0.9072381
COL4A1	0.90723556
FRYL	0.90723544
ZNF521	0.9072348
WRN	0.907233
MRTFA	0.9071794
SLITRK2	0.9071625
MUC16	0.90716064
AGL	0.9071316
PLCG1	0.9070881
MAGEL2	0.9070732
SMAD2	0.9070642
CACNA1G	0.90706277
PTPRK	0.907058
PTPRD	0.90704095
CCDC6	0.9070236
TBL1XR1	0.90700257
ENDOD1	0.906973
XIRP2	0.90695256
CD6	0.90694314
BMP5	0.90693295
KCNQ2	0.90691376
ERG	0.9069018
ACAN	0.906899
CUL1	0.90687716
TNN	0.90684813
GRIN2A	0.9068375
PSPC1	0.90681994
MUC16	0.9067731
EBF1	0.9067089
FAT4	0.90668005
ITPR3	0.9066526
BRCA1	0.9066483
CDH10	0.90664655
PTPRJ	0.906645
PDYN	0.9066071
OPA3	0.9066047
PTCD1	0.90658265
CNBD1	0.9065819
TP63	0.9065735
EPHA7	0.9065702
MYO18B	0.9065663
HMG20A	0.9065397
PTPRD	0.90653384
LRP1B	0.9065336
DCAF12L2	0.9065247
CNTNAP2	0.90651876
DROSHA	0.9065045
CALN1	0.90650356
GARRE1	0.9064827
BRAP	0.90647984
EXT2	0.90647846
ZEB2	0.9064737
DICER1	0.9064496
ZFHX4	0.9064456
CLIP1	0.90639645
ZEB1	0.9063534
PLEC	0.90631783
TAL1	0.90629894
TRIM24	0.9062536
LCK	0.906239
LILRB1	0.9062277
IRS4	0.906219
STAT3	0.9062048
PTPRD	0.9062045
PAMR1	0.9061933
MUC16	0.90618324
FAM135B	0.9061824
KRT5	0.9061775
ENPEP	0.9061757
LTBP1	0.90616745
MEF2D	0.9061666
EPHA7	0.9061285
BAZ2B	0.9061268
NBN	0.9061231
POU2AF1	0.9061209
ZFHX3	0.9061026
CTNND2	0.90605974
EZH2	0.90605783
PIGN	0.9060515
MUC16	0.90600747
ATRX	0.905983
TFE3	0.90597904
ZFP91	0.90597796
PTPRD	0.9059749
ANK1	0.9059726
CCDC7	0.90593725
GRIA2	0.9058786
ZNF479	0.9058683
SLC12A9	0.905858
MRPS27	0.90582144
COL2A1	0.905805
KMT2D	0.9057855
CNTN3	0.9057748
CNTNAP2	0.9057376
CBX5	0.9057369
BCL6	0.90568763
ABCA1	0.90566605
UBQLN2	0.90564364
HOXB1	0.9056287
RBM42	0.9055868
DICER1	0.9055585
GABRB2	0.90553606
GRIN2A	0.9054864
HNRNPA2B1	0.90547866
SI	0.9054719
LATS1	0.9054468
REM2	0.90544057
PLEC	0.9054242
INSRR	0.90541756
PAX1	0.90541077
CSMD3	0.905336
CDH8	0.9053104
CARD8	0.90528184
ANTXR2	0.90528095
RPL10	0.9052433
F5	0.90521926
KBTBD8	0.9052178
CSMD3	0.9052
FAT3	0.9051831
MYH11	0.9051753
CSMD3	0.905163
DPYD	0.90513414
ECT2L	0.9051286
FZD2	0.90503234
MEGF8	0.90500605
RSPO1	0.90500325
LRP1B	0.90499777
NCOA1	0.9049965
NOTCH2	0.9049939
PRDM16	0.9049927
LRP1B	0.9049856
CHRNA2	0.9049812
GPCPD1	0.9049812
ADCY9	0.90495884
KMT2D	0.90495104
CLUAP1	0.904936
AFF3	0.9049288
MACF1	0.904917
ASPM	0.90489215
KMT2A	0.9048682
PPP2R1A	0.90485704
MUC16	0.9048366
OR4K2	0.9048272
COL20A1	0.9048156
SETD2	0.90479684
LYN	0.9047393
PDGFRA	0.90471464
NPTN	0.904708
CDH20	0.9047034
SRCIN1	0.90465486
RPN2	0.9046338
LRP1B	0.90461147
RAP2C	0.90460426
LRP1B	0.9046015
PIGA	0.9045955
TAPBP	0.904584
MUC16	0.90456265
CSMD1	0.9045162
TLR7	0.90451205
TTC14	0.9045077
NTRK3	0.9044957
MYH9	0.9044931
MBIP	0.90448904
ROM1	0.90446085
FAT3	0.90444213
TET1	0.90442955
CTNNA2	0.9044282
SF3B1	0.9043983
SHISAL1	0.90439683
ASB5	0.90439177
TSHZ3	0.9043893
ITK	0.90435576
TCF7L1	0.90433216
FZR1	0.90430164
GYPB	0.90428966
NIN	0.90416783
TRPC4	0.904147
RASGRP2	0.90407276
ZNF84	0.9040706
PTPRD	0.9040673
LRP1B	0.9040669
NTRK3	0.90404177
CSMD3	0.9040003
PDGFRA	0.9039788
EYA4	0.903954
SGO1	0.903926
CNTNAP2	0.90391344
CDX2	0.9039068
LPA	0.9038995
FLT4	0.9038629
GRIN2A	0.9038211
CD209	0.9038191
FOXP1	0.9038165
CSMD3	0.9038124
OR9G1	0.9038122
DCX	0.90378934
ABCA8	0.9036978
ASPM	0.9036748
SLCO1B3-SLCO1B7	0.90365696
NLRP7	0.90363705
TENM1	0.9035974
ADAM11	0.9035856
NUTM1	0.90355325
ENOX1	0.90351295
CSMD3	0.90351015
GPR156	0.90350246
OR2T6	0.9034948
CD22	0.9034826
PSMC3	0.90347075
SEC31A	0.903464
STAG2	0.90342766
NEUROD2	0.90340966
KCNT2	0.9033357
PARP14	0.9033354
ALK	0.90328896
CDH8	0.90328604
TMC7	0.9032375
LARP4	0.903219
TNC	0.9031967
CRNKL1	0.90319484
HLF	0.9031862
NLGN1	0.9031447
WDR83OS	0.903071
GABRB2	0.9030404
TINAG	0.90301305
FAT1	0.9030117
CNTNAP2	0.9029915
KMT2C	0.902968
SNRPG	0.9029454
NPLOC4	0.9029255
PREX2	0.9029045
RUVBL1	0.9028902
PTCH2	0.90287316
DMBX1	0.9028577
ENAM	0.9028388
OR5AU1	0.9028223
GRM1	0.9028218
PREX2	0.90280557
RGS7	0.9028002
PTPRD	0.90279627
NBAS	0.90278554
FAM47A	0.9027467
GFPT2	0.902738
ACSL1	0.90272945
LONP2	0.9027216
GRM5	0.90270716
DLG5	0.90268475
STRN	0.90268373
NDUFA8	0.9026805
KLB	0.90267086
JAKMIP3	0.90266997
C6ORF118	0.9026628
CHD9	0.9026376
GRIA4	0.90262806
NTRK2	0.9026232
GRIN2A	0.9025774
CBARP	0.902564
ERG	0.90252614
FAM47C	0.9024781
PCLO	0.90247446
OR1N2	0.90246016
HCK	0.90244746
ABCD2	0.9023878
TBRG4	0.9023837
SVEP1	0.9023828
LDB3	0.9023819
HGF	0.9023601
EIF3E	0.90235865
CSMD3	0.9023386
ABCA9	0.90232307
YBX2	0.90230775
CDH10	0.9022821
ACLY	0.9022591
TEC	0.9022588
GLI1	0.9022377
PRKCB	0.90223527
CSMD3	0.90223426
KRT13	0.9022068
ZMYM6	0.90220666
SLAMF1	0.9021885
FAM47C	0.9021804
FAT3	0.9021592
NSD1	0.90215635
SYT16	0.9021492
FOXL2	0.9021472
CTNNA3	0.90214485
ATRX	0.90213215
SMC4	0.9021166
RAPGEF6	0.9021015
GSPT2	0.9020886
CNTNAP2	0.90208787
CAMTA1	0.9020845
LARP4B	0.90208197
FGFR4	0.90206385
MUC16	0.9020493
KIF5B	0.9020407
SOS2	0.9020382
PRKAR2B	0.9020374
SLC6A1	0.90202117
PLEKHG2	0.9019696
PTPRC	0.90192956
ZAN	0.9019184
NALCN	0.9018982
OSBPL3	0.9018934
IRF2BPL	0.9018644
BDP1	0.90184337
FBN1	0.90183413
WDR45	0.901825
MERTK	0.90181345
BRWD3	0.9018091
PTPRT	0.90177673
NSD3	0.9017521
VAV1	0.9017519
ATL1	0.90175164
ATRX	0.90175164
CCDC178	0.90174955
EXT2	0.90174186
NCKIPSD	0.90172726
CATSPERD	0.901727
SLITRK4	0.9017251
NTRK2	0.9017065
PRKCA	0.90166306
MAGEC3	0.9016429
FAM47C	0.90164286
EIF4A2	0.90162355
COL3A1	0.9015805
OR6C1	0.9015802
NR4A3	0.9015767
PLEC	0.90156895
SEC23IP	0.90156174
BCL3	0.90150946
ADSS2	0.90150505
NIN	0.9014882
AKT3	0.9014573
MARK1	0.90144956
SETBP1	0.9014425
CSMD3	0.901407
RNF217	0.90140307
CSMD3	0.90138817
ITGA3	0.9013699
KDM5C	0.9013548
TTLL4	0.9013363
COL3A1	0.9013083
HNF4A	0.9012973
HLF	0.9012853
IGSF1	0.90127516
TLX3	0.9012722
CSMD3	0.9012437
MUC16	0.90122885
PPFIBP1	0.9012267
MUC16	0.90121853
ARID4B	0.9012169
CSMD3	0.90118
RPN2	0.90117496
ZEB1	0.9011713
CNTN5	0.90114266
CDX2	0.9011311
TTLL7	0.90107274
AOPEP	0.9010656
AP1G1	0.90102684
NCOA2	0.90102535
KIAA1109	0.9010186
BABAM2	0.90101707
CHEK2	0.90101314
IMPA1	0.90100634
CFAP47	0.90098757
CANT1	0.90094864
BCL9L	0.9009353
PIK3R1	0.9009057
MUC16	0.9008693
GOPC	0.9008652
EBF1	0.9008589
RASGRF2	0.90082085
EXT2	0.9008193
LRP1B	0.900817
SLC4A8	0.9008016
HIVEP2	0.900766
CDH11	0.90072787
KIF5B	0.9007221
CRTC3	0.9006699
FBXL2	0.90064675
POLE	0.90064096
TBX3	0.90062904
GRIN2A	0.90062416
PLCG1	0.90061253
SMAD4	0.90059125
CSMD3	0.90058595
ANKRD30A	0.9005381
EXTL3	0.900531
DOP1A	0.9004807
PCDHB2	0.9004715
WRN	0.9004709
ZNF479	0.90045524
SMAD4	0.9004379
PCSK7	0.90042305
BCLAF1	0.90039355
CCNE1	0.9003785
LRP1B	0.9003304
KCNB2	0.90031606
BRCA1	0.9003001
MUC16	0.9002958
CSMD3	0.90028834
RAF1	0.90028197
CNTN5	0.9002795
TRIB2	0.9002762
BCL11A	0.90025634
POLG	0.9002422
MAPK1	0.90022653
MYO1D	0.9002121
CDKL1	0.9002106
PTPN3	0.9001993
CIT	0.9001929
MAPK1	0.900138
PCDHGA12	0.9001324
CHRM2	0.9001168
PRDM16	0.90011287
ACVR1	0.9000946
SYT13	0.90008724
TMCO2	0.9000832
VCAN	0.90005904
BCLAF1	0.9000382
CTNNB1	0.9000193
TOPORS	0.90000176
PRKD1	0.90000105
KMT5B	0.8999909
EIF4G2	0.8999684
PRCP	0.89993334
CNTNAP2	0.8999277
KDM6A	0.899923
SPRED2	0.899904
SLC5A12	0.89984334
PATZ1	0.899827
DICER1	0.89981663
ZEB1	0.89981484
PTPRD	0.8997896
SCAMP2	0.8997749
ERG	0.89976275
NEB	0.8997601
XKRX	0.89973015
MECOM	0.89971775
ETV5	0.89971566
POTEF	0.8996922
PPFIA1	0.8996376
MYH4	0.899625
MTTP	0.89962184
GLIS1	0.8995922
SOS1	0.89958376
CTNNA2	0.89956886
MAP2K2	0.8995577
DUSP6	0.8995509
HIVEP1	0.89953935
STAG2	0.8995348
SLC8A3	0.8995047
OR6K6	0.89943075
ZFP36L1	0.8994141
PHF3	0.89938456
PLEC	0.89929485
FMO1	0.8992884
PCDH8	0.899262
BCL3	0.8992464
CHD5	0.899237
PTPRD	0.89923584
YIPF5	0.89920765
EPHA7	0.8992065
FOXM1	0.89919865
STAG1	0.89916974
LRP1B	0.89912647
JAK2	0.89912033
KIF24	0.8991151
BCL9L	0.8991089
EXT2	0.89910144
PCDHGA5	0.89909786
SENP2	0.89909774
KDR	0.8990679
CDC27	0.89906627
HECTD4	0.89906025
ATP2B3	0.8990459
FLT4	0.8990252
ANK3	0.8990158
TBX5	0.89900595
FAT3	0.8990014
MYH7	0.8989976
DPP10	0.89896667
USH2A	0.898943
PDGFRB	0.8989424
TNC	0.8989333
GPC5	0.8989192
DCPS	0.8989061
GEMIN6	0.898866
ZMYND8	0.89884424
MUC16	0.89884233
FOXL2	0.8988055
DCX	0.89875656
NUP210	0.8987212
FLG2	0.89872116
PON3	0.8986845
PLEKHG2	0.89865243
CSMD3	0.89863604
PCDH8	0.8986357
RTL3	0.89862806
NCOR1	0.89853996
SATL1	0.8985352
CSMD3	0.89852583
NBN	0.8985196
AASS	0.89849097
SLC35F2	0.898481
ODF2	0.89847827
FOLH1	0.89840037
ZIC4	0.8984001
KCNC1	0.8983816
NTRK1	0.898381
BARD1	0.89837974
CSMD3	0.8983779
GMEB2	0.8983748
PTPRD	0.8983741
DPAGT1	0.8983728
KRT32	0.898368
TIAM1	0.8983567
ADCY3	0.8983387
CDH10	0.89829016
ARID1B	0.8982885
MYO3B	0.8982848
RAG1	0.89826155
EPHA3	0.89824325
ROBO1	0.8982157
KIAA1549	0.8982012
NDUFS1	0.8981879
CACNA1G	0.89817655
ME2	0.89815587
PDS5A	0.8981147
CSMD3	0.8981117
GAS7	0.89811146
FLNC	0.89805347
KLC2	0.8980518
ROS1	0.89800817
SIPA1L2	0.89800066
PLG	0.897987
EIF2AK3	0.89797366
COL1A1	0.8979593
ETHE1	0.8979134
MUC16	0.89790094
BRIP1	0.89787006
CTNND2	0.8978646
MS4A5	0.89786035
MTHFR	0.89783007
POU5F1	0.8978173
MAGEC3	0.89781207
TET1	0.8978113
PPL	0.89778024
COL2A1	0.8977777
H1-2	0.89777493
AACS	0.8977739
PCDHA11	0.8977308
MAX	0.8977261
HEATR5B	0.8977213
TCERG1L	0.89771724
KCNA2	0.8977139
PPP2R1A	0.8976895
SLC4A7	0.89768726
PPP2R1A	0.8976831
UBASH3B	0.89763963
SLC35G5	0.89763063
PI4KB	0.89762735
TBL1XR1	0.8976273
SPDL1	0.89762104
DNMT3A	0.897585
PTPRD	0.8975529
UGGT2	0.8975396
GOT2	0.8975193
PLPPR4	0.89750123
PTPRD	0.8974988
CYYR1	0.89748293
ACOT9	0.89747673
SLC4A3	0.8974492
EIF4E	0.8974489
IGSF1	0.8974293
MCM5	0.8974259
PPP2R1A	0.89741546
CDK16	0.8974056
PTPRB	0.8973508
LRP1B	0.89733624
DNAH11	0.897295
XDH	0.8972713
CNTNAP2	0.89723384
KRTAP10-9	0.8972297
KMT2C	0.8972131
AHSA1	0.89721036
ASTN2	0.8972099
N4BP2	0.897161
GEN1	0.89715075
ADAM23	0.8971436
CDK12	0.89713717
ARHGEF12	0.89711905
RUNX1T1	0.89707625
COL2A1	0.8970678
WDR17	0.8970582
TCF7L2	0.89704436
CARD11	0.897042
CSMD3	0.8970413
PAX7	0.89703834
HECW2	0.897032
BNC2	0.89700276
BRIP1	0.8969518
CSMD3	0.89694464
FLT3	0.8969395
HID1	0.896933
WNT2	0.89691883
PLEC	0.8969137
ARHGEF10	0.8968998
C2ORF16	0.89688873
FAM184A	0.8968818
TCEA1	0.8968556
SLITRK3	0.89683956
NEB	0.8967479
DCAF12	0.89674044
PIK3R2	0.8967378
NTRK3	0.896726
N4BP2	0.8967214
EPHA7	0.89671236
SYMPK	0.8966867
FILIP1L	0.89667225
OR4K1	0.8966287
SENP2	0.8965826
NRG1	0.8965503
ERG	0.8965492
PRPF4	0.89651465
MYH9	0.8965069
ANK1	0.89649445
FAT3	0.8964916
GRIN2A	0.896429
FNBP1L	0.89641607
AKT2	0.89640796
GRM1	0.8963641
TRAF3IP1	0.8963521
TRDN	0.8963384
WDR38	0.89633304
PDE10A	0.8963108
COL3A1	0.89629996
ACVR2A	0.89628315
PTPRD	0.89626
GABRA6	0.8962423
ERG	0.8962319
MTOR	0.896225
MYH11	0.89618456
PIK3CB	0.8961827
ZNF521	0.89617217
RTL4	0.89614946
PEAR1	0.89612657
FAT4	0.89609706
PDGFRB	0.8960944
ICE1	0.89606327
CPB1	0.896046
GIMAP8	0.8960323
FOXP1	0.8960186
POLR2B	0.89599234
MLLT6	0.8959431
CTNND2	0.89591664
MUC16	0.89589936
FAT3	0.8958608
LPIN2	0.89584875
EED	0.89584154
FOXA1	0.8958298
CD2AP	0.89582807
MUC16	0.89582336
WRN	0.8957985
GALNT13	0.89575535
NR6A1	0.89575195
NALCN	0.89574367
HOXA11	0.8957203
MARK1	0.8956876
IMPG1	0.89567894
DUSP6	0.8956659
SRPK2	0.8956444
XPA	0.89559895
SPATA18	0.89559215
CSMD3	0.8955837
B2M	0.8955825
RUVBL1	0.895573
CTNNB1	0.8955214
HTRA2	0.89551497
ZEB1	0.8954823
SCG3	0.89543724
ADCY1	0.89543605
BRIP1	0.8954353
LRP1B	0.8954289
SETD2	0.89542025
CAVIN1	0.89540195
NCOR1	0.89539135
PCDHB2	0.89537024
PDGFRA	0.89535344
SCN1A	0.8953482
ERG	0.89533144
MATK	0.8953055
CBL	0.89527404
ZNF479	0.89523506
CCNYL1	0.8952298
IP6K1	0.8952039
PTH2R	0.89519954
GRIN2B	0.8951421
FLI1	0.8951319
ADCY9	0.89513063
MAPK1	0.89510846
ZNF76	0.89508826
LRP1B	0.89507747
NALCN	0.89507324
ATP2C1	0.8950641
PRPF8	0.89505535
ATRX	0.8950403
FAT4	0.8949939
FAT3	0.89497834
RBM10	0.8949679
BAX	0.8949553
NR3C2	0.8949375
DCC	0.8949374
MUC16	0.8949093
MYO1C	0.89489233
BAX	0.89489037
NCOA4	0.8948856
CLTCL1	0.89488095
ERG	0.8948715
DICER1	0.8948626
YBX3	0.89485365
OVOL1	0.8948378
PCDH15	0.8948365
EGFLAM	0.894811
GRM1	0.8947941
ITSN1	0.8947896
STAG1	0.894783
NOTCH2	0.89477783
MUC16	0.89472663
MRC1	0.89470816
USP9X	0.89464885
MUC16	0.8945973
MYLPF	0.89458793
EIF4B	0.8945734
GLI1	0.8945098
ASXL1	0.89450747
ALK	0.8945031
ITPRID1	0.89449954
AHCTF1	0.8944973
CCSER1	0.894454
ATP13A4	0.89445335
ALK	0.8944515
TRPM1	0.89444935
MUC6	0.89441746
KMT2D	0.89439833
HCFC1	0.8943874
KIAA0319L	0.89438504
TYSND1	0.89436525
PATZ1	0.8943377
EP300	0.8942993
COL3A1	0.89429206
GRIN2A	0.89427567
STAT3	0.8942542
BMT2	0.89425415
SMAD1	0.89422745
LRP1B	0.89422596
PRPF40B	0.8942179
FBN1	0.8942175
ZNF560	0.89421153
SMARCA2	0.89420944
CNTNAP2	0.8942055
AQR	0.8941878
MAGEC3	0.8941854
PTPRD	0.89417017
GABRA6	0.89414346
NAPEPLD	0.8941406
CT83	0.89412194
ANK1	0.8940705
ERCC6	0.8940704
PLEC	0.89406836
CSMD3	0.8940623
IMPG2	0.8940598
CSMD3	0.89403653
ANK1	0.8940011
MUC16	0.89399916
MAGEC3	0.89398766
NEB	0.89397234
CLCA2	0.89395106
ANK1	0.8939448
ERG	0.8939384
CTNND2	0.8939083
DMD	0.8938982
PML	0.893875
CSMD3	0.8938714
CDH11	0.8938586
LIG1	0.8938528
CDH10	0.8938526
ATXN1	0.89384097
CARD11	0.8938398
CSMD3	0.89382774
SPAG9	0.8937997
CBL	0.89379597
ATP2B3	0.89379054
SLK	0.8937691
NFATC3	0.8937399
TENM1	0.8937224
ERICH3	0.8937106
MAN1C1	0.89370877
TNC	0.89370316
ITK	0.8936833
MUC16	0.8936591
PTPRD	0.8936535
HSP90AB1	0.8936492
CSMD3	0.89361525
HSP90AA1	0.8935961
SLC5A12	0.8935901
PACS1	0.89357996
GRIK3	0.8935713
BCR	0.89354736
ERBB4	0.8935351
CSMD3	0.8935297
ATP2B3	0.89347196
SF3B1	0.8934347
PTCH1	0.89343375
EPHA5	0.89341766
PLCG1	0.8934107
ERG	0.8934085
CSMD3	0.8933717
GABRA5	0.8933431
MTMR2	0.89333737
SP110	0.89333606
TIAL1	0.89332557
FANCG	0.893313
FOXL2	0.8933071
BCL11A	0.8933027
PTPRD	0.8932791
FAT3	0.89327556
GRIN2A	0.8932703
EEF2	0.89321756
NPR3	0.8932085
CC2D1B	0.89319146
MLH1	0.8931886
PCDH19	0.89316416
NOLC1	0.8931573
RBM14	0.893142
DOCK10	0.8931073
ZFAND1	0.8931024
STK35	0.893101
GRIN2A	0.893078
LUC7L	0.8930136
LCT	0.892993
RNF165	0.89297193
SLC44A1	0.89294595
DDX59	0.89294535
NOTCH2	0.89292383
RXRA	0.89290214
NTRK1	0.89289767
TBL1XR1	0.8928821
CSMD3	0.892861
BAX	0.8928176
CREBBP	0.89281356
KRT38	0.89278126
CDH2	0.89277023
KMT2A	0.89276284
NCALD	0.892762
HGF	0.89269435
PLP2	0.89268374
KCNT2	0.8926814
PLPPR4	0.8926793
CDH9	0.8926781
RAVER2	0.8926617
PRKD1	0.89265674
POLE	0.89262015
CD209	0.89261657
LCT	0.8925786
MYH6	0.89255077
PRF1	0.8925363
CLDN17	0.89252204
FRAS1	0.89249533
LRP1B	0.8924821
PKHD1L1	0.8924711
SUSD3	0.89245737
KCNJ12	0.89245653
ZEB1	0.892454
LRP1B	0.89245397
PREP	0.8924538
UBASH3A	0.8924507
CTNND2	0.89243436
FLNA	0.89242786
SYNJ2	0.8924137
POLE	0.8923976
HIP1	0.892385
NSRP1	0.8923601
CD248	0.892309
FOXP1	0.8922329
MMGT1	0.89222085
ZNF479	0.89219856
XPO1	0.8921852
ACVR2A	0.8921673
GABRA6	0.89216125
EYA1	0.89214844
ASXL1	0.8921312
SDCCAG8	0.8921185
COL2A1	0.8921066
KMT2C	0.8921021
PTPRD	0.8920911
KMT2A	0.8920908
AGPAT4	0.89207345
SF1	0.89206296
COL1A1	0.8920599
PRPF40B	0.8920531
TKTL2	0.89205015
ITLN1	0.8920484
KLHL1	0.89202803
PDZD2	0.89202523
TBL1XR1	0.8920225
CTNND2	0.8920204
LRP1B	0.8920202
CYTH1	0.8920197
SENP2	0.8920045
MUC16	0.89199907
KAT6A	0.8919846
CTNND2	0.89198047
EFR3A	0.8919701
NSD1	0.8919677
SOS1	0.89192986
ZNF519	0.89191234
TRIM33	0.8918562
CLCA2	0.89184874
DNTTIP2	0.8918423
ZNF235	0.8918401
RXRG	0.89183164
POLN	0.89182925
THOC2	0.8918291
AHSA1	0.8918282
MYO1C	0.891827
PPP2CB	0.891803
KIF13A	0.8918011
PRKD1	0.89174914
DPY19L3	0.89173865
PPM1D	0.8917143
LAMP2	0.89169604
CDH10	0.8916956
LEFTY2	0.8916956
NCKAP5	0.8916758
EXT2	0.89167476
ATRX	0.8916714
XXYLT1	0.89165854
MUC16	0.8915857
MUC16	0.89155614
MTTP	0.89155585
TBX19	0.89155203
LIFR	0.8915062
TRIM33	0.8914793
ALG13	0.8914732
APC	0.89147043
PROS1	0.89146674
CSMD3	0.89145887
PAX7	0.8914497
POP4	0.8914421
MACO1	0.89143324
PIP	0.8914236
SMARCE1	0.891416
PTPRC	0.8914109
LTBP1	0.89141065
CMTM1	0.8913901
IPO5	0.8913726
NRXN1	0.89136297
C2CD3	0.8913515
FAT4	0.8913481
POLQ	0.89131373
KIAA1549	0.8912973
FAT4	0.89128524
OR4Q3	0.891273
SLC17A8	0.8912644
TOP3A	0.8912522
AXIN2	0.8912426
PHLDA1	0.89118105
HOXC13	0.89114165
ERBB3	0.89112395
NDRG1	0.89111996
FAM20B	0.8911189
GRIN2A	0.8911086
FAT3	0.89108884
C9ORF85	0.8910805
XAGE5	0.891062
ALK	0.89104706
FAT4	0.8910439
ATR	0.8910392
FLRT2	0.8910292
NALCN	0.89101374
FZD5	0.89099276
TMEM94	0.890958
GRIN2A	0.89095664
ASIC4	0.89094853
ALK	0.89093715
MB21D2	0.89090484
SDHAF2	0.89088666
CSMD3	0.89086664
WWTR1	0.89083415
BUB1B	0.89082426
HIP1	0.8907962
NR4A3	0.89078
PAPPA2	0.8907722
PTPRK	0.8907468
MYO18B	0.89074385
STAG2	0.8907283
WT1	0.8907167
MAP4K3	0.89071023
DCAF8L1	0.8906933
PPARG	0.89066684
NTRK3	0.8906621
MUC16	0.89065856
NPAP1	0.8906286
SMC1A	0.8906247
GPN1	0.89059174
ACTN2	0.89058757
MEN1	0.8905852
C2CD2L	0.890565
SYT9	0.8905449
NIN	0.8905379
NCL	0.8905157
SKI	0.89048964
CSMD3	0.8904743
SCAMP2	0.89045924
ABCA12	0.8904561
CCDC39	0.89044744
HAPLN4	0.89041144
HCRTR2	0.8904105
TRPM1	0.8903881
PTPRD	0.89036167
CSMD3	0.89035386
RELN	0.89034337
NLRP12	0.89032817
MUC16	0.8902666
LLCFC1	0.8902643
MUC16	0.8902626
WNT8A	0.8902617
TMEM127	0.8902594
THAP12	0.8902214
NTRK1	0.89019066
SLITRK4	0.8901881
COL3A1	0.8901864
KMT2C	0.89015067
SCN4A	0.8901473
GRIK2	0.8901302
ACVR1C	0.89012563
TTF1	0.890118
PRDM1	0.8901025
ATRX	0.89009994
FAM91A1	0.8900627
FAM47C	0.8900355
MUC16	0.8900028
ROCK1	0.88999087
CFAP43	0.88997096
ACKR3	0.8899116
GRIN3A	0.88990897
RFWD3	0.88989645
CSF1R	0.88989353
NEK1	0.88986796
ZFHX3	0.88985664
CYP26B1	0.8898452
MB21D2	0.88984066
IMPG1	0.88975906
ARID5B	0.8897586
CACNA1C	0.88973254
SLC23A2	0.8897177
HGF	0.8896644
ERAP2	0.88965505
FAM47A	0.8896422
NOTCH2	0.88963044
SPATA31D1	0.8895962
EDIL3	0.8895946
IMMT	0.8895926
RNF17	0.8895695
DCAF12L2	0.8895691
ACTC1	0.8895438
PRDM9	0.8895203
CSMD3	0.8894701
ATRX	0.8894616
ATRX	0.8894478
GNAS	0.88944274
FAT3	0.88941973
TM6SF1	0.8894043
CNTNAP2	0.88934153
PRKD1	0.889331
UBC	0.88933057
DUSP6	0.8893209
NME6	0.8893191
CUX2	0.8892975
LAMA2	0.88928765
STX3	0.8892781
ERG	0.8892625
HCK	0.8892399
FAM117B	0.889221
PIK3CG	0.88922024
FAM217A	0.8892174
MB21D2	0.8891911
ATP6V1H	0.8891557
ADAMTS1	0.8891479
CLCN7	0.88913935
DST	0.8891303
CNTNAP2	0.889112
ZNF536	0.8891034
TFRC	0.8890789
RASSF8	0.8890754
ARL6	0.8890618
LRP1B	0.88906103
OR10H4	0.889053
PCLO	0.88904905
PIK3CB	0.8890441
CDC27	0.8890323
LGR5	0.88900226
IL21R	0.8890015
HIPK2	0.8889995
TRPS1	0.8889503
PCDHGA3	0.8889297
CNTNAP2	0.8888921
BNC2	0.8888234
SLC6A1	0.88881147
MSRB3	0.88880694
FAT1	0.88880694
ALK	0.8887927
SORCS1	0.8887793
FAT4	0.8887559
SEC23A	0.88874567
CSMD3	0.88874435
WDR17	0.8887333
ANK3	0.8887015
FOXI1	0.8886822
FAM47B	0.8886763
DCTN1	0.88867587
CSMD3	0.8886737
LRP1B	0.8886708
KLHL38	0.88866806
C1ORF52	0.8886545
CEP89	0.88861734
PTPRN2	0.88861644
FRMD7	0.88858044
APC	0.88857025
UNC5D	0.8885658
MRE11	0.88854635
PTCH1	0.8885375
CEP89	0.8885095
NPR2	0.8884994
TNNT2	0.8884304
NEXMIF	0.88841957
CUL1	0.8883895
ITPR2	0.8883815
VPS13C	0.8883203
KLHL1	0.88831127
NTNG1	0.8883055
CLUAP1	0.8882866
CDH11	0.88828033
FAM47C	0.8882566
CNDP2	0.88825643
PAPPA2	0.88825095
NUMBL	0.8882475
RNF213	0.88822603
CARD11	0.88822323
VPS4B	0.8881962
PLCG2	0.888178
CEP89	0.888046
SOS1	0.8880366
CSMD3	0.88801867
CALN1	0.8880173
GPC5	0.88801426
ALDH2	0.88800913
AACS	0.8879311
PIK3R1	0.8879242
MYOD1	0.88792413
FOXG1	0.88791466
COL12A1	0.88790643
FAM135B	0.88790596
LAMA3	0.88789374
SLFN11	0.8878876
ZFAND1	0.8878816
GPRC5B	0.8878777
ADAMTS9	0.8878703
FAM135B	0.88786876
DOP1A	0.8878631
CPA5	0.8878626
CTNND2	0.88782513
FAT4	0.8878113
IPP	0.8877912
JAK2	0.8877842
PPHLN1	0.88777936
RORC	0.88775945
WDR64	0.8877461
CYP2C9	0.88773525
GIN1	0.88771164
FAT4	0.88768995
XYLT2	0.8876882
MTTP	0.88768256
PSG9	0.8876548
PRKD1	0.88763875
AKT2	0.88762826
SUSD1	0.88762355
CNTNAP2	0.8876043
EXT2	0.88758475
COL3A1	0.8875809
ZNF676	0.8875678
YOD1	0.8875596
CADPS2	0.8875542
KRTAP10-9	0.88754344
ARHGEF16	0.88753587
ZNF521	0.88753176
ADNP2	0.88752735
FAM171A1	0.8874905
COL9A1	0.88748145
MUC16	0.88744193
NDRG2	0.8874242
LRP1B	0.8874219
TEC	0.88741744
PYHIN1	0.88741565
HERC1	0.8873948
A1BG	0.88738763
HOXA13	0.887371
SMYD4	0.88735956
MGAM	0.88734657
ANK1	0.8872705
SLC9A2	0.8872572
NTNG1	0.88724285
PRKACB	0.88722765
EZH2	0.8872077
YIPF5	0.8872008
ACER2	0.887176
RECQL	0.88714373
MB21D2	0.8871384
PRKAG1	0.88713557
CDX1	0.8871353
GPC5	0.88713324
ALK	0.8871103
ANKRD29	0.8870975
FAT4	0.887087
TRAPPC5	0.8870806
KMT2C	0.88706815
ZFYVE28	0.88706076
S1PR4	0.8870567
EXT2	0.8870467
CXCR4	0.88699734
ATR	0.88693964
EXOSC9	0.8869385
CNTNAP2	0.8869346
MYO3A	0.88689315
MORC1	0.8868606
ITPR3	0.88685507
ERN1	0.8868536
CSMD3	0.88685006
HOXD9	0.8868485
GLRA3	0.8867805
ACTN1	0.8867646
MTMR14	0.88675725
GABRA6	0.8867458
GABRR1	0.8867382
HIPK1	0.88673306
SLITRK1	0.88672316
KIF20A	0.8866997
MUC16	0.88668674
CSMD3	0.88668305
FAM47C	0.88667643
SMG8	0.8866365
ENPEP	0.88662344
MB21D2	0.8865858
FRZB	0.8865669
LRP1B	0.88656545
SNRK	0.8865638
CCDC80	0.88656026
GABRA6	0.88656
NDST4	0.8865563
ZFAND1	0.88655275
GLG1	0.8865374
PCDH18	0.8865213
PTPRK	0.88650167
ZWILCH	0.88648427
KCNA5	0.88646954
SRSF11	0.88644624
EPSTI1	0.8864148
FAM47C	0.8863996
SHPK	0.8863943
ERICH3	0.8863866
RB1CC1	0.88638604
IMPG1	0.88637424
FAT3	0.88636357
MALSU1	0.8863508
RBM12B	0.88631237
TSHR	0.88629115
MRPL39	0.88628316
EXOC2	0.88627195
NLGN2	0.886265
TBC1D8	0.8862548
PIK3R1	0.8862316
CSMD3	0.886228
ADAMTS12	0.8862049
CSMD3	0.8861996
CERT1	0.88619405
CHML	0.8861906
N4BP2L2	0.886179
HIP1	0.88617766
SLC5A7	0.88617766
RBM10	0.8861755
ZEB1	0.8861615
PARP4	0.88616025
RPL5	0.88611454
TET1	0.88610363
NCOR2	0.8861035
LRP1B	0.8860934
MUC16	0.88609016
MTMR14	0.8860552
REV1	0.8860388
LRRIQ3	0.8860386
ZFAND1	0.88601726
EBF1	0.8859749
SCN3A	0.8859639
CCDC197	0.8859593
RYR1	0.8859431
BIRC6	0.8859221
LCN15	0.88589835
IMPG1	0.88589674
SMARCA1	0.88588655
ERG	0.88586783
SHTN1	0.8858591
NTRK1	0.8858573
CDADC1	0.8858573
ZDBF2	0.88585013
CEMIP2	0.8858342
GPRC5D	0.8858161
TRRAP	0.88580817
DST	0.88580185
TNC	0.8857693
CTNND2	0.88575435
CACNA1F	0.885754
RNF19B	0.8857488
KIF20A	0.88574463
OPRL1	0.88573813
ASB5	0.88570946
GRIN2A	0.8857041
ITSN2	0.885683
GRIN2A	0.8856779
GPR37	0.8856464
SRCAP	0.8856406
MYCN	0.8856337
YWHAE	0.88561165
NSD1	0.885596
CDH13	0.885591
ANK1	0.8855908
PHOX2B	0.88558424
PDS5A	0.88555324
CSMD3	0.88555276
CNTNAP2	0.8855505
FOXM1	0.8855395
MB21D2	0.8855169
CDC73	0.88551414
SLC9B2	0.8854981
RXFP1	0.8854728
PREX2	0.8854718
MB21D2	0.8854715
VIP	0.8854409
CDH2	0.8854271
ADCY5	0.88542473
CDH9	0.8854124
FGFR2	0.8854024
GCNA	0.88535196
NKX2-1	0.8853296
PIK3R1	0.88532764
CSMD3	0.88532734
MYO3A	0.88529736
PTCH1	0.885245
ATP2B3	0.8852211
POT1	0.8852095
CNTN5	0.88516784
FAT4	0.8851626
OMD	0.88505983
UGT2A1	0.885044
FAT3	0.88503724
CDH10	0.8850043
CNBD1	0.88500214
SOCS4	0.88498914
SLC25A2	0.8849749
SRC	0.88496345
BACH1	0.8849548
KMT5B	0.8849084
ETV5	0.8849042
CNGB3	0.8848598
XIRP2	0.88483244
CST1	0.8847574
MINDY2	0.8847466
ASXL3	0.8847259
ZFYVE9	0.8847078
ARID2	0.8847027
MED12L	0.8846842
TPP2	0.8846741
KIF1A	0.8846667
RPS6KL1	0.8846616
ZNF521	0.88464785
ZNF318	0.88460165
USP24	0.88457257
COL2A1	0.8845688
UGT1A6	0.8845578
CNTNAP2	0.884557
TSC2	0.8845469
LRP1B	0.8845399
PCDHGA2	0.8845382
ADH5	0.8845366
RIPOR2	0.88452804
CTDSP2	0.88452667
TPR	0.88449806
SPTLC3	0.88448226
GABRA6	0.88447726
LPAR4	0.8844725
FAT3	0.8844618
MEX3C	0.8844572
CAPN7	0.88443995
PPM1D	0.8844218
MB21D2	0.8844205
TET1	0.884418
PEG3	0.8844101
EEF2	0.8844032
KMT2D	0.88438815
LDHA	0.88437927
FAT4	0.8843739
MUC16	0.88434845
SEC31A	0.8842907
MUC16	0.8842872
UBR5	0.88428384
QKI	0.8842642
PPP3CA	0.8842597
BCL9L	0.8842573
REV1	0.88423187
ABCB5	0.8842079
AHNAK2	0.8842047
ZNF479	0.88420457
TEX15	0.88416624
AHNAK2	0.88415396
RIMS2	0.88414615
CSMD3	0.88412845
LRP1B	0.88411045
EPHA7	0.88410866
EXT2	0.88409305
TLR1	0.88408875
AP1S1	0.88406223
KIF18A	0.88405883
ARHGAP5	0.88405585
PIK3R1	0.88405555
TULP4	0.88405293
EPHB1	0.884048
KRTAP12-2	0.8840458
F13A1	0.8840345
ZNF638	0.8840341
MUC16	0.88403034
HEG1	0.88400483
ARHGAP5	0.88398725
PLCG1	0.88398695
CSMD3	0.8839818
BCORL1	0.8839565
CYP11A1	0.88395596
DUSP6	0.8839531
PTPRC	0.8839523
WASHC5	0.88395005
MCTP1	0.8839175
BCOR	0.88390034
CNTN1	0.88390017
COL11A1	0.88385415
SPON2	0.8838417
TBX3	0.8838415
FSCN2	0.883826
KCNJ3	0.88379604
TET1	0.88379115
AMELX	0.883777
REV1	0.88377494
DSG3	0.88377255
PARP3	0.883758
AFF4	0.883744
ZNF485	0.8837396
COL11A1	0.8837288
MUC16	0.88371855
ASAP1	0.88371515
TERT	0.8836924
OR10G4	0.8836765
AFF2	0.8836318
INPP5J	0.8836222
SERPINB1	0.8836205
FLNA	0.88361216
RRM1	0.8836074
CNTNAP2	0.8835955
CSMD3	0.8835878
FIG4	0.8835627
KCNH7	0.88355905
LARP4	0.88352776
AFDN	0.8834816
APC2	0.8834541
LCN15	0.88342524
PPP2R1A	0.88342345
CEP120	0.88340634
PTPRD	0.88340604
SLC6A13	0.88340366
NCAPD3	0.8834009
IL21R	0.8833941
ZMAT3	0.8833859
LASP1	0.88335943
MGAT5	0.8833393
MED25	0.8833376
CAP2	0.8833375
SCN2A	0.8832779
VPS13D	0.8832767
DSC2	0.88325006
IQGAP1	0.8832258
JAK2	0.88319856
EXOC8	0.88316053
CCDC6	0.88313735
PCSK1	0.8831369
ASPM	0.8831245
KIT	0.8831
PPP1R10	0.88308614
CNTNAP2	0.8830732
CDC42BPB	0.8830652
USP32	0.88305163
ZEB1	0.88303965
FSHR	0.88303286
PIKFYVE	0.8830288
MYH9	0.8830202
ABHD13	0.8829741
WDR6	0.882968
NHS	0.882945
CSMD3	0.8829431
ATP11A	0.8829239
MAEL	0.8829084
EBF1	0.8828992
DIPK1C	0.88289475
EPHA7	0.8828943
SEC63	0.88285756
HGF	0.882832
MACC1	0.8828311
CAMSAP2	0.8828311
LCP1	0.88282144
NELFCD	0.8828044
SMAD4	0.88278925
STOML3	0.88270956
GRIN2A	0.88269436
OR8H1	0.8826907
FAT3	0.8826654
PSORS1C2	0.882602
PTPRD	0.882573
MAP7	0.88256043
COL8A2	0.8825386
PLEKHM3	0.8825379
STYXL1	0.88253343
LRP1B	0.8825302
EIF4A2	0.8825045
ARHGAP35	0.8824762
ELF4	0.882461
PCDH9	0.88246006
LRP1B	0.88245565
PROM2	0.88243514
SLIT3	0.88243264
CDK12	0.8824149
SIX2	0.88231206
SMAD4	0.8823017
MB21D2	0.8822857
FAT1	0.882267
TSNAX	0.8822256
GMPR	0.8822082
MTOR	0.8822079
RPL22	0.8821894
AZI2	0.8821844
GREM2	0.88212574
ASPM	0.88212305
SNX4	0.8821158
ACAN	0.8821094
POLE	0.8820769
SUPT5H	0.882071
DOCK1	0.88203895
AMPD1	0.8820302
FAT1	0.8820061
PTPRZ1	0.8819935
MYO7A	0.88196605
SERPINA3	0.88193756
CARD11	0.8819221
PCNA	0.88191247
COG4	0.8818821
PPM1D	0.88186944
ITGA4	0.88186765
GPR37	0.88185185
STT3A	0.88185084
APC	0.88184875
CPN1	0.88184804
HEPACAM	0.88183177
CTNNA2	0.8818264
SCUBE1	0.8818036
BRIP1	0.8817817
NCOR1	0.8817808
MB21D2	0.88177973
ERCC2	0.88175386
GALNTL6	0.8817377
RASGEF1C	0.88171387
SETD2	0.88169885
HSPA9	0.88169515
ZNF532	0.8816595
TET2	0.88165027
HGF	0.88163924
OSBPL7	0.8816286
ZBTB25	0.8816239
HTR7	0.8815692
UBR5	0.88155365
GTF2I	0.881547
ALK	0.8815397
KLHL3	0.8815264
PRDM7	0.88152146
DMD	0.8815198
TMPRSS2	0.8815197
ADGRF4	0.88149476
KMT2E	0.8814581
TEC	0.88145745
LRP1B	0.8814522
WASHC5	0.8814505
DNAH3	0.88142014
TMC8	0.88139933
GREB1	0.88139904
BAHD1	0.88138765
PALB2	0.88135046
CHD8	0.88134784
ARAF	0.88132894
CASP9	0.8813271
B4GALT5	0.88128996
SMAD2	0.88128525
FAT3	0.88126224
ZCCHC8	0.88126045
DROSHA	0.8812578
PHF3	0.8812329
ZNF180	0.88123226
PDE6B	0.88122463
CSMD3	0.88121897
FAM47C	0.88121843
BCL11A	0.8812163
MUC16	0.88120383
EPHA7	0.8811883
KMT2A	0.88113666
ZRANB2	0.8811268
EP300	0.8811258
HCN1	0.8811255
NTRK3	0.8811004
ATP13A3	0.8810662
ATRX	0.88105077
TAT	0.88103104
USP9X	0.88102424
LRRK2	0.8809932
ARHGAP35	0.8809865
FAM47C	0.8809843
HMG20A	0.8809778
CD28	0.8809432
HUWE1	0.88093364
POLR1B	0.8809201
SRCAP	0.8809156
CSMD3	0.88089144
TGS1	0.8808793
ZNF691	0.88086957
RP1L1	0.88085884
NCAM1	0.88085616
IGF2BP2	0.88085175
SPRY4	0.880847
GNAI1	0.8808456
CDH12	0.8808394
C6ORF15	0.88083506
MUC16	0.8808215
GRIN3A	0.88079333
NONO	0.88077587
UCKL1	0.8807555
MAGEC1	0.88074374
DOCK9	0.8807384
CAMTA1	0.8807352
WFIKKN2	0.8806987
MECOM	0.8806972
TTC5	0.88068765
ANK1	0.8806849
TIAM2	0.8806486
NAT10	0.88062567
LACRT	0.8805944
INSRR	0.8805745
PPFIBP1	0.8805678
TMEM132B	0.880562
SCRN2	0.88055176
MUC16	0.88050437
PRDM16	0.8805034
ZSCAN20	0.8804932
MUC16	0.8804858
NSD2	0.8804752
SLC45A3	0.8804744
PLCG1	0.8804492
DCTN1	0.8804438
ACVR1C	0.880415
HCN1	0.8803901
CNTN5	0.8803675
RBM15	0.88034225
IRS4	0.88033897
MBNL2	0.88032675
RAB27A	0.8803146
UBXN1	0.88031346
ITGA8	0.8802847
BEST3	0.88027203
RAD21	0.8802656
TRRAP	0.8802639
FOXL2	0.8801958
FAT3	0.8801747
GTF2I	0.88013893
FAM102A	0.8801323
NUMA1	0.8801274
PPP1R13B	0.8801248
ZFAND1	0.8800914
ZNF678	0.880059
MUC16	0.88004506
FMN1	0.880024
NUTM1	0.88002086
CLDN4	0.88000923
TEX47	0.8800013
KPRP	0.8799997
USP9X	0.8799922
ZFAND1	0.87994975
TEC	0.87994564
NUSAP1	0.8799108
NTRK3	0.8798919
FAM47C	0.8798859
KIT	0.8798738
ALK	0.8798734
YWHAE	0.87986726
HCN1	0.8798631
PCLO	0.8798297
ATRX	0.8798127
CEP152	0.87980676
GPI	0.8798019
ZNF217	0.8797505
GRIN2A	0.87974584
KLHL21	0.8797383
PIK3R1	0.8797341
PRMT2	0.87972337
NALCN	0.8797097
COL3A1	0.8796787
ACKR3	0.87967074
PTPRC	0.87967026
GLI1	0.8796557
MAF	0.879652
ERG	0.8796388
TNR	0.87963206
GRM3	0.87962437
ANK1	0.8796098
GRM3	0.8795868
TRIM71	0.87957716
FAM135B	0.8795625
NCSTN	0.8795193
PTPRB	0.87951523
DAXX	0.8795119
ANK1	0.8794991
FLT3	0.87946105
ARHGDIA	0.8794477
DOK6	0.8794183
MALT1	0.879379
NR1I3	0.87937427
KMT2D	0.8793618
ANXA4	0.8793405
MUC16	0.8793293
NIN	0.87932646
PIK3R5	0.8793126
OSR2	0.87927556
XPA	0.8792732
FBXL7	0.87926835
TLR8	0.8792525
SEMA5A	0.8792479
KIF5A	0.87921697
RTTN	0.87921536
PTPRT	0.87921524
FAT3	0.879207
HS3ST3A1	0.8792004
PKHD1L1	0.8791968
SLC35C2	0.8791818
YIPF5	0.8791262
CSMD3	0.8791242
MB21D2	0.8790969
RUNX1	0.8790957
FOXM1	0.8790902
LARP1B	0.8790889
EPHA3	0.8790793
COL5A2	0.8790233
ZC3H12B	0.87899697
TJAP1	0.8789656
XIRP2	0.8789355
ASPM	0.8789317
ANK1	0.8789054
KMT2D	0.87890375
DPY19L1	0.8788977
POU5F1	0.87889373
PLPP4	0.8788921
RBM10	0.8788834
EPHA3	0.8788456
HECTD1	0.87884486
GRM3	0.8788396
MAGEC1	0.87882817
SFXN5	0.8788146
ARHGAP5	0.8787769
IFI44	0.87874407
CCDC173	0.8787417
ABCB7	0.8787334
PTPRR	0.878717
CFTR	0.87871
AGO4	0.87868613
FGFR4	0.8786785
LRFN5	0.8786145
CSRNP3	0.87860936
POLQ	0.87859917
CDH9	0.87859404
PSG8	0.87857914
ZFHX3	0.8785463
TECPR2	0.87853783
FAT3	0.8785218
DIS3	0.8784956
ROBO2	0.878458
ASPM	0.8784421
CSMD3	0.878435
PMS2	0.8784008
DMD	0.87839586
FANCC	0.8783922
CTNNA2	0.8783836
MAGEA11	0.8783403
DYNC1I1	0.87833416
TET1	0.8783206
CACNA1S	0.8783153
CDH10	0.87831503
KCNK2	0.8783101
BAX	0.87830174
EFL1	0.87829846
RABEP1	0.87829566
GRIA3	0.878295
CDH8	0.87828875
OR14A16	0.8782774
PRKDC	0.87826234
APOBEC3H	0.8782289
PTPRD	0.87822586
KAT2A	0.8782242
SCN1A	0.87819606
VAV3	0.8781879
NTRK2	0.8781875
DMBX1	0.8781851
CNTNAP2	0.8781777
DCC	0.87815714
USP15	0.8781506
MFAP3L	0.8781303
CLSTN2	0.8781264
ZNF407	0.87811744
KCNH1	0.8781166
ATP1A1	0.8781099
LRIG3	0.8781046
MUC16	0.8780917
TET1	0.8780728
CHRNA6	0.8780487
ARHGAP35	0.87802696
ANKRD55	0.87801427
ZNF615	0.8780125
MYH3	0.87800866
COBL	0.87799704
PHF7	0.8779896
ADGRD1	0.8779857
BCL9L	0.8779772
SLC25A30	0.87796736
KMT2C	0.87795246
GLS	0.8779403
NCOA1	0.8779399
PXYLP1	0.8779149
AHR	0.87790877
SCN8A	0.8779078
IRS4	0.8779067
FBXO42	0.8778986
ZNF208	0.87789845
RIMS2	0.8778943
MUC16	0.8778771
PAQR9	0.87784255
GTDC1	0.8778413
MRGPRX1	0.8778113
POT1	0.8777971
MTMR14	0.87777823
ALS2CL	0.8777766
NSD2	0.87771046
MAP3K14	0.877697
RPE65	0.87769586
ICA1L	0.87769246
APC	0.877683
GRIN2A	0.87768066
FRZB	0.87767696
PIKFYVE	0.8776726
TSPAN12	0.8776513
CSMD3	0.87764776
ATRX	0.8776372
SYNJ2	0.8776201
GALNT1	0.8776182
PDCD1LG2	0.87760246
GLRA3	0.8775966
TAOK1	0.87757087
EXT2	0.8775611
ZNF254	0.87755936
NPY1R	0.8775449
PRKCB	0.87754107
KDR	0.87753195
POT1	0.877506
PTPRR	0.8774971
CHD2	0.8774806
DSP	0.87747544
TUBA3C	0.8774497
EXT2	0.8774412
ZNF423	0.87742656
EPAS1	0.87741816
PCDHGB2	0.87740076
TBX3	0.87738425
MUC16	0.877369
COL9A1	0.8773291
MUC16	0.87731975
ARHGAP25	0.87727696
VPS50	0.8772489
SCMH1	0.8772313
ANKRD16	0.87722933
MAGEC3	0.8772236
SPRR3	0.8771844
MB21D2	0.8771698
NOTCH2	0.877131
NALCN	0.8771161
SCN2A	0.87711376
INKA1	0.87711287
CDH23	0.87711215
CSMD3	0.8770928
VCAM1	0.87709135
LRIG3	0.877075
ACIN1	0.8770586
GON4L	0.8770449
MMP16	0.87704134
SZT2	0.8770324
NAA25	0.87701476
SLC17A8	0.87700903
TBL1XR1	0.8769922
ATP2C1	0.87698936
HDC	0.87698907
EPHA7	0.8769795
WNT8A	0.8769699
E2F7	0.87695754
CTNNA2	0.8769463
ACVR2A	0.87694466
POLE	0.876904
ERG	0.8768897
KIDINS220	0.87688756
CATSPERE	0.8768847
USP48	0.8768821
EIF4A2	0.8768578
GALNT13	0.876848
TEC	0.8768387
CARD11	0.8768341
MAP2	0.87683165
TRIM36	0.8768213
BIRC6	0.87678814
RELN	0.8767613
CAMK2A	0.87673354
SORCS3	0.8767293
DMBX1	0.87672806
MDM2	0.8767156
MYH9	0.87671244
TMEM132D	0.87669134
HHIPL2	0.8765923
ACTR5	0.87654775
CNTNAP2	0.8765228
PRDM16	0.87650836
FLNA	0.87649345
POLR2A	0.8764837
MUC16	0.8764769
EXT2	0.87647384
BRD3	0.876465
PBLD	0.8764626
ERBB4	0.87645274
SERPINB11	0.87641716
ALK	0.876416
CSMD3	0.87640446
TAS2R31	0.87638795
EFHB	0.8763415
CNTNAP2	0.87633693
ERG	0.8763156
NXPH2	0.87631005
TEX30	0.8763052
ARHGAP5	0.87629676
NALCN	0.87626964
HTR3A	0.8762467
MIPEP	0.8762442
SMIM14	0.8762242
ALK	0.87621105
SALL4	0.8761896
GTF2I	0.8761541
PTPRT	0.87615246
ADAMTS3	0.8761388
CACNA1A	0.87613153
TAF1	0.8761169
EXT2	0.87609494
ATP10A	0.87606305
MBD5	0.87605184
INSR	0.8760036
PPP2R1A	0.87599784
MXRA5	0.8759934
SYNPO2L	0.87599075
CD200	0.8759829
CSMD3	0.875974
RGS6	0.875973
NIN	0.87595785
FANCD2	0.87591755
GPC5	0.87590814
SPNS1	0.87589604
NIPBL	0.875875
HPD	0.8758564
CNTNAP2	0.8758538
N4BP2	0.87584627
LRP1B	0.8758018
CTNNA1	0.87579095
BCL11A	0.87579054
PTPRD	0.875764
CNTNAP2	0.8757591
NTRK2	0.87573946
CNTNAP2	0.875708
GRM5	0.875702
KLHL13	0.87568724
CSMD3	0.87563074
ALK	0.8756058
RBM10	0.8755664
GABRB3	0.87555575
NFIX	0.87554073
SMAD1	0.87553954
CSMD3	0.87553865
COPA	0.875532
EXT2	0.8755206
ANKIB1	0.87551755
MPDZ	0.87550545
DOK6	0.8754975
XPC	0.8754912
BCL3	0.87548965
ECRG4	0.87547976
MACF1	0.87547004
MYH15	0.8753981
MTMR14	0.8753967
SCN3A	0.8753923
CDH20	0.875365
KCTD3	0.87532884
FCGR3B	0.8753267
NUP214	0.87531424
RIN3	0.87531227
FOXO3	0.87530136
EPHA7	0.8752805
DOCK1	0.8752758
SMAD4	0.87521994
MTAP	0.8752189
KLHL11	0.8751591
ADCY6	0.8751201
KIAA1549L	0.87511575
LAMA2	0.8750988
GLI2	0.8750964
DQX1	0.87508774
KTN1	0.87506986
WNK2	0.87499833
FOXI1	0.87499434
KDM5A	0.8749889
GIMAP8	0.8749756
WNT7A	0.87495977
PCDHB8	0.87492037
MUC16	0.8749148
KRT6C	0.8748852
GSDMD	0.8748778
KDR	0.8748691
KLHL1	0.8748335
TECTB	0.8748173
NUP214	0.87477034
SLITRK1	0.87477034
HEATR5B	0.8747498
LRP1B	0.8747349
ELMO1	0.87472445
SLC39A10	0.87471396
BCL6B	0.87467504
MGA	0.87465566
DNAH7	0.8746481
MOGS	0.8746434
FOXL2	0.8746086
ARHGEF12	0.8746025
PPFIBP1	0.87459934
XIAP	0.87459326
PIP4P2	0.87458885
ACACB	0.87458724
BCORL1	0.8745818
TSPAN12	0.8745784
GPR148	0.8745694
ALDH2	0.8745674
PLXNA3	0.87449664
TNIK	0.8744409
ERG	0.8743818
TBX15	0.87436795
RND3	0.8743657
STK38	0.874339
WDR72	0.8743341
ADGRL4	0.8742947
DNAH10	0.87419486
CTNND2	0.8741894
PHACTR2	0.8741844
GPR22	0.8741604
MICU1	0.874141
ESF1	0.87411404
CACNA1G	0.87410736
SETDB1	0.87409914
SLCO1B3	0.8740946
PTPRD	0.87408745
CHD4	0.87407386
CD48	0.87407327
GBP6	0.8740473
MECOM	0.87401325
QTRT1	0.8740078
ARHGAP15	0.8740028
EPHA7	0.8739775
FLI1	0.8739451
DAOA	0.8739379
HDAC4	0.8739341
CASP3	0.87390554
DLK2	0.87390214
EPHX4	0.8738788
POT1	0.8738737
PTF1A	0.8738692
SPARC	0.87383306
ADCY1	0.8738277
FAM47C	0.8738231
RGS9	0.8738065
HERC1	0.8737864
HDGFL3	0.8737635
FAT4	0.87375873
SCN3A	0.8737287
PKHD1L1	0.8737069
CARD11	0.87370366
PRAME	0.87370044
PCDHA1	0.8736839
SEMA4C	0.8736828
AMPD1	0.87367153
FAT1	0.87364966
GTF3C1	0.8736451
TET1	0.8736448
CAV3	0.8736318
MAGI3	0.87362945
CDH9	0.8736136
RNF185	0.8736115
BEST3	0.87359405
PROX1	0.8735933
HGF	0.87359184
LRP1B	0.87359023
PLCB1	0.8735817
FBXO38	0.8735604
FUBP1	0.87355685
EPG5	0.8735446
ACTR8	0.87353987
ADGRG4	0.87352103
PLCB1	0.87351894
DNAH10	0.873509
AKAP9	0.8734943
GIMAP8	0.8734601
OMD	0.87345296
CHD9	0.87344503
LATS1	0.8734365
SBNO2	0.8734205
TET1	0.8734191
UBE2J1	0.8734038
EMC1	0.8733982
AHCTF1	0.8733913
AMER1	0.8733643
PHIP	0.8733112
PDCD4	0.8733004
GEN1	0.8733004
CCND2	0.87326205
CTPS2	0.87324774
KIAA1210	0.87323815
UGT1A1	0.8732072
DSCAM	0.87319064
OSBPL7	0.8731905
PPP2R1A	0.87314117
NTRK1	0.87313426
SUPT3H	0.87312555
GABRA6	0.8731249
TXNDC9	0.87312216
DMRT3	0.87310004
ARHGEF12	0.8730584
ANGPTL3	0.8730502
UGT2A1	0.8730495
EXOC8	0.87300634
FAM47C	0.87297904
DSC3	0.87294304
ADGRF3	0.87294126
SEC31A	0.8729322
ASTN2	0.87293196
BCL9L	0.87292826
SMARCA5	0.8729281
EIF3E	0.87292343
KIAA0232	0.87290597
FAT3	0.87290287
DIDO1	0.87290204
FAT3	0.87288445
SCN10A	0.87286997
NCOR2	0.8728697
RUFY2	0.872786
PKHD1	0.8727762
GAS1	0.8727478
SNTA1	0.8727405
LYAR	0.87272704
MARK1	0.87271154
LRP4	0.8727009
CADM3	0.8726986
RSF1	0.872684
HUWE1	0.87265396
EOMES	0.8726389
DNMT3A	0.8726005
PRLR	0.8725914
XRCC1	0.8725906
MUC16	0.8725862
MRPL3	0.8725561
GABRA3	0.87254673
DNAJC6	0.87254035
DCAF12L2	0.87251705
IRS4	0.8725163
BAX	0.87248755
PPM1D	0.8724462
MTF1	0.8724436
ZNF423	0.8724406
SBF2	0.8724387
SLC4A5	0.8724357
TECPR1	0.8724273
SLC4A10	0.8723711
FGFR2	0.87235624
FLT3	0.8723517
HGF	0.8723461
CRYGS	0.872341
TET1	0.87232757
MAGEC3	0.8723066
UPF1	0.87227225
PHF3	0.87224334
ROBO2	0.8722224
SLC6A15	0.87222147
ARID4A	0.8722091
SEC23IP	0.87218684
GUCY1A2	0.8721436
TEX30	0.8721257
ITSN1	0.8721106
CLTCL1	0.8720956
FAT3	0.8720845
NUP214	0.8720802
TNIK	0.8720784
TRIM33	0.87205774
ARID4A	0.8720317
POU4F1	0.8720251
CAPSL	0.872015
AGAP1	0.87200093
CPS1	0.8719814
SLC25A12	0.8719537
BPNT2	0.8719417
SETBP1	0.8719187
AK8	0.8719182
NTRK1	0.87191284
ACKR4	0.87189436
GUCY1A2	0.87188673
ATP2B3	0.87188137
DPPA4	0.8718779
CTNNB1	0.87184227
FBLN2	0.87184143
BLM	0.87183166
DUS3L	0.87181973
CUTA	0.87179625
DNMT3A	0.87176645
ACAT2	0.8717525
NOTCH2	0.8717456
EVC2	0.87173426
SPEN	0.87172014
GABRA4	0.87170357
MYO5A	0.87170345
C1ORF74	0.8716844
FGD6	0.8716626
NOTCH2	0.87165606
WDTC1	0.87164825
MLLT6	0.87164354
TRPM7	0.87164056
NOTCH2	0.8716084
SMARCC2	0.8716084
MB21D2	0.87160325
KDR	0.8715841
ACTG1	0.87157893
KCND2	0.8715449
HADHB	0.87154055
ADCY9	0.87153524
GCN1	0.8714991
LRP6	0.8714949
OXSR1	0.8714947
PDGFRB	0.8714842
DOCK2	0.87148356
CSMD3	0.8714748
RBFOX1	0.8714688
MB21D2	0.87146753
CASP8	0.8714606
UBE2M	0.87144524
ONECUT2	0.87143844
NUAK1	0.87142867
RFX3	0.8714214
PRKD1	0.8714181
ABCG5	0.8714096
RUNX1	0.8713985
GLT8D2	0.871395
STK4	0.87139463
ADGRL4	0.8713874
FAT4	0.87138003
ANK2	0.8713773
N4BP2	0.87136877
FAT1	0.8713457
LEF1	0.87132704
FAM124B	0.8713002
BPI	0.87128
MARK1	0.87127304
RALGPS2	0.87125087
SOX5	0.8712435
SLC5A9	0.87123144
HS3ST4	0.8712075
WDR48	0.8712047
MGMT	0.8711833
PCDHB4	0.8711793
SYT11	0.87114835
CSMD3	0.87114197
GLG1	0.8711413
FAM47C	0.8711399
GABRR2	0.87112755
AGPAT4	0.8711232
ZNF81	0.8711215
C1ORF122	0.87111795
OPRM1	0.87109303
KANK1	0.8710924
MUC16	0.87107986
SOS1	0.8710638
TBX19	0.8710257
CILK1	0.8709928
GRIK2	0.87097585
MYH9	0.87096405
MUC16	0.87096345
KCNG1	0.87096
LZTR1	0.87095165
COL11A1	0.8709491
TGM6	0.8709486
PYCR2	0.87094474
ESR1	0.87094325
ANK1	0.8709331
PIK3R1	0.87093204
LCE3E	0.87091136
ITGB4	0.87087905
NEB	0.87087333
IGSF11	0.87085813
ZNF479	0.87085783
STIM1	0.8708576
XPO1	0.87084556
FAT4	0.8708376
ZEB1	0.87080455
PDE4B	0.8707746
ALS2	0.87077403
ZFHX4	0.87072194
LCN15	0.87072015
ANK1	0.87071663
PCDHGB2	0.8707136
DDX46	0.87071
MED12	0.8706899
ATP13A5	0.87068176
TNC	0.8706572
PKP2	0.8706567
CARD11	0.8706515
EPHA7	0.87064356
MED12	0.8706267
RGS7BP	0.87061393
TGFBR2	0.87061125
CSMD3	0.8705835
UBE2L3	0.87052774
ALG3	0.8705235
PIK3R1	0.87050265
CASS4	0.8705007
CCDC171	0.87049586
ZFHX3	0.87049043
PLXDC2	0.8704802
ZFAND1	0.8704501
YIPF5	0.870428
NALCN	0.87040496
CHST6	0.87038296
SLC25A18	0.8703406
TRRAP	0.8703339
MICU3	0.8703335
ZFHX3	0.8703332
FZD5	0.8703315
CTNND2	0.8703294
GIMAP8	0.87031657
CAMTA1	0.8703164
PDGFRA	0.87029743
LTBP1	0.8702889
GALNT1	0.87026626
USP9X	0.8702595
LRP1B	0.87024117
PPP1R12B	0.87023395
FAT3	0.8702078
HINT2	0.870189
SLC9C1	0.87018365
PKP1	0.8701795
LRRIQ1	0.87017524
CNTNAP2	0.8701751
ASXL2	0.8701571
STAT3	0.87010765
SLC25A17	0.87009597
SYDE2	0.870062
RAB3GAP1	0.8700609
YBX3	0.8700404
ACAD10	0.8700404
USP26	0.87001586
SLC2A14	0.8700144
ZIC4	0.8699913
CSMD3	0.86996543
RANBP2	0.8699582
GAP43	0.8699435
CSMD3	0.86990273
KCNA5	0.86990035
ZNF157	0.8698803
CNTNAP2	0.86987936
TET1	0.8698553
ALK	0.8698539
CLIC4	0.8698504
ATRN	0.86983573
AL031777.2	0.86981
TNC	0.86980283
LRP1B	0.86976236
MYCBP2	0.86974555
ZBTB16	0.86974406
NAA80	0.869664
GRIN2A	0.8696459
RGS7BP	0.8696106
ARHGEF10L	0.86957467
PLEC	0.8695271
SLC12A5	0.8695215
GRIN2A	0.86945903
OPRL1	0.869449
CAVIN2	0.8694412
EPHA6	0.8694315
SLC38A1	0.8694271
KCNQ4	0.86942697
CRNKL1	0.8694257
AGXT2	0.86941683
LAMA2	0.869414
NUDT13	0.869407
MUC16	0.8694012
PCDHGA6	0.86938876
NTRK3	0.8693647
CACNA1S	0.86935276
GRM3	0.8693408
STAT5B	0.86934054
PTPN11	0.8693174
SCYL3	0.86931264
ZSCAN5A	0.86931014
SCD	0.8693031
SLC41A2	0.8693012
ZNF333	0.86927485
CNTNAP2	0.8692717
SBNO2	0.86925757
ACACA	0.869243
PRPF8	0.8692372
ADCY9	0.86922574
RFX3	0.86918
TET1	0.86917514
RNF43	0.8691666
MUC16	0.86916476
GRIP1	0.8691473
DUSP6	0.86914706
PCYOX1L	0.8691242
TET1	0.869099
SLC6A7	0.8690884
EIF4A2	0.86906326
U2SURP	0.86904246
CSMD3	0.8690073
SI	0.86899316
GRM1	0.8689725
ACVR2A	0.8689506
PDE4B	0.8689457
FAT3	0.86893666
PAX8	0.8689213
LILRA1	0.8689139
RPL22	0.86890143
TRAPPC8	0.8688914
GABRG2	0.868891
C12ORF40	0.8688752
NUP155	0.8688674
DST	0.86886424
FAT1	0.86886275
CAND1	0.8688445
FAT4	0.8688442
B4GALT6	0.8688246
NLRP3	0.86879873
CNTNAP2	0.868798
TRRAP	0.86876154
OMD	0.86875963
RHOA	0.8687408
ARID2	0.8687382
GRIN2A	0.86872566
ACSS3	0.8686756
A4GNT	0.86867505
CASP8	0.8686572
LRP1B	0.8686445
GALNT2	0.86864257
SEMA5A	0.86864126
CTNND2	0.8686322
MTMR14	0.8686182
TLX1	0.8686151
PIK3R1	0.8685779
NEURL1	0.8685215
PCDH15	0.86851895
LRP1B	0.8685167
SLAMF8	0.86851394
EPHA2	0.8685066
MTOR	0.8684459
FLT4	0.8684416
ITGA7	0.86843085
CAB39L	0.86842895
CREB1	0.86840475
FGFR2	0.8683906
KIN	0.86838406
FAT1	0.8683816
ACVR2A	0.8683584
TPR	0.86832297
WDR48	0.8683045
SETBP1	0.8682982
MTMR14	0.8682919
PATJ	0.86828804
POLE	0.8682654
GRIN2A	0.86825836
GALNT3	0.8682481
FAM110B	0.86823344
PCDH19	0.86822814
MUC16	0.8682182
AKR1C4	0.8682086
KIFC1	0.86819506
POLR2A	0.86816466
LSS	0.86814946
ABCB11	0.8681369
CAND2	0.86810267
FRMPD4	0.8680832
BUB1B	0.8680498
OMD	0.86804694
CHD4	0.86804134
BRCC3	0.86797494
ERMN	0.8679632
REV1	0.86795986
PTPRD	0.8679483
DIAPH1	0.8679372
PKHD1	0.8679229
GRID1	0.8679129
FOXM1	0.867909
SOX6	0.86789185
LEF1	0.86787844
PPP2R2C	0.8678689
PEG3	0.8678633
CCR9	0.8678515
NPEPPS	0.8678473
IMPG1	0.8677964
SOX6	0.867785
DVL1	0.8677807
MYH7B	0.8677779
CDH3	0.867758
ACVR2A	0.86772156
ANO5	0.86772126
KCNJ3	0.8677086
NRSN2	0.8677002
TLX3	0.8676573
OR13G1	0.8676499
CDH10	0.867631
SEMA3A	0.86760306
PTPRT	0.86754715
PLCG1	0.86752987
MYH7	0.867524
WIPI2	0.86745286
IMPG1	0.8674507
FAT3	0.86743546
SMC5	0.86741596
OR10H4	0.86740565
RYR3	0.8673815
ZNF486	0.867378
NBEA	0.86737704
WDR24	0.8673716
GRIN2A	0.8673367
MROH2B	0.8673328
TEX10	0.8673283
GLRA1	0.8673175
NMRK1	0.86728215
GRIN2A	0.8672705
CNTNAP2	0.86727023
MYH4	0.867269
PTPRT	0.8672626
GLI2	0.867231
FOXP1	0.867229
KLHL2	0.86722404
ERLIN2	0.867224
FAT4	0.8672184
PRDM10	0.8672043
IMPG1	0.86719227
CSMD3	0.8671473
USH2A	0.8671239
YIF1B	0.86712253
ALS2	0.86708623
REV3L	0.86707866
N4BP2	0.8670651
TET1	0.86704934
SLC9A3	0.86704195
SGIP1	0.86701745
PDCD1LG2	0.86698234
FAT3	0.86697173
RBM10	0.8669584
NOTCH2	0.8669545
SEMA3A	0.86693907
HECW2	0.86688054
GRIN2A	0.8668796
RAD54L2	0.8668777
TBX20	0.86685586
PRKD1	0.8668436
TEAD3	0.8668386
FBLN1	0.86682916
MORC4	0.866828
MUC16	0.8668246
SIX1	0.866811
DDX6	0.8668088
BOD1L1	0.8668042
CARD11	0.866803
ITGA8	0.8667742
OR9G1	0.8667443
COL5A2	0.86673623
NT5C2	0.8667333
DGKI	0.86673224
OR9Q1	0.86672235
PCDH11X	0.8667167
ZNF746	0.8667053
ADGRG1	0.8667
CAMTA1	0.86669713
ASPM	0.8666944
GRID1	0.86667776
SLIT2	0.8666308
CRYGA	0.8665885
GPC5	0.8665657
CSMD3	0.86656094
HTR5A	0.86655974
NMNAT2	0.86654735
CNTNAP5	0.8665414
CCND2	0.86653954
OR6C74	0.866518
ULBP3	0.86651266
SND1	0.8665003
SLC6A3	0.86649126
C15ORF40	0.86648315
ZNF559	0.8664691
RGS7	0.8664643
TCL1A	0.8664546
NPRL3	0.86644936
SMTNL2	0.8664041
WNK2	0.8663746
ZNF148	0.86636615
HECTD2	0.8663656
TAGLN3	0.8663583
POM121C	0.8663449
FOXO1	0.8663156
PRAMEF17	0.86628616
MUC16	0.86627346
RAB11FIP5	0.866264
POU3F4	0.8662455
LBX1	0.8662083
GPRASP2	0.8662075
MUC16	0.86619645
GTF2I	0.8661908
PCDHB13	0.8661814
DSC1	0.86615556
POLM	0.86613405
FAM20B	0.866128
ASPM	0.8661277
NTRK3	0.8661257
KDM5B	0.8661157
JAK2	0.86609143
NPAP1	0.86608434
DAOA	0.8660681
FAT3	0.86605644
MUC16	0.8660405
ADAMTS9	0.86603636
PDAP1	0.8660123
KCNH6	0.8660021
PLP2	0.86598575
PSG8	0.86593807
MUC16	0.86592597
ACVR1	0.865911
TP63	0.8658992
KRTAP19-7	0.86586374
TRMT2B	0.8658575
MUC16	0.86584383
ZNF521	0.8658369
HK2	0.8658338
PRCC	0.8658329
LANCL2	0.8657905
MRPL18	0.86578894
TRPC6	0.8657865
WNK2	0.86577463
TRO	0.8657694
ARHGAP5	0.86574334
LMOD2	0.8657321
LRRC8D	0.8657111
RABEP1	0.8656965
SPHKAP	0.8656831
LUM	0.86566544
CTNNA2	0.865648
SPATA31A1	0.86563456
TET1	0.8656243
CLTC	0.8655689
ZNF479	0.8655686
PCDHA2	0.86556506
PCDHGA9	0.8655563
OR10H2	0.8655448
FAM120A	0.8655431
EPHA3	0.86553985
GFOD2	0.8655332
AGPAT1	0.8655046
DOK1	0.8654902
MOGS	0.8654799
TBX5	0.86547375
IRF5	0.8654571
MIP	0.8654095
KDM1A	0.86538315
PDCD4	0.86535627
KDM5C	0.86534643
PTPRD	0.86533695
NRG1	0.8653296
SUOX	0.8653219
SLC37A3	0.8652766
NAT10	0.86527187
ACP3	0.86526465
ASPM	0.8652595
GALNT1	0.86522436
KCNB2	0.86520314
MCF2	0.8651767
KAT5	0.8651672
MMP20	0.86513436
SLC9C1	0.8651153
FCAR	0.86509407
MYH13	0.8650878
HOXD13	0.86506844
SF3B1	0.8650594
AKAP4	0.8650449
GLI3	0.8650133
ANK1	0.8650098
PLEC	0.86499333
RNF213	0.86498845
H3C2	0.8649798
GRM7	0.8649707
MRS2	0.8649475
TFAP4	0.86494464
CTNND2	0.86494166
ZNF117	0.8649244
PCLO	0.86491644
BCL9L	0.86491406
PCDHGA12	0.8649012
ENOX1	0.8648834
COL5A2	0.8648685
SMARCC1	0.86486256
GABRB3	0.86484444
EYA2	0.8648101
TTC39A	0.864798
SKAP2	0.86479145
AQR	0.864787
POU2AF1	0.86477953
MEGF10	0.8647738
SALL4	0.8647613
SOX11	0.8647536
SETDB1	0.86475134
HAVCR1	0.86469185
KDR	0.8646817
CTSB	0.8646624
TSHZ3	0.86464787
VWC2	0.86460704
GRIN2A	0.8645928
PRKAB1	0.86456263
PKHD1L1	0.86455894
CDC37	0.86455506
PIK3R1	0.86454564
MAGEA8	0.8645325
TET1	0.8645289
SMARCAL1	0.8645271
CSMD3	0.86452
RELN	0.8645028
C20ORF85	0.8644913
DSN1	0.8644637
PTCH1	0.86445415
TEC	0.86443675
CAVIN3	0.8643841
MTMR14	0.8643809
C12ORF71	0.8643743
XIRP2	0.8643578
SCAF8	0.8643213
ZFAND1	0.8643203
SEC24D	0.8643199
CDH10	0.86428463
SRGAP3	0.86424494
MSH4	0.8642419
METTL2A	0.8642399
PZP	0.8642128
CSMD3	0.8642109
SETBP1	0.86420995
GUCA1A	0.8641908
TNN	0.8641828
HK3	0.8641798
LIMS2	0.86412287
PNPLA6	0.86410433
BTK	0.8640853
TUBA1B	0.8640516
SELPLG	0.8640383
ATRX	0.86403716
TRPS1	0.864024
PPM1D	0.8639835
ZNF215	0.8639497
CNTNAP2	0.8638996
UBXN7	0.8638927
PMS1	0.8638902
MYEF2	0.86388487
PIK3R1	0.8638841
SLC25A37	0.8638699
CHI3L2	0.86384755
HOXC11	0.86384267
EPHA2	0.8638251
WDR48	0.86379457
CSMD3	0.8637852
PHLPP1	0.8637523
ARFGEF2	0.86373454
FAT2	0.86372983
SLC23A2	0.8636924
MTOR	0.8636896
LYN	0.8636892
SLC6A3	0.863642
ATP1B1	0.8636415
MARS2	0.8636186
IDH1	0.8636079
ITK	0.86357766
OR52H1	0.8635713
SLC9C2	0.8635577
CRYZ	0.86352575
ATXN2	0.86351544
CSMD3	0.86350876
CCR6	0.8635052
ZNF365	0.86348283
CAPN1	0.863454
ANK1	0.86345345
TMPRSS6	0.8634351
UTP18	0.86341906
NIN	0.86339736
INHBA	0.8633821
CSMD3	0.8633754
SETDB1	0.8633709
TRHDE	0.8633602
VGLL3	0.86335653
ANK2	0.8633541
PCK2	0.86331487
GALNT1	0.8633144
MUC16	0.8633063
KCNQ2	0.8633061
SH3PXD2A	0.8632646
LRP1B	0.86325717
GRM8	0.8632492
TLR4	0.8632379
SETBP1	0.863235
EVI5	0.86321425
NIPBL	0.86320466
MGAT2	0.86320233
PCDHGB1	0.86320233
UGT2A1	0.86318684
F13A1	0.8631395
RBP3	0.8631003
CELSR2	0.8630934
AFF4	0.8630881
ZNF423	0.8630857
COL3A1	0.86308205
VASH2	0.8630606
PAX5	0.86303115
CYP2C19	0.8630272
CNNM2	0.8630091
HLA-G	0.8629935
FAM47C	0.8629836
G6PC	0.86298215
ALDH1A1	0.8629603
DLC1	0.86294955
COL1A1	0.86294794
SEMA3C	0.8629411
ERG	0.8629386
COL2A1	0.8629271
PTPRD	0.8629222
RPS6KA4	0.86291564
RBM15	0.8628996
PTPRT	0.8628793
PCLO	0.86287
CYSLTR2	0.86284304
PUM3	0.8628418
GOLGA5	0.86284095
SOS2	0.8628272
AXIN2	0.86282426
ZNF521	0.86276674
DLG2	0.8627501
TBX3	0.8627473
PLEC	0.8627409
ZFPM2	0.862739
FTSJ3	0.8627284
NLGN4X	0.86272323
ASXL2	0.86271316
GRIN2A	0.8626903
FAM47C	0.8626873
BAX	0.8626793
KATNA1	0.86267054
NTRK2	0.8626567
STXBP5	0.86264884
CSMD3	0.8626435
ANK1	0.86263764
TGFB2	0.86260945
PTPRD	0.86259174
SDHAF2	0.86257887
OSBP	0.862576
PCDH19	0.8625734
ETV3L	0.8625711
SLC17A7	0.86254823
IMPG2	0.86253905
TRPM6	0.8625202
PTPRB	0.86251664
MTOR	0.86250556
RSPO2	0.8624822
YY1AP1	0.86241746
GART	0.8624119
CCDC117	0.86240065
GRIN2A	0.86239696
CDH12	0.86239254
PKD2	0.86239135
IRF4	0.86239105
WAS	0.8623763
KMT2C	0.8623493
MYB	0.8623451
PHKA1	0.8623246
FAT1	0.8623103
ZAN	0.86230785
AP1S1	0.8623054
ZNF677	0.8622998
ACACA	0.8622698
NCAM1	0.86226416
RGS21	0.86225903
TMEM74	0.86225885
KIAA1522	0.8622436
PLP2	0.8622328
IRS4	0.86220896
UXS1	0.86217654
SORCS1	0.86217135
KBTBD4	0.86215883
COL7A1	0.8621234
MAGEC1	0.862122
CRNKL1	0.86211324
HTT	0.86210704
COL3A1	0.862081
STAG2	0.86206824
SVOP	0.8620535
TET1	0.8620454
MUC16	0.8620351
FURIN	0.8620296
MYH4	0.8619932
CNTNAP2	0.86199015
P2RY12	0.8619891
PTCH1	0.8619856
DOCK2	0.8619839
GABRA2	0.8619809
KCNU1	0.8619583
SLC17A6	0.86195195
CDH10	0.8619443
SPPL2C	0.86191076
WDR72	0.8619038
KAT6B	0.86189157
NLGN3	0.86188674
A2M	0.8618722
GRIN2A	0.86186874
KMT2C	0.8618683
ADNP2	0.8618637
TMEM74	0.8618605
TLX3	0.8618485
CDH6	0.8618419
TBL1XR1	0.86177254
MROH2B	0.8617641
HSP90AA1	0.8617514
CACNB2	0.86174315
NLRP3	0.86172485
GATA5	0.8616785
AFDN	0.86167294
IRS4	0.8616667
CTNNA1	0.86166227
RNF139	0.86165166
IDH1	0.86159563
FLNA	0.86158925
WDR44	0.86157274
IL17F	0.86156243
PAX8	0.861555
RUFY2	0.86155236
FAM47C	0.8615386
CYSLTR2	0.8615367
MOB3B	0.86149776
TCTE1	0.861497
NPAP1	0.86148936
BAX	0.86148906
HLX	0.86148834
ROS1	0.86147046
KCNIP3	0.8614675
FAM47C	0.8614522
BAHD1	0.86143607
HERC2	0.86139446
CYC1	0.8613682
MYC	0.8613454
MPRIP	0.8613322
HNF1A	0.86132634
SLITRK2	0.86131835
DUSP22	0.8613182
DUSP6	0.8612934
MECOM	0.86128664
RFWD3	0.86127645
INTS5	0.86127114
TUBA8	0.86126584
CDH11	0.86126065
EIF4A2	0.8612567
GALNTL6	0.86125255
IPP	0.86125076
ARFGEF3	0.8612439
KNDC1	0.86123157
PER1	0.86122143
PSMD7	0.86120564
IQSEC3	0.8611988
VPS37A	0.86119723
ARV1	0.8611957
ROBO2	0.86118
ZNF18	0.8611779
UNC5D	0.86115944
DYNC2H1	0.8611409
SOX6	0.8611353
DDX50	0.86113393
SOX6	0.86112756
NUDCD1	0.86112076
PTPRZ1	0.86107296
SCN4A	0.8610278
USP35	0.86102736
FAM184A	0.8609816
RSPO2	0.86097974
R3HCC1L	0.86093956
ELOVL4	0.860939
RANBP9	0.8609275
CALCRL	0.8608959
KPNB1	0.86086893
POU3F3	0.860824
PIK3R1	0.8608227
ANO10	0.860803
ATP6V1D	0.8607844
SPOCK1	0.86075354
CSMD3	0.8607503
RSPO2	0.8607437
USP6	0.8607397
GALE	0.86073333
TEC	0.8606858
GAS1	0.86067903
TENM3	0.860649
ALX1	0.86064154
GALNT7	0.8606392
ATP2B2	0.86063564
TBX19	0.8606233
NDUFV1	0.86061466
CHST11	0.8606075
VTI1A	0.86057925
LY86	0.8605726
FUBP1	0.86053205
GRIA4	0.8605263
DPYSL5	0.8604892
RPS7	0.8604648
MYO1D	0.8604616
MYB	0.8604577
CTDNEP1	0.8603884
FAT4	0.86036575
ITSN2	0.86034286
NPTN	0.8603401
UNC5C	0.8603358
NBEA	0.8603077
PPM1D	0.8602284
WWTR1	0.8602177
SLITRK6	0.8602092
MUC16	0.8602007
PLEC	0.8601967
DDX49	0.8601837
ZNF618	0.8601508
MOGS	0.8601492
TFE3	0.8601318
DDIAS	0.8601202
PRDM1	0.86010396
CTNNA2	0.8600648
LRP1B	0.8600632
ITPR2	0.8600574
ZC4H2	0.85999364
HSPG2	0.85996515
SMCHD1	0.85994494
FERD3L	0.8599389
LRIG3	0.85992956
POLR3B	0.8599237
SUCLA2	0.8599199
VPS72	0.8599083
PRDM1	0.8599065
TAFA5	0.85989654
ERICH5	0.8598939
CAMTA1	0.8598918
KDM7A	0.85986423
IKBKB	0.859856
NOS3	0.85984147
CSMD1	0.8598391
SLC20A2	0.8598345
ZFYVE28	0.8598343
IGF2BP1	0.85981965
CACNA1B	0.85976267
PCM1	0.859758
ANK2	0.85975516
SCN4A	0.85971963
CHRNA2	0.85970837
FAM184A	0.859705
ARID4B	0.8596872
VTI1A	0.8596718
ZNF521	0.859671
MUC16	0.85966295
EPHA3	0.85965675
LSAMP	0.859652
ACTL7B	0.8596487
HNRNPM	0.85964847
LARP4B	0.85963386
LIG1	0.8596326
SLC11A1	0.85962504
KLHL7	0.85962105
MB21D2	0.8596175
PRPF8	0.85955596
UNC5D	0.85953
CARD11	0.8594452
IGF2BP1	0.85943985
CSMD3	0.859439
IPCEF1	0.8594235
MUC16	0.85941356
USH2A	0.85939777
MTERF1	0.8593967
TLL1	0.85937446
GALNT14	0.8593737
MYO7A	0.8593687
CTNNB1	0.8593684
SNTB1	0.8593358
VPS13B	0.8592719
TSKS	0.85924923
WASHC5	0.85924816
CNTNAP2	0.8592422
NMT1	0.8592148
MYH11	0.8592088
BMT2	0.85920763
GUCY1A2	0.8591866
ARHGDIB	0.8591852
ERAS	0.85918486
POLE	0.8591724
ANKEF1	0.859164
BTG2	0.85915196
PRX	0.85911447
TET1	0.85911393
MECOM	0.85910195
GRIK3	0.8590961
FLT3	0.8590363
ABCF2	0.85902786
GRIN2A	0.8590187
HCN1	0.8590174
POLR2A	0.8590108
RASL12	0.8590069
MED12	0.85898584
LRP1B	0.8589682
RTRAF	0.85896194
BCL6	0.85895455
TNC	0.8589247
FAN1	0.8589225
NCAPD3	0.85888517
GRM7	0.85883963
NTNG2	0.8588354
FAT4	0.8587971
KLC1	0.858788
FGFR4	0.8587824
ASXL3	0.8587805
KDM5A	0.8587016
MUC16	0.85868764
NBAS	0.858686
RRP15	0.8586787
MYO1D	0.85867095
HOXB1	0.85867035
CCDC180	0.8586385
FLI1	0.8586034
TET1	0.8585924
PORCN	0.8585851
ARNTL	0.8585842
TOR1AIP2	0.85856175
HPN	0.85853684
DNAH5	0.8584857
GRIA1	0.85847723
OR2T6	0.8584735
FLT4	0.8584459
PTCD3	0.85838807
TIMM8A	0.8583855
PREX2	0.8583523
IMMT	0.858323
YWHAE	0.85830873
WASF1	0.85830677
TFPI2	0.8582995
OMD	0.85828197
CASS4	0.8582624
PCDH11X	0.8582494
RABGAP1	0.8581953
CRTC3	0.8581741
PALB2	0.85817164
ZNF479	0.8581568
RAB18	0.8581283
PDE11A	0.8581021
NCOA2	0.85806257
CNTNAP5	0.85803765
LAMB3	0.85803634
RALGAPA2	0.8580295
MCAM	0.8580154
ATRNL1	0.8580031
PTPRD	0.8579962
CFAP221	0.85796225
KLHL2	0.8579552
TCF12	0.85793775
KIF13A	0.8579085
KRTAP9-2	0.8579037
TAF5	0.85790104
SLC25A13	0.85787183
MYH7	0.85786855
EP400	0.85786575
RAB5IF	0.8578563
LHX8	0.8578536
ABCA9	0.8578455
PTPRD	0.8578419
GALNT1	0.85782874
EIF4A2	0.8578053
RFX4	0.85780275
SOX6	0.85779816
FAT3	0.85779583
LRP1B	0.8577906
TARBP1	0.85778517
FAT4	0.8577717
MAGEB3	0.8577705
LATS2	0.85776794
AKAP1	0.8577632
CSF1R	0.85775566
HGF	0.85772616
HCN1	0.8576931
AFF4	0.8576879
CACNA1E	0.85766786
TTC31	0.8576334
OR56B1	0.8576274
POMZP3	0.8575982
NOVA1	0.85758793
MMP2	0.8575788
TGFBR1	0.8575432
ZBTB24	0.8575315
TAS2R38	0.8575248
UBR5	0.85752034
FAT1	0.85751855
DOP1A	0.8575039
TECTA	0.8574984
CSMD3	0.8574977
KDR	0.85748875
GGCT	0.8574555
USP26	0.8574479
DCLK3	0.8574294
CSMD3	0.8574158
PSD	0.8573893
CACNA1D	0.8573861
FAM227B	0.85738194
SETBP1	0.8573818
GPC5	0.8573715
JAK1	0.85736597
C3ORF33	0.8573568
CSMD3	0.857354
HAPLN1	0.8573463
MACC1	0.85734284
PDGFRA	0.8573358
STRN	0.85732424
DISP2	0.85732263
NRSN1	0.8573122
TFAP2C	0.8573067
INSYN1	0.85729694
NAV2	0.8572941
PRDM16	0.85728985
PUS7	0.85728705
PDZRN3	0.85727835
USP45	0.8572723
TRAF3IP1	0.85723567
NBEA	0.8572237
CSMD3	0.8572154
RNGTT	0.8572118
RESF1	0.8572097
SOX6	0.85720605
GRM5	0.85720325
SDHA	0.85720026
NUP210	0.8571841
DNAH9	0.85717505
PEX5L	0.8571614
GLI1	0.85714144
COL11A1	0.857105
WIF1	0.85710037
PFKM	0.85709083
TCF7L2	0.85703564
ANGEL1	0.8570247
ALK	0.8570149
ENKUR	0.8570149
GRM8	0.85701376
PTPRT	0.8570076
NRXN1	0.8570023
VIRMA	0.857002
DRD2	0.8570015
PRDM16	0.85696
ADAM30	0.8569398
SMARCC1	0.85692906
CNTNAP2	0.8569282
VCAN	0.8569155
NTRK1	0.85686576
EIF4A2	0.85686284
THRAP3	0.85685927
BRIP1	0.8568504
CTNNB1	0.8568456
USP8	0.85684484
CDH10	0.8568034
ALPK1	0.8567952
HDC	0.8567857
TTC12	0.85678136
THRAP3	0.8567785
HOXC11	0.8567724
COL3A1	0.8567612
ITGB8	0.85674405
MS4A10	0.8567274
SF3B1	0.85672194
ERC2	0.8567163
MYH11	0.85671186
MSH2	0.8566767
TEX14	0.85667217
MCHR1	0.8566658
KRT32	0.8566567
DDI1	0.8566535
AFF4	0.85663927
PITPNC1	0.8566197
TMEM117	0.8566194
ADCY2	0.8566173
DNAJC13	0.8565865
PAPSS2	0.85654795
ZNF479	0.85654366
CHD2	0.8565334
EMILIN2	0.8565251
DNAH10	0.8565064
MMP19	0.85649073
ANK1	0.85647845
TENM1	0.8564441
TTN	0.8564366
CTNNA1	0.85643137
AIFM1	0.85642856
PPM1D	0.85640043
TATDN2	0.85638857
KAT2B	0.8563794
STAP1	0.85637903
CTNND2	0.856377
COL1A1	0.8563658
MEMO1	0.8563579
ADAMTS13	0.8563272
SYNE2	0.85630304
SLC45A3	0.8562961
NCR1	0.8562854
ADCY2	0.85627663
CEACAM5	0.856256
ADCY9	0.85622644
OR7A17	0.8562205
BCORL1	0.85621136
OPRL1	0.8562003
SLC24A2	0.85619056
CLCN4	0.8561804
FANCA	0.8561616
ARHGEF3	0.85614806
TBL1XR1	0.85614634
C2ORF16	0.85614586
LHX4	0.8561406
PRB2	0.8561393
ERBB4	0.8561387
SOX18	0.85611844
PDE6A	0.8561118
WNK2	0.8560232
OMD	0.8560165
TRIM24	0.856012
CNTNAP2	0.85598314
ANTXR1	0.8559662
OR2L3	0.8559623
GATA4	0.8559605
BARD1	0.8559474
KCNG1	0.8559285
CTNNA2	0.8559278
PCSK5	0.8559198
POLR3B	0.85590917
DOCK2	0.85588515
ESM1	0.8558738
FCRL3	0.8558423
NFXL1	0.85582525
SETBP1	0.85582113
RGS7BP	0.8558035
CTNNA1	0.8557961
PDGFRA	0.85579586
KIAA0895	0.8557949
SERPINB3	0.85579264
SENP6	0.85577273
ALPK2	0.8557346
ABCG4	0.8557308
MUC16	0.8557296
FAM135B	0.85571957
SLC2A10	0.8557181
DOCK1	0.85566556
ROBO2	0.85563356
AKTIP	0.85561645
RAG1	0.85560167
TRPM1	0.85558724
ZNF675	0.8555791
ADGRA1	0.8555606
MSH6	0.8555579
MB21D2	0.8554925
PPEF2	0.8554911
EIF4A2	0.8554793
GRM1	0.85546327
SIX6	0.8554605
SYP	0.85544986
MAP1B	0.85541326
CD209	0.85540104
ANK1	0.85538733
RC3H1	0.85538495
ASPM	0.85538125
LRP1B	0.8553139
PCNT	0.8553067
B2M	0.8553015
ABLIM3	0.85528266
CTNND2	0.8552625
RORB	0.85524917
ITK	0.8552471
COP1	0.8552404
GOLGA5	0.85523313
FAM124A	0.85523105
PALM2AKAP2	0.8552251
HERC1	0.85521466
NR4A2	0.8552089
UNC45B	0.8551941
SETBP1	0.8551767
SETD2	0.8551377
EFHB	0.8551362
DOCK7	0.8551334
DNAH11	0.8551066
OOEP	0.8550927
DUSP22	0.85508966
CCNB3	0.8550792
TULP3	0.8550686
COL19A1	0.8550602
HS6ST2	0.8550509
ANO5	0.85504955
LRFN2	0.8550485
EIF1AD	0.8550357
CPNE9	0.8550249
BMP5	0.85502076
MUC16	0.85498196
GPC5	0.8549745
GRIA2	0.8549664
NFAT5	0.8549615
GALNT6	0.8549526
BTK	0.8549352
CCT2	0.8549322
SCN2A	0.8549298
OTUD4	0.8549226
LHX6	0.8549176
LRP1B	0.8549092
OBI1	0.85487926
HSPH1	0.8548715
CSMD3	0.85483617
ZDHHC15	0.8548356
ZEB2	0.8548344
OTOF	0.8547595
TBL3	0.85473776
RYR2	0.8546898
TTC29	0.8546872
ULK4	0.8546858
POLQ	0.8546797
GABBR2	0.8546785
NFIX	0.8546772
CLIP1	0.8546764
HCRTR2	0.85467374
XIRP2	0.8546562
AFF4	0.85464716
ZNF701	0.8546237
NBEA	0.8546197
APC	0.8546194
MYH13	0.8546128
FSCN1	0.8546036
IFIT5	0.85458803
NOTCH2	0.8545846
CTNND2	0.8545528
SNX29	0.85452724
UBE2Z	0.8545126
MB21D2	0.8545053
MAML2	0.85450345
PPM1D	0.8544828
EZH2	0.8544625
CFAP97	0.85445744
ERG	0.8544394
MB21D2	0.8543844
SRSF4	0.85437983
TXNL4A	0.854376
HSDL1	0.8543589
UBQLN1	0.8543543
PPP1R10	0.8543464
MUC16	0.8543347
PRKCI	0.8543317
ATP1A1	0.8543225
NAV3	0.8543209
CTNND2	0.8543144
IPO13	0.8543039
HLF	0.8543008
CNTNAP2	0.85428286
FAT4	0.8542781
MUC16	0.85425156
DGKB	0.8542467
XIRP2	0.8542316
ANKRD30A	0.8542209
ERG	0.8542005
FNIP2	0.8541651
ACVR2A	0.85415256
GPHN	0.8541508
PLEC	0.85413647
CFAP70	0.8541251
APC	0.85411084
HADHB	0.8541019
CDK12	0.85408664
SREBF1	0.8540791
KCNH7	0.8540743
MYH6	0.854072
CSMD3	0.85405153
AHRR	0.8540355
ANK1	0.8540341
CXCR4	0.85400724
SLC30A6	0.8539915
ZFHX4	0.85397756
C3ORF62	0.8539725
NOTCH2	0.8539554
EIF4A2	0.8539524
MUC16	0.8538975
SLC35G2	0.85389066
RAG1	0.8538498
NALCN	0.85384643
ZNF98	0.853831
MUC16	0.8538213
PCDHGB4	0.853821
OCA2	0.85381323
CTNND2	0.85380375
PALB2	0.8537582
FOXP1	0.85375607
MSH6	0.8537429
POLG	0.8537122
FAT4	0.853698
FLI1	0.85369176
ATP10A	0.8536904
NKX2-5	0.8536556
BCL11B	0.85365194
FLNC	0.85364234
SH3PXD2A	0.85360247
CPEB3	0.8535873
NOL6	0.8535837
TRDMT1	0.85357636
TET1	0.85356086
WAS	0.8535544
NALCN	0.8535279
GABRB2	0.85348487
SLC17A7	0.8534813
ABCC8	0.85348016
KLHDC4	0.85346067
KLHL31	0.85345733
CREBBP	0.85345477
LMBRD2	0.8534544
CSMD3	0.8534484
GRM3	0.85342443
ANK1	0.8534179
GABRP	0.85338926
TADA1	0.8533832
MTA3	0.85337913
EBF1	0.8533696
ATG4C	0.8533407
HNF1A	0.8533329
TCF7L2	0.85333073
ADAMTS3	0.8533258
UBR5	0.8532839
CTNND1	0.8532754
SETBP1	0.8532493
SLIT2	0.85322297
LZTR1	0.853216
FAT4	0.85320437
CTNNA2	0.85319173
SPEG	0.8531711
BRCA1	0.8531669
SEC24C	0.85316145
GALNT6	0.8531351
GABRA6	0.8531178
FAT4	0.8531118
EPHA3	0.85308504
PCDHGA1	0.8530665
CAMTA1	0.8530443
C10ORF71	0.85302013
RAG1	0.8529442
TMCC3	0.85294396
NTRK3	0.85292363
TXNDC17	0.8529169
TET1	0.8529047
KCND2	0.85288507
CHSY1	0.852852
LRP1B	0.85285175
CLN3	0.85281897
ANK1	0.85281444
SPC25	0.8528015
COL5A2	0.8528014
DSG3	0.8527863
INO80D	0.8527807
STK26	0.852779
WDFY3	0.85276544
TCF12	0.8527557
PRDM16	0.85275304
KAT2B	0.8527347
MUC16	0.8527267
PPARGC1A	0.8527239
SI	0.85271966
BLMH	0.85271
EPHB3	0.8527016
ITGA2B	0.85269654
COL5A2	0.85266566
CIITA	0.85263383
HAUS7	0.85258174
POLE	0.8525543
MUC16	0.8525268
DUSP6	0.8525114
SLC35B4	0.85250866
MUC16	0.8525006
SLMAP	0.8524878
FXR2	0.85245657
NHP2	0.8524527
MUC16	0.85243124
TIMMDC1	0.85241777
EPHA2	0.8524053
KRT10	0.8523756
CLDN20	0.85236293
LTBP1	0.85235953
HGF	0.85235065
CSMD3	0.85234296
MUC16	0.85233045
SEMG1	0.852316
EPS15	0.85231453
SYNE3	0.8522911
MS4A5	0.85227466
NCAM1	0.8522592
GEM	0.852259
DNAJC10	0.85225296
CACNA1D	0.85224915
NR5A1	0.8522353
CD209	0.85222375
GRIN2A	0.8522218
SACS	0.852213
DRD1	0.8522126
ETV6	0.8521993
GRIN2B	0.8521945
FAT1	0.85219365
CYP26B1	0.8521719
AMBRA1	0.8521329
ATRX	0.8521123
HLA-G	0.85210407
TRAPPC8	0.85207856
NCAPD3	0.85206306
TMEM79	0.8520371
CTNNA2	0.85203487
ALDH8A1	0.8520336
GALNT7	0.852031
SYNPO2	0.8520018
KMT2C	0.85198486
GZMK	0.8519825
FAT3	0.85197866
SIGLEC10	0.85196257
ERBB4	0.85194445
EFEMP2	0.85194004
FAT1	0.8519296
GCNT4	0.8519106
ZNF366	0.8519031
PPP4R4	0.85188603
MDM4	0.8518751
CDC73	0.8518653
HRAS	0.8518486
SPEN	0.8518334
FOXL2	0.851825
ANO5	0.8518133
ATRX	0.85179776
AFDN	0.8517478
RBMX2	0.85173833
GATA1	0.85168433
GRM3	0.85167575
GALNT18	0.8516628
SPATA18	0.85165894
CDK5RAP2	0.85164654
FAT4	0.85164356
ASPM	0.8516349
UBR5	0.8516339
ZIM2	0.85162866
PTPRD	0.8516233
NR2F1	0.851622
BCL9L	0.8516104
HPS4	0.85160947
ACTL6B	0.8516022
STOML3	0.8516017
FAM172A	0.8515861
RAD21	0.85158026
CA2	0.85157216
DNAH5	0.8515642
ZNF521	0.8515617
NOD1	0.85155797
TRPM5	0.8515529
GRIN2A	0.8515448
RPS6KA3	0.8515433
F5	0.8515401
LARP4B	0.8515235
DNAJB4	0.8514588
COL15A1	0.8514526
RBM25	0.8514015
PCDH15	0.85135216
NMNAT2	0.8513516
LYN	0.85134256
CTNNA2	0.8513293
FGFR4	0.85129255
SLC45A2	0.85129243
AFAP1	0.8512751
NAA35	0.8512697
KPNA5	0.8512497
GABRA2	0.8512393
PRDM16	0.8512321
ARPP21	0.85123116
C3AR1	0.851221
MUC16	0.85122055
RGS7	0.85120213
MTMR14	0.8512011
BUB1B	0.8511996
STIL	0.85113645
RNF213	0.8511033
GRIN2A	0.85108703
FAT1	0.85108364
POLQ	0.8510666
DNMT3A	0.85101724
CDH12	0.8510131
BTBD11	0.851002
HEATR5A	0.85097396
ROS1	0.8509717
POLE	0.8509667
REV1	0.8509503
ATF4	0.85094965
TENM2	0.85094285
AFP	0.850939
TAF1L	0.8509337
CANX	0.8509241
SENP6	0.850898
ATRX	0.85089314
RP1	0.8508819
ALOX15B	0.85086703
PTPRB	0.85085
GPC5	0.8508495
MUC16	0.8508408
ITGB1	0.85080063
KIAA0319L	0.8508
GEM	0.85079956
TJP2	0.8507826
ARNTL2	0.8507743
ATP2A2	0.8507601
WIF1	0.85075194
CDH10	0.8507351
WNT9B	0.8507219
GRIN2A	0.850721
MYO5A	0.8507128
PPM1D	0.8507031
ST18	0.8507017
CTNND2	0.85069823
SERINC1	0.850685
USP31	0.85065436
TTLL7	0.85065246
WRN	0.8506447
MYH1	0.8506111
RUNX1T1	0.8506024
CRYBB2	0.8506001
CSMD3	0.850596
ALK	0.8505818
CLDN8	0.8505386
FAT1	0.850523
ARFGEF1	0.8504367
HS3ST5	0.85043335
HACL1	0.85042536
KIF21A	0.8504095
PRDM16	0.85035455
IQSEC3	0.85033476
ATRX	0.8503295
ZFHX3	0.85029095
CDH22	0.8502882
ABL1	0.8502752
OMG	0.850261
NUP98	0.85025895
RAB6C	0.8502166
MUC16	0.8502041
FIP1L1	0.85019636
CIITA	0.85016793
RNF183	0.8501636
OGT	0.8501575
ATP7B	0.8501257
IWS1	0.85012114
BACH1	0.85010433
TEC	0.85010207
PHACTR3	0.8500984
CDH12	0.8500903
FLG2	0.8500598
ZNF676	0.8500467
CREBBP	0.85003614
APOB	0.8500296
DCC	0.8500182
PCDHB11	0.8499892
OR4F5	0.8499869
POLR3C	0.8499828
GAD2	0.84996164
ZNF394	0.849953
DGCR8	0.84993887
CHRND	0.8499078
TEC	0.8498929
FOCAD	0.8498831
HLF	0.8498801
MCRS1	0.8498665
PTPRD	0.8498663
SOS1	0.8498372
SYNDIG1	0.84983194
HOXA4	0.84982693
DGKB	0.8498243
FAM47C	0.8498131
CRLF2	0.84980834
NUP205	0.84978515
ADAMTSL1	0.84978336
RICTOR	0.8497739
UBE2O	0.8497736
DNAH5	0.8497656
PPP3R2	0.84974194
MUC16	0.84972775
PAX8	0.84970635
GLI3	0.8497063
PIK3R2	0.84969604
DCDC1	0.84969246
AR	0.84965336
AQR	0.8496481
HID1	0.8496429
RBM10	0.84963274
COPG2	0.8496282
STIP1	0.849622
KLF9	0.84961617
TCERG1	0.8496105
CDKL1	0.8495933
N4BP2	0.84956443
ATP11B	0.8495554
SOX6	0.8495185
PLCH2	0.8494998
ABCC5	0.84942603
FAT1	0.84940875
SRGAP3	0.84938204
GABRA2	0.84937465
PRKCB	0.8493695
SLC26A5	0.84936863
BMP5	0.84936804
PTPN6	0.8493619
LTF	0.84935176
DCAF12L2	0.84934145
COL3A1	0.849333
FOXR2	0.84932077
MAGOH	0.84931815
TNK2	0.8492586
CCDC9B	0.8492532
WDFY3	0.849247
CNTNAP2	0.8492372
EHMT1	0.84923357
ECHS1	0.8492134
ACVR1	0.8491874
ABCD4	0.84918535
SPATA16	0.8491535
ZBED9	0.8491497
MTMR8	0.8491238
CDH10	0.8491214
OR10A4	0.8491138
GEMIN4	0.8491103
HEPHL1	0.8490933
KNSTRN	0.84908664
PHF6	0.8490844
RER1	0.8490813
PLXNB1	0.8490522
RUNX1T1	0.84903187
NEDD4	0.8490123
USH2A	0.8490106
CYFIP1	0.84900534
GRM8	0.8489953
CSMD3	0.8489932
MAGEC3	0.84898925
CSMD3	0.8489357
MTOR	0.8488956
PITPNM3	0.84887743
MUC16	0.8488729
ATG3	0.8488711
ANK1	0.84885824
ETNK1	0.8488581
IQCG	0.848763
TAC4	0.8487577
PDGFRB	0.84875715
LTBP1	0.8487531
DOCK11	0.84870446
DUSP6	0.84869975
DCAKD	0.8486985
NR5A2	0.84869397
MUC16	0.84868157
OR51I2	0.8486751
CDH10	0.848655
KMT2C	0.84863687
SMAD3	0.8486314
NEK3	0.8486102
PLXNB1	0.8486051
MYCN	0.8485824
NWD1	0.84856164
SRGAP3	0.84855044
NELL2	0.8485491
SPHKAP	0.8485203
GABRA4	0.84850127
CHSY3	0.84848285
COL3A1	0.8484721
SBNO1	0.84844065
CSMD3	0.84838784
FAT4	0.8483797
PRDM16	0.84837097
MEGF10	0.8483318
OR5H1	0.84832984
ANK2	0.84832
SDHD	0.8483181
CARF	0.84831566
UBR5	0.84828585
PPIB	0.84828025
PDGFRB	0.84826785
DNAJC2	0.8482467
POLE	0.8482213
AOAH	0.8482142
GPR12	0.8481684
PIWIL1	0.8481041
ATP8B4	0.8480522
OGDHL	0.8480437
ZNRF3	0.8480395
SLC22A16	0.8480114
GUCY1A2	0.84800893
PSMD11	0.8479985
HTR1E	0.84798604
ATR	0.84794205
MUC16	0.8479401
UBE2D1	0.84789884
AHCTF1	0.8478908
CHEK2	0.8478771
HOXD13	0.84783447
C11ORF71	0.84781295
USP6	0.8478076
ASPM	0.847807
AASS	0.8478041
ADGRG4	0.8477981
NPHS2	0.8477886
NCKAP5L	0.8477866
RSPO2	0.8477832
RRAS2	0.8477526
RBM10	0.8477343
FAN1	0.8477259
DNAJC6	0.8477155
PTCH1	0.8476774
NETO1	0.84767014
SLCO1B3	0.8476701
CRLF2	0.84766287
GABRG2	0.84766066
GABRG1	0.84765124
MOV10L1	0.8476474
KMT2C	0.8476356
COL9A3	0.8476222
GPR35	0.84761477
RSPO2	0.84760207
CPEB1	0.8476002
ZNF479	0.8475942
GPLD1	0.84758276
SHPRH	0.84755933
ERBB4	0.8475534
SETBP1	0.8475425
ITGAV	0.84753907
CSMD3	0.8475309
KCTD16	0.84751266
COL13A1	0.8475015
ARID3B	0.847479
GABRA6	0.8474759
LRP1B	0.8474532
KRT14	0.84744626
CCDC39	0.8474452
NR4A3	0.84744155
JAK2	0.84744024
FNDC4	0.84743214
LRP2	0.847408
BAX	0.84740627
RYR1	0.84739244
SH2D5	0.84736794
RACK1	0.84736526
DOCK1	0.84728265
ACAP2	0.84727716
NFYC	0.84725904
ZPLD1	0.84723973
MUC16	0.84723645
FSCB	0.8472168
BBS5	0.84719235
OLFML1	0.84715337
HTRA4	0.84711576
ACOX3	0.84709376
CANT1	0.8470934
KALRN	0.84707904
UGT2B11	0.84707856
CLCN3	0.84707844
EXPH5	0.8470643
NCALD	0.8470501
PLCE1	0.84702706
ST6GAL2	0.84701526
TOP3A	0.84700644
MSH6	0.8470006
DBX1	0.84696007
FRMD5	0.84695196
ALG11	0.8469424
CHRND	0.8469396
FAM47C	0.84692913
SMYD5	0.8469076
ZBTB11	0.8468942
TKTL2	0.8468473
NCOR2	0.8468425
ANKMY1	0.84683824
SETDB1	0.8468325
JPH1	0.846824
NTRK1	0.84681225
MAGEC1	0.84679276
ADAMTS13	0.84678006
AGO1	0.84675133
CEP152	0.8467396
GRIN2A	0.8467389
BMPR2	0.8467103
TCF4	0.846691
AF196969.1	0.84665734
VAV2	0.8465773
KCNU1	0.84655344
GC	0.8465473
RTN4RL1	0.8465004
PDGFRB	0.8464987
NPHS2	0.8464627
USP6	0.8464608
SSTR1	0.84645104
TFPT	0.8464508
ZEB2	0.84644234
BMT2	0.84643567
HECW2	0.8464169
USP9X	0.84641147
HEATR5A	0.84639937
ULK4	0.8463984
HAX1	0.84638095
KIR3DL2	0.8463726
HIP1	0.8463423
CDH11	0.8463202
PCDHB7	0.846316
GALNTL6	0.8462921
GABRA6	0.8462918
MYO15A	0.84628886
HAO2	0.84627366
NELL2	0.8462646
TBX22	0.8462552
DDX10	0.8462409
HACL1	0.84623444
PAX2	0.8462335
GTF2I	0.8462103
CDC73	0.84619987
SALL1	0.84619063
TERT	0.84617686
CTNNA2	0.8461658
ZNF479	0.846151
MYO1C	0.84614205
ASPM	0.8461387
TNRC18	0.8461358
EPHA5	0.8461279
CDH12	0.8461247
BCL9	0.8461223
NLRP14	0.8461202
EXT2	0.84611815
DNAJC6	0.84611654
PFKFB2	0.8461144
CHRM3	0.8461043
TNK2	0.84608763
TET1	0.8460816
LRRC4C	0.8460698
RUFY2	0.8460648
LIG3	0.84606266
CNTNAP2	0.84604603
PABPC1L	0.846045
PCDH15	0.8460279
KCTD8	0.8460251
IL1RAPL1	0.8460058
USP9X	0.84599143
YBX2	0.84598035
EIF4A2	0.8459793
LZTR1	0.84595937
SLC39A9	0.8459573
CA8	0.84595424
GPD1L	0.84590614
MN1	0.8459035
PRDM16	0.8458747
TMCC3	0.8458746
XIRP2	0.84586835
NTN4	0.84586227
SEPTIN11	0.8458543
NR4A2	0.84583807
SEMA3F	0.84583414
SUN3	0.84582114
FSHR	0.8458092
SLC36A4	0.8457938
ZRSR2	0.84579307
XYLT1	0.8457806
ANK2	0.8457801
VANGL2	0.8457673
PEX5	0.8457657
SLC10A3	0.84574133
MB21D2	0.8457299
ANK1	0.84572494
TINAG	0.84569454
ATRX	0.8456881
MYO16	0.8456683
HERPUD1	0.84566325
TMEM67	0.8456547
STAT5B	0.8456373
FAM135B	0.84554327
NOTCH1	0.8455418
ADAMTS16	0.84552586
TFDP2	0.84552145
RUFY2	0.84549475
ZNF479	0.8454791
HOOK3	0.84545463
RECQL4	0.84545183
AKR7A3	0.84543955
TRPM7	0.84541124
KAZALD1	0.845394
INO80D	0.84538835
XRCC2	0.8453803
ATP11C	0.8453802
ZNF804A	0.8453791
GRM7	0.84534705
CDH10	0.8453344
TDRD5	0.84531933
TMEM168	0.8453141
SLC4A3	0.84529746
CMTM5	0.84529376
CCR4	0.8452534
RAD21	0.8452451
MYH2	0.84523314
SETBP1	0.84523207
PSG8	0.8451925
SMG5	0.84518963
EPHA2	0.8451823
THEG	0.8451763
SLC5A12	0.84514785
NOTCH4	0.8451446
CSMD3	0.845136
MTMR1	0.8451354
BARHL1	0.8451061
CSMD3	0.8451024
DOCK7	0.84509826
GRIN2A	0.84509754
SREK1	0.84508073
CKAP5	0.8450673
CSMD3	0.8450433
FAT4	0.84502447
BCOR	0.8450148
FBLN2	0.8450003
FAM47C	0.84499776
CUL5	0.8449885
COL3A1	0.84498155
CTBP2	0.84496796
CHRND	0.84494245
PPARG	0.84493303
MUC16	0.8449271
PTGFR	0.84490675
ARMH4	0.84489876
RSPH6A	0.8448907
PRDM16	0.8448733
TRIM10	0.84486264
PTCD3	0.8448594
KCNA1	0.84485507
FAM47C	0.84483343
EXT2	0.84483254
DPM1	0.84482265
RUFY2	0.84480256
SULF2	0.84479547
CUX2	0.84479517
CARD11	0.84478605
TLX3	0.84476984
KDR	0.8447461
NLRP9	0.84473324
PYROXD2	0.84472835
SLC12A1	0.84472704
CDH11	0.8447021
CCDC39	0.8446498
PDCD6IP	0.8446443
HCN1	0.84462875
SLITRK4	0.8446145
DNAAF1	0.84460795
OPRK1	0.844579
EFNA1	0.84457225
ITK	0.84455776
GAS2	0.8445505
ID2	0.8445218
CNBD1	0.84451723
RNFT2	0.8444989
ANK1	0.8444938
SLC22A4	0.8444887
AGO2	0.84448534
ZNF264	0.84448326
SYTL4	0.84447616
PDE2A	0.8444746
MED12	0.84446496
KMT2C	0.8444328
SLC25A16	0.84440553
HGF	0.8443692
SCAPER	0.8443608
TEC	0.84434855
RFX6	0.844347
TRIO	0.84433657
WDR44	0.8443306
AP2A1	0.84431386
PIK3R1	0.84428453
ZNF439	0.8442722
USH2A	0.8442485
GRM3	0.84424233
EXT2	0.84420145
RUNX1	0.8441935
OR2M3	0.8441823
XPNPEP2	0.84416866
HEATR9	0.84412754
BRWD1	0.84412056
OR1F1	0.8441183
NOTCH3	0.8441167
GRXCR1	0.84411305
CPNE6	0.8441029
ZNF521	0.8440826
BCL11A	0.8440781
SYT10	0.844068
AOX1	0.8440665
KRT24	0.84405166
PCDH12	0.84404606
ACTN2	0.84404093
ABCA12	0.8440406
ZNF654	0.8440372
FLT3	0.84403
TRIM36	0.84402686
GNAT2	0.844002
ATP9A	0.8439926
CASP8	0.8439741
KDM6A	0.84396845
CRB2	0.84395176
HS3ST3A1	0.8439499
GLI1	0.8439492
NPC1L1	0.8439399
GOT2	0.8439144
CRYBB2	0.843906
STAT4	0.84389913
SFI1	0.8438878
PIAS2	0.8438807
KDM2B	0.843843
CYB5R4	0.84381104
FAT1	0.8438093
FGF6	0.843793
ZNF667	0.84378517
BCL11A	0.84377545
MYOCD	0.84376293
ATP11C	0.84370536
CFAP58	0.84368855
ABCC9	0.843676
CDH10	0.84366477
SLC17A1	0.84366065
DOCK3	0.8436573
PPP1R16B	0.84365094
CCDC73	0.8436495
GRIN2A	0.8436342
ABCA12	0.8436139
H2BC13	0.8435986
LRP1B	0.8435929
TFPT	0.8435892
PAN2	0.843585
BAG2	0.84357953
DCAF12L2	0.8435758
POLR2A	0.8435701
C1ORF127	0.8435688
UNKL	0.84355986
ABCC8	0.8435203
JPH4	0.84351623
CCER1	0.84351575
ATP7A	0.84349585
POLE	0.8434742
TRAPPC4	0.8434715
NEDD4	0.8434689
WDR20	0.8434476
KHDRBS3	0.8434408
TNC	0.843428
STAG1	0.8434221
MYH9	0.8434011
ZNF639	0.8433366
PCSK2	0.8433032
GATA3	0.84328014
WIPI2	0.8432787
GOLIM4	0.8432697
BFAR	0.84326154
TRIM33	0.84324574
GLDC	0.84324235
LZTR1	0.8432362
ATR	0.8432258
TKTL2	0.8432236
VPS16	0.84320647
MAGEE2	0.8432063
ZNF507	0.84319973
RUNX1	0.8431985
CARD11	0.8431955
GRIK3	0.84318984
RRP1B	0.84318423
SH3TC1	0.8431827
ATRNL1	0.8431597
VWF	0.8431478
TET1	0.8431245
MYO1B	0.84312004
IGF1	0.8431088
TMCO2	0.8431026
KCNH5	0.8430994
PSMC2	0.8430838
GPATCH1	0.84305936
USP44	0.84305215
TBX4	0.8430381
TNN	0.84302753
PRDM16	0.84302044
ASXL2	0.8430122
PNPLA6	0.843001
N4BP2	0.8429969
TAS2R9	0.8429961
MSH6	0.8429948
PIK3R1	0.8429747
EPHB3	0.84296626
PCLAF	0.8429516
LAMA3	0.84295046
MYO5A	0.84294903
F13B	0.8429367
SPTA1	0.8429314
ROR2	0.8428935
MB21D2	0.84288275
METAP1	0.8428718
TGM4	0.84283227
SMR3B	0.8428176
SCN2A	0.8428115
OSBPL3	0.8428045
OR51A7	0.8427784
MRGPRX1	0.8427737
SLC6A13	0.8427591
DAXX	0.84274846
PLXNA4	0.84274685
KCNB1	0.8427266
ZNF292	0.84268624
DYSF	0.84268486
PRDM16	0.8426831
CSMD3	0.8426608
PORCN	0.8426557
MAEL	0.84265196
TUFT1	0.8426454
TFAP2E	0.84263986
LUZP2	0.8426332
WNT2	0.84262645
MOGS	0.84259945
SVEP1	0.8425874
CSMD3	0.84258413
OR2B11	0.84257185
CNTNAP2	0.8425694
CENPJ	0.8425586
TUBA8	0.8425558
BMPR2	0.8425416
ADAMTSL3	0.8425366
SULF2	0.8425226
MSH6	0.8425187
CSPG4	0.8424652
RNASE12	0.8424569
ELOA2	0.84243166
SLC40A1	0.8424074
LRIG3	0.8424046
NLRP2	0.8423722
ZNF823	0.8423252
HCRTR2	0.84232515
EHD3	0.8422796
ASH1L	0.8422777
SYNE1	0.8422691
OR4C12	0.8422636
NCOR1	0.84223086
PTPRC	0.8422101
EZH2	0.84219295
SUZ12	0.84218144
FOXA2	0.84216523
FLT3	0.8421613
ZNF285	0.84216046
MCOLN2	0.8421414
TTK	0.84211254
SMAD4	0.8421105
PALB2	0.8421018
ZFP30	0.84207857
CSMD3	0.84207267
MAML2	0.84205985
TFPT	0.84205663
FLNB	0.8420553
COL3A1	0.8420504
CTNNA2	0.8420503
KLHDC7A	0.8420394
KRT1	0.8420099
ZNF597	0.8419934
HGF	0.8419931
CDX2	0.84198815
UGT2A1	0.84198225
DNAH3	0.84197414
ABCA2	0.8419479
CLIP1	0.84194636
JAG1	0.8419324
ATP2A3	0.8419236
ZBTB33	0.84189
SKAP2	0.84188646
NOTCH1	0.84185386
PAX5	0.84185016
SESN3	0.8418491
ARID1B	0.8418139
GPHN	0.8418006
KDM5C	0.8417511
POM121L12	0.84174836
TDRD3	0.84173524
DNER	0.84171295
EXT1	0.8416923
SLC12A1	0.8416898
NALCN	0.84167546
CDH4	0.84165156
SOCS6	0.8416505
HMCN1	0.84161586
PHLPP1	0.8416141
KL	0.8415897
STOML3	0.84155166
MPPED2	0.84154105
CTNNA2	0.84154063
FMO1	0.8415396
LAMA1	0.8415299
RAPGEF6	0.8414931
IL16	0.8414642
CBLL2	0.8414512
MUC16	0.8414209
ATP2B3	0.84141886
XRCC5	0.8414047
THSD7A	0.84140384
TNC	0.8414011
ATN1	0.8413906
NFKBIE	0.8413601
RSPO2	0.8413572
WDR64	0.84132683
ASAH1	0.84132403
SF3B2	0.8413211
NCAM2	0.84131336
OR2L2	0.84131145
SNAP91	0.8412967
ADAMTS18	0.84127325
WNT10A	0.8412163
ANK1	0.8412157
CSMD3	0.8412134
WDR6	0.8412025
UBE4A	0.84119546
ADAR	0.841166
FAM241A	0.8411573
PLEC	0.8411462
SACS	0.841143
GABRP	0.8411206
TIPARP	0.8410746
NNT	0.841072
DHX38	0.84106934
PALM2AKAP2	0.84106886
TPRG1L	0.8410647
EZR	0.8410644
PACS1	0.84106386
PTDSS1	0.8410559
SLCO1C1	0.841016
ACSL6	0.84100413
RPS27L	0.8410009
RSPO3	0.8409734
TUBA8	0.8409603
MB21D2	0.840948
EIF3E	0.8409449
OGA	0.8409432
GRM3	0.84092504
KMT2B	0.84092426
STIL	0.840889
TIAM1	0.8408788
CD79A	0.84085983
LARP4B	0.8408362
CAPN6	0.84079254
TIMD4	0.84079134
HCN1	0.84075826
RFX6	0.8407516
MUC16	0.84075135
ANKS1B	0.84074765
MCOLN2	0.84073746
MYO5A	0.84072405
IGSF9	0.84072304
PRDM16	0.84070957
SLITRK3	0.840698
ZNF667	0.8406915
POLE	0.84068716
MUC16	0.8406775
BHLHE23	0.8406711
VAX1	0.84065485
CELSR3	0.8406537
PICALM	0.84063756
CHD5	0.8406269
MTMR14	0.8405831
MUC16	0.8405779
CALN1	0.84056544
SF3B2	0.8405578
GJB3	0.8405496
CLTC	0.8405473
SLC12A3	0.8405303
CDK14	0.8405199
LMAN2	0.84051085
PCDHA6	0.8405074
ALK	0.8404788
KAT2B	0.8404424
CDH9	0.84042895
MAGEA10	0.8404269
KHDRBS2	0.8404224
HMMR	0.84040993
STK26	0.84040356
CBLB	0.8403983
SETBP1	0.8403914
WLS	0.84037435
SMARCA2	0.8403578
ZC3H3	0.8403515
KLHL2	0.8403401
PTPRT	0.84032977
ACACA	0.84032923
CHD4	0.84030515
LAPTM5	0.84027267
PRKAR1B	0.84026587
NLRP12	0.84022754
CRB1	0.8402079
DERA	0.8401902
GTF3C1	0.84011924
HS3ST1	0.84011865
CLIP1	0.84010756
CSMD3	0.840104
ESR1	0.8400896
CBFA2T3	0.84008276
MYH10	0.84007007
WDR70	0.84006244
COL25A1	0.8400448
CHRND	0.84004253
MSH6	0.8400339
RSPO2	0.840019
PHKA1	0.8400019
ULK4	0.839996
ETV3	0.83999527
LRP1B	0.8399888
DNMT3A	0.83998555
MED12	0.83995026
SETD2	0.83993936
GCN1	0.8399267
PDE1A	0.8399257
NCOR2	0.83987993
FRY	0.83985746
PSD	0.8398423
SLC31A2	0.83981407
GDPD4	0.8398006
SUDS3	0.8397965
GABRA2	0.8397795
MTMR12	0.83977175
TRRAP	0.8397703
H3-3B	0.8397688
GABRA3	0.83975166
FAT1	0.83974576
PRDM16	0.8397433
UBASH3A	0.8397284
NRG1	0.83970475
ECEL1	0.83967525
GLI3	0.8396664
SEMA5B	0.8396386
DNER	0.8396129
SPTA1	0.8396121
NEU4	0.8396117
GADL1	0.839609
CCER1	0.8396021
EPAS1	0.8395994
PCLO	0.8395978
ANK1	0.8395804
RFX3	0.8395707
MSH6	0.83956355
TTN	0.8395621
NOS1	0.8395526
MYH1	0.8395397
ESYT1	0.8395273
NGEF	0.83952487
GPR22	0.83951974
ARMH3	0.8395183
IKZF1	0.83951795
RALYL	0.8395138
TMEM95	0.83950436
EXOC3	0.8394959
FAM111A	0.83948874
TSHZ3	0.8394815
IFT122	0.839475
ZC3H12B	0.8394561
RBMS3	0.83943576
PTH2R	0.83941317
LPP	0.83940053
PPM1D	0.83939886
PTPRC	0.8393761
FAM135B	0.8393653
CSMD3	0.83932495
OR13A1	0.8393209
LARP4B	0.8392975
CDC14A	0.83928794
APOA1	0.8392546
TRIP13	0.8392483
EPCAM	0.8392377
RBM10	0.83921313
GRIN2A	0.8391543
CIC	0.83915305
RBM10	0.8391322
CABP4	0.8391262
MSH6	0.8391253
MTCL1	0.83912486
SLC12A5	0.8391144
UTRN	0.8391098
BEST3	0.8390944
DDR2	0.83909416
KCNQ2	0.8390571
CYSLTR2	0.8390392
ZNF780B	0.8390363
PERP	0.83901584
HIVEP3	0.8389641
GNL3L	0.8389565
OGA	0.83895415
GUCY2C	0.8389462
SYNE2	0.8389155
DPF2	0.83889294
PAMR1	0.8388864
SLC12A2	0.83886427
CFL2	0.83886117
HK2	0.8388595
RSC1A1	0.8388467
GPI	0.83883125
SDHAF2	0.8387829
PRDM16	0.8387762
CLCA1	0.8387062
NKPD1	0.8386414
WDR72	0.83862
ASCC3	0.8386096
TET1	0.83860356
HSPB7	0.8385911
CPT1A	0.8385889
SMC5	0.8385865
SYNJ1	0.83858514
LYPD4	0.8385687
LRP1B	0.8385625
YWHAZ	0.8385431
NR1I3	0.83853745
MTTP	0.83851254
CTCF	0.8385023
CCDC6	0.8384924
MB21D2	0.8384755
NOD1	0.83846104
MGMT	0.8384598
NPHP1	0.8384548
ZER1	0.8384446
SLIT2	0.8384407
LRIG3	0.838428
ARHGAP35	0.8383974
EID3	0.83838093
TENM2	0.8383733
BTAF1	0.83836764
OR2A5	0.83835334
YTHDC1	0.8383451
TKTL2	0.83833456
FMO3	0.8383341
LTBP2	0.8383234
MSH6	0.8383148
SPTBN1	0.83828616
ABCA7	0.83827287
SRGAP3	0.83820975
PDE6C	0.83820546
MAT2A	0.838188
REL	0.8381862
MUC16	0.8381827
GPC6	0.8381611
DCAF12L1	0.83813834
OR4A15	0.83813345
LZTFL1	0.8381244
ITIH5	0.8381239
MTMR14	0.8380803
PTPRD	0.8380637
NOS1	0.8380624
PPP1R13L	0.83805394
KIF5A	0.8380536
KCNQ5	0.83802986
MYO1B	0.8380166
ULK4	0.8380013
PTPRC	0.83797497
LATS2	0.837943
IL3	0.83794004
BCL9L	0.83793825
ADAM29	0.8379301
SCNM1	0.8379192
CTNNA1	0.8378869
TRIM33	0.837885
EPHA3	0.8378407
HOXA5	0.83782196
CSF1R	0.83781576
CDH10	0.83781445
MEP1B	0.83779085
KMT2D	0.8377806
TBX5	0.83777744
SPEN	0.8377719
FOXN4	0.8377629
RTRAF	0.8377449
DAXX	0.8377332
EVL	0.8377303
GLI1	0.83772725
PKHD1	0.8376725
NOTCH2	0.837665
INTS6L	0.8376398
PIKFYVE	0.83763695
SP140	0.83763456
BCL3	0.83763325
FLT4	0.8376299
DZIP1L	0.83762926
ZFHX3	0.83762306
ERBB4	0.8376144
FAT1	0.8375564
EPHA5	0.83755016
KIF14	0.83754706
ADAMTS3	0.83754635
CEP152	0.8375331
TRPT1	0.8375317
TEC	0.8375195
MATN1	0.8375169
SF3B1	0.8375112
PRKD3	0.83748853
FAT4	0.8374866
ANKRD12	0.83745414
TMBIM4	0.8374529
MGMT	0.8374497
PIK3C2B	0.83744174
FBXL7	0.83743596
WWP2	0.83743185
AFDN	0.83742225
MYO5B	0.8374034
GRIN2A	0.8374008
AFF2	0.83738315
ZEB1	0.8373747
OR5B12	0.83735687
RBM10	0.8373506
AFF3	0.8373357
LMAN1	0.83732736
SCN9A	0.8373257
CLIP1	0.8373184
NPAP1	0.8373061
RPL30	0.8372881
GRIN2A	0.8372717
BMPR2	0.8372707
FBN3	0.83726215
ESRRG	0.8372525
TET1	0.8372408
CNTN6	0.8372062
KIAA1217	0.83719647
GAS7	0.83719325
POLR3A	0.8371623
PDE3B	0.83715296
PKD1L1	0.837152
KCNH6	0.83713996
ARHGAP15	0.837139
NFASC	0.8371316
NEBL	0.83711576
SIGLEC12	0.83711046
CD1D	0.8371067
ZNF473	0.83710474
PALB2	0.83710366
INTS4	0.8370991
LRRC7	0.8370961
SLC1A1	0.83705044
RGS18	0.837042
CLVS1	0.83703166
COL6A3	0.8370247
LARP1	0.83701456
SLC24A5	0.8370073
CSMD3	0.8369789
RXRA	0.8369561
FAT1	0.83694994
ATRX	0.83694184
NALCN	0.83693975
CTDSPL2	0.83689827
L3MBTL4	0.8368788
C9ORF72	0.8368671
PWP1	0.83686364
EPN1	0.83683157
DCTN5	0.8368164
CHRND	0.83678395
NES	0.8367753
CTNNA2	0.83674836
CFAP47	0.8367481
MLLT3	0.83674574
GABRA6	0.83673847
SRGAP3	0.8367353
GRIN2A	0.8367253
SEC22A	0.8367167
SNCB	0.83670104
SKI	0.83667797
SMG5	0.83667517
LRRC66	0.836667
TRIM37	0.836657
EPB41L1	0.8366337
ADGRD1	0.83662134
OR2T27	0.83660316
GDNF	0.8365782
KMT2D	0.8365492
KLK2	0.8365104
CSMD3	0.83650064
MGAT4B	0.8364999
DUSP22	0.8364882
FLNA	0.83647716
CTNNA2	0.8364723
BMPR1A	0.8364701
RGS7BP	0.8364556
FCRL5	0.8364421
ABCB11	0.8364283
CNTNAP2	0.8364136
NOS1	0.83640295
FIBCD1	0.8364006
ZNF75D	0.8363998
SLC2A5	0.8363946
PRDM16	0.8363811
RAP1GAP	0.83638066
TRRAP	0.8363518
CACNA1A	0.8363496
ULK1	0.83634496
SIDT2	0.8363204
ARIH1	0.8363124
ELMO1	0.8362994
DMD	0.8362783
RBMS3	0.8362695
POSTN	0.8362446
CDH11	0.8362334
KIAA1549	0.8362318
KDM4A	0.8362269
MTMR14	0.83620363
GRID2	0.8361908
MB21D2	0.83614457
CTNNA2	0.8361277
FAT1	0.836117
ZNF423	0.83610535
H4C4	0.83610356
ZFAND1	0.83609855
DCLRE1A	0.83608824
CNTNAP5	0.83606356
CHD3	0.83605385
SETD2	0.8360416
GRIA1	0.83602846
ADCY2	0.8360236
GRIN2A	0.83601344
NUTM2D	0.8359843
FMO2	0.83597577
GNA11	0.83593124
DPM1	0.8358921
PARVG	0.83588624
PTPN6	0.8358515
TP63	0.83582723
DYNC1I1	0.8357671
DDX43	0.8357544
PDGFD	0.8357398
ATP11B	0.8357334
CNTNAP2	0.8357203
PRMT8	0.83571106
SLC24A2	0.8356893
USP29	0.835679
FN1	0.8356115
SETD2	0.8356045
SETBP1	0.83559036
FBN1	0.8355783
KLHL1	0.83554757
ENTR1	0.83552194
SNRPD1	0.83551747
FAM71C	0.8355168
HS3ST3A1	0.8355092
NXPH1	0.8355003
KMT2D	0.8354724
MRPL58	0.83546495
PPP2R1A	0.8354647
STAT5B	0.8354516
BRCA1	0.83544534
PKN2	0.8354393
AOC2	0.83543646
DDX23	0.8354299
RBM10	0.83542424
ZBTB4	0.83540845
CABP5	0.8353504
ERP27	0.8353492
OPRL1	0.8353409
KATNIP	0.83534056
MYH11	0.83533794
LAIR2	0.8353362
MITF	0.8353351
SAGE1	0.8353338
COL21A1	0.83531713
LHX9	0.835286
TMEM214	0.8352803
RNF103	0.8352569
WDR70	0.8352534
CASP8	0.8352459
PLPP4	0.8352375
CDH10	0.83523566
EXOSC9	0.8352218
ALG11	0.83521664
OMD	0.83520633
TMEM95	0.83517665
ABL2	0.8351683
SCN1A	0.83516556
VAV1	0.8351643
FDFT1	0.8351594
TUBA8	0.8351479
ZNF521	0.83512294
HMOX1	0.8351024
PSG9	0.83508754
ERG	0.83508
PTCH1	0.8350618
NLRC3	0.8350595
RIMS1	0.83501196
LCOR	0.8350058
STK35	0.8350009
FSD1	0.8349981
KRTAP10-8	0.83499193
FH	0.8349912
P4HA1	0.83497345
LRP1B	0.83495015
OR9Q2	0.834945
KIF21A	0.83494174
NALCN	0.83491457
PCDHGA7	0.8348985
SF3B1	0.8348978
ZFP37	0.8348976
COP1	0.8348697
SLC6A15	0.8348665
KIF21A	0.834852
WNT10A	0.83484507
REV1	0.83483696
CASP8	0.83482915
ITPRIP	0.8348158
BMP5	0.834813
ICA1	0.8348109
EBF1	0.8348092
ZNF71	0.8348092
NRG1	0.8348075
RNF6	0.83480656
KYNU	0.8347863
FAT1	0.83477795
MORC2	0.83475363
PTPRD	0.83474225
LPP	0.8346967
RFX2	0.8346933
CT83	0.83468306
NWD1	0.8346824
NRDE2	0.8346796
KLHL38	0.8346782
DMD	0.83466274
MTMR3	0.83464116
PDCD1LG2	0.8346348
EXT2	0.8346324
ACOX3	0.8346298
VPS45	0.83461267
TLX3	0.83460945
MGAM	0.83460754
DUSP22	0.8345883
SLC5A1	0.83457994
AFF3	0.83456445
MUC16	0.83456045
TRIM27	0.8345207
ITPR3	0.8344898
KIDINS220	0.8344832
ASPM	0.8344779
MYO1F	0.83446693
DICER1	0.83446574
APOB	0.8344592
BIN2	0.83445716
GRIN2A	0.83445656
BCL9L	0.8344407
NALCN	0.8344389
MUC16	0.83442515
SPP2	0.83442223
AFDN	0.8343952
PIAS2	0.8343843
TUBA8	0.8343836
MAGEC3	0.83437604
LILRA6	0.8343576
SHANK1	0.8343364
EPAS1	0.8342903
FLRT3	0.83428836
EIF4A2	0.83428407
USP9X	0.8341811
BIRC6	0.8341694
SLC8A3	0.8341431
TRHR	0.8341317
MUC16	0.8341214
PLCH2	0.83410156
ZFAND1	0.8340962
DCAF12L2	0.8340864
MUC16	0.83408105
HECW2	0.83407784
SULT1B1	0.8340769
KCNB2	0.83405024
ZEB2	0.8340428
FBXW11	0.83403367
NUMA1	0.8339987
SMARCD2	0.83398056
ZNF773	0.83397776
NEMF	0.833974
RUNX1	0.83396554
RERG	0.8339611
TRIM71	0.83394194
CDH12	0.83392423
NKX2-1	0.83391786
FH	0.8339102
ASPM	0.8339009
GRIN2A	0.83385724
NPHS1	0.8338468
CUBN	0.83384657
CDH10	0.8337789
ZNF521	0.83377665
RADIL	0.8337654
CHMP2B	0.833754
AFF2	0.8337388
BRWD1	0.83373284
CCP110	0.83371836
HIRA	0.8337071
CAPN13	0.8337027
CSMD3	0.8336928
DNMT3B	0.83369076
THOC2	0.8336745
EPRS1	0.83366805
TRPC5	0.8336648
HGF	0.83366066
NECAB1	0.83362633
MARCHF10	0.83359087
RBM10	0.8335876
PAK5	0.8335659
CORIN	0.8335651
RFWD3	0.83354187
FAT3	0.83352935
ATR	0.8334975
PIK3R1	0.8334914
XPO1	0.83347964
CEP70	0.8334656
EPS15	0.83346003
SMARCA2	0.8334476
AFF2	0.8334457
MB21D2	0.833434
DHX36	0.8334267
ACTL6A	0.8334189
TMEM161B	0.8334146
IRS4	0.8334104
CCDC191	0.83340365
PRDM16	0.8333907
PCDHB16	0.8333761
RANBP2	0.8333745
RPL22	0.833369
FAM171B	0.8333665
OMD	0.8333659
CMTR1	0.83335733
CAPZA2	0.8333441
PANK3	0.8333336
UGT2A1	0.833333
FAM47C	0.8333251
ESCO2	0.8333162
PEX5L	0.8333092
GLYATL2	0.8332673
COL4A5	0.83326703
PAX5	0.83324033
TUBA8	0.8332213
TBL1XR1	0.8331969
COL3A1	0.83314586
RBM10	0.8331456
CRLF2	0.8331334
HACE1	0.8331304
FAM214A	0.83311296
PLEKHF2	0.8330948
PDGFRA	0.8330938
SP140	0.8330815
NPAS3	0.8330815
ABCC9	0.8330707
RAD51AP2	0.8330531
ZBTB11	0.83302844
IL2RA	0.83301586
RTL4	0.8330151
POLR2A	0.83299774
FAM78B	0.8329739
SCRN1	0.8329643
IGFBP7	0.83296126
TIAM1	0.83295053
NEK10	0.8329462
CBWD2	0.83294517
DPF1	0.83294356
TRNT1	0.83294314
SETBP1	0.8329277
EIF4A2	0.8329168
CTNNA2	0.83290136
GRXCR2	0.8328959
CYP7B1	0.83289564
MAP3K1	0.83286333
EBF1	0.83285195
USP34	0.832821
TUBA8	0.8327951
MEDAG	0.83279264
CAND1	0.8327607
PPP3CA	0.83272815
PDE3A	0.8327206
ST6GALNAC5	0.83270776
TLR7	0.8326981
NDC1	0.8326534
XYLB	0.8326367
PCDH12	0.8326175
NUAK1	0.832617
F13B	0.8325991
POM121C	0.8325877
LAMA4	0.8325588
TJP1	0.83253455
AGL	0.832531
PCDHB2	0.832531
SYT1	0.8325305
TSHZ3	0.8325233
CRNKL1	0.83251274
PRELP	0.8325105
MTMR14	0.83247894
SOX8	0.83247787
SEMA6D	0.83247507
PLSCR5	0.832458
TMEM94	0.83243793
XCR1	0.8323909
SETMAR	0.8323796
MSANTD3	0.8323655
EXT2	0.8323593
DLL3	0.83235615
FOXJ3	0.83235294
BCL9L	0.8323014
UNC5D	0.8322917
PCDHGA8	0.8322606
MYH1	0.83225554
ACVR1	0.83224994
NCKAP5L	0.8322379
RWDD2B	0.8322373
MYH11	0.83222127
ROS1	0.83220184
COL10A1	0.8321788
VAV1	0.8321529
CDH8	0.83215106
RYR3	0.83214474
CTNNA2	0.8321268
SLC25A36	0.8321229
NRG1	0.83212125
GRB14	0.8321091
PCDHGA9	0.83208215
PCDH15	0.8320562
DCHS1	0.8320487
NDRG1	0.83204204
FETUB	0.832029
SDK1	0.83202875
KCNMB2	0.8320151
UNC13C	0.8319884
DCTN5	0.8319615
SETBP1	0.83192635
GRIN2A	0.831911
CDX2	0.8319104
NID2	0.8318943
HEATR5B	0.83187133
DDX27	0.8318554
EXT2	0.83184904
ATR	0.8318445
PER1	0.83183175
AFF2	0.83182603
TSHR	0.83182526
GABRG1	0.8318166
ITIH2	0.8318146
AMER2	0.8318107
TRIP12	0.83179885
KCNH2	0.831781
KCNMB2	0.83175737
ATP6V1A	0.8317522
DBF4	0.8317259
CTNNA2	0.8317141
KCNK17	0.8317058
IZUMO1R	0.8316858
CSMD3	0.8316458
PPP4C	0.8316431
RPS29	0.83164257
CFAP57	0.83164
HGF	0.83161664
TCP11L1	0.8315885
LRRC4C	0.8315607
CADM1	0.8315309
SLC22A7	0.83151037
LTBP2	0.83150554
DDX3X	0.831499
ZEB1	0.8314699
NES	0.83146083
CIC	0.8314532
MSX1	0.8314498
CPA2	0.8314358
ELMO1	0.8314209
CFAP70	0.83141446
APBA1	0.8313999
MPO	0.8313906
LRIG3	0.83136445
PRDM13	0.8313638
PAPPA2	0.8313617
MRE11	0.8313575
GRIK3	0.8313265
PCDHA4	0.83132297
PCDH7	0.83132017
PRSS16	0.83131474
NETO1	0.8312955
GRIN2A	0.8312828
FAM47A	0.8312752
SLIT2	0.83127475
COL15A1	0.83126277
GRM3	0.83124995
MUC16	0.83124685
MMP9	0.8312422
ADGRA3	0.83124197
APBA2	0.8312409
PALB2	0.8312323
BCO2	0.8312262
CACNA1E	0.83120537
ARHGEF12	0.8311723
NCAPD3	0.8311554
SECTM1	0.83112407
RBM10	0.8311231
ZNF700	0.8311179
PSMD12	0.8310982
KALRN	0.8310891
CHRND	0.83107364
USP6	0.8310718
ATRX	0.83106756
CCSER1	0.8310478
STAB2	0.83103836
ITIH5	0.8310001
TGFBR2	0.8309776
PLCB4	0.83097744
NMNAT2	0.8309531
MRAP2	0.8309419
CASS4	0.8309224
KDR	0.8309182
OTOF	0.83090955
CHRM2	0.8309057
CSMD3	0.8308911
TCERG1L	0.8308688
OSBPL8	0.8308688
TEC	0.8308505
RBM10	0.8308493
MAGEC3	0.8308432
PI16	0.83083856
GATA3	0.83083445
LTBP2	0.8308332
MUC6	0.83082235
UBR5	0.83082163
H1-5	0.8308033
IKBKB	0.83079374
HOXD13	0.8307843
SRGAP3	0.83076924
EPHA7	0.8307679
PDGFRA	0.8307547
SPINK5	0.8307292
ESR1	0.8307106
STK10	0.8307085
CSMD3	0.8307049
STX12	0.83065975
MYH8	0.830657
YAP1	0.83065045
PRAMEF19	0.83064353
L3MBTL4	0.8306327
EBF3	0.8306137
SETDB1	0.8306018
SLC22A6	0.8305911
MYH8	0.8305871
FAT4	0.830565
ANKIB1	0.83056235
CHD5	0.83056164
CLIP1	0.83054847
NPAS2	0.8305164
LATS1	0.8305092
SLC39A12	0.8305058
GJA4	0.8304997
UGGT2	0.8304952
HGF	0.8304936
ANK1	0.83049005
SETD2	0.83044904
TRHR	0.830436
PTPN4	0.83042616
BRWD3	0.8304133
ARHGEF12	0.8303952
ITGA10	0.83038074
CD209	0.83037263
CNKSR2	0.8303693
ATRX	0.8303099
FAM47A	0.83026123
TAF9	0.83023363
F13A1	0.8302268
KIFC1	0.83022535
PPRC1	0.830197
N4BP2L2	0.8301953
RYR2	0.8301835
APC	0.8301792
FAT3	0.8301759
CNTN4	0.83017457
PDGFRB	0.83016896
PANX3	0.8301589
SIRPA	0.8301586
TJP1	0.83014596
OR4N2	0.83012784
RESF1	0.83011574
ING3	0.8301044
FRMD5	0.830104
MSH6	0.8300843
TECTA	0.8300499
ATP10B	0.8300386
LRP1B	0.8300238
UCKL1	0.83002007
CYP2A13	0.83000773
HPSE2	0.83000356
TRIM71	0.83000124
CASP5	0.82999015
CSMD3	0.8299901
EPCAM	0.8299658
REL	0.8299617
DCAF12L2	0.8299608
RSPO2	0.8299527
TSBP1	0.8299376
TUBA4A	0.82992667
PSG8	0.82992053
SPEN	0.8299133
TENM2	0.8298781
CLSTN2	0.829861
GABRG1	0.829849
STAT5B	0.82984304
FADD	0.8298359
OMD	0.82983345
CSMD3	0.8298194
SF3B5	0.82981783
PSMD11	0.8298008
PIWIL3	0.8297809
WDR75	0.829759
BRCA2	0.82974905
IL1RAPL1	0.8297489
MTMR14	0.8297323
GRIA4	0.82970464
MGAT5	0.8297008
FBN2	0.8296582
SOX5	0.8296573
SDK1	0.8296567
MAPK8IP1	0.8296565
IL12RB1	0.82963955
LRRN3	0.8296082
MYL9	0.8295938
FAT3	0.8295821
CCDC24	0.8295662
PHF3	0.8295597
KRT28	0.82955813
TTLL5	0.8295551
LCP1	0.82952964
LCA5L	0.8295048
LRRC8B	0.8295015
METTL18	0.8294771
OR4M1	0.82947254
EML4	0.829465
OPN5	0.82941794
ZNF98	0.82941335
FAM153B	0.82941324
DLX5	0.8294113
ULK1	0.8293975
ALG13	0.8293857
RSPRY1	0.82935065
DNMBP	0.8293449
FIG4	0.8293161
TRANK1	0.8293099
BABAM2	0.82927233
PRKDC	0.8292486
FNBP4	0.829208
CTNNA2	0.829188
NRG1	0.82917
TEC	0.829159
XAB2	0.829157
CEBPG	0.82914656
FSHR	0.82910883
RFX2	0.82908344
SON	0.8290685
EIF2B3	0.8290663
CACNA1D	0.8290505
FAT3	0.82904047
SDHAF2	0.82902855
USP8	0.82898694
NALCN	0.8289824
INPP5B	0.8289652
ACVR2A	0.8289352
DCDC2	0.82891476
SRCAP	0.8289135
ARHGAP35	0.8289085
EVI5	0.8289018
S1PR1	0.82889754
APLP2	0.8288961
CLRN1	0.8288906
AGPAT2	0.82888854
PTX3	0.8288663
ZNF695	0.8288475
EMILIN3	0.8288228
NOS1	0.82882154
C8ORF34	0.82875866
CTNNA2	0.82875204
CHIC2	0.82875013
HIP1	0.8287451
RNF128	0.82873905
FOXO4	0.828736
FAT3	0.82872796
NCOA4	0.82872397
APOBEC3H	0.8287136
MARK1	0.82868993
IGHV2-26	0.8286484
BMP8B	0.8286451
TPR	0.82863075
ATOH1	0.8286225
SUZ12	0.82861483
SLC38A4	0.82860476
ATPSCKMT	0.8286035
PHLPP1	0.8286004
PTPRD	0.8285549
TLX3	0.8285458
TMTC3	0.82854354
MUC16	0.82851785
SECISBP2L	0.8285066
HERC4	0.828506
MYOCD	0.8285041
SLC20A1	0.8284975
CDX2	0.82848734
TLR7	0.82848287
JAK2	0.8284397
R3HDM1	0.8284301
NSD1	0.8284299
FAT1	0.8284282
KLHL20	0.82842714
PTPRD	0.8284241
GRIN2A	0.82841814
ALK	0.8283821
ALOX5	0.8283709
TRPC1	0.8283557
BRINP2	0.828324
SLC12A1	0.82832277
DOK6	0.8283161
PTGES3L-AARSD1	0.82829916
TRIM69	0.8282957
USP9X	0.82829547
ACSS3	0.82828456
KLHL1	0.8282748
PXDNL	0.8282737
OR2T6	0.82825124
SMARCA1	0.8282467
RAG1	0.8282462
KRT39	0.8282317
ASPM	0.828228
DNAI3	0.8282176
SLC39A1	0.82821625
LRP1B	0.8282133
TAF1	0.82820374
ARHGEF12	0.82819664
KCNT2	0.82816815
COL3A1	0.8281376
KLF5	0.8281367
PRDM2	0.8281233
UNC79	0.8281226
TNN	0.8281114
MUC16	0.82808876
KMT2E	0.82808226
CDC42BPB	0.82808214
ASPM	0.82807326
CNTNAP2	0.8280574
ZGRF1	0.8280516
PDE4DIP	0.82804334
FLNA	0.82801616
GALNT6	0.82798946
RNF138	0.8279876
CRX	0.82798386
KCNG1	0.82792175
KRT16	0.82791257
GPR55	0.82789385
FAT1	0.8278913
PLCB4	0.82789004
COL3A1	0.8278831
CLTCL1	0.82784086
GNAS	0.82784027
CTNND2	0.8278208
FAP	0.82780576
PCDHGA3	0.82777894
TSPOAP1	0.82776237
ATP2B2	0.8277618
XCL2	0.8277568
LRIG3	0.8277362
GRIN3A	0.8277361
CDH2	0.82769775
MYH15	0.82768625
ABCA1	0.82766765
CACNA2D4	0.82766354
FNDC1	0.82763827
DVL1	0.82763237
CSDE1	0.8276218
SETD2	0.82759714
PADI3	0.8275924
USP6NL	0.82758117
PIP4P2	0.8275556
RAI14	0.82753485
PTCH1	0.8275335
GPR101	0.8275175
PRKCB	0.82751507
PAK5	0.82750887
WNT5B	0.8274988
PTCHD1	0.82748157
LINS1	0.8274701
SCAF4	0.8274566
EHMT1	0.8274516
MMD2	0.8274368
HCRTR2	0.82742864
NAMPT	0.82741845
GRIN2A	0.8274183
ADRA1A	0.8273735
CUL3	0.8272973
MTMR14	0.82729673
CUBN	0.8272939
GPC5	0.82727456
FANCG	0.8272664
ATP9A	0.82725513
CTNND2	0.8272543
KCNQ5	0.82725406
MUC16	0.82725
RAD21	0.82723683
EPB41L1	0.8272078
TRIM8	0.82718265
ARFIP1	0.82717127
DNMBP	0.8271653
HJURP	0.8271583
ERBB4	0.82712865
CDH11	0.8271059
MECOM	0.82709867
L1CAM	0.82709473
APBA1	0.8270754
ZFAND1	0.82706225
PDE3A	0.827062
HPS6	0.82705426
YTHDC2	0.8270513
LRP1	0.82700735
TEX15	0.8269861
FAM135B	0.82698035
APOBEC3F	0.8269297
RIMS2	0.82692754
MAMLD1	0.82691896
CTNNA2	0.82690156
UBR5	0.8268943
SLC17A8	0.8268786
AFF4	0.82686734
LIFR	0.82686687
PREX1	0.8268089
NUMA1	0.8268026
OPRL1	0.8267801
AFDN	0.8267507
RTRAF	0.8267168
C20ORF194	0.8267118
FIGN	0.82671165
ADGRB3	0.8267109
ZNRF3	0.82670426
ALG9	0.8266717
BBX	0.8266617
NFRKB	0.8266612
CLCNKB	0.8266525
AKT1	0.8266382
CXCR4	0.8266358
COPA	0.82662374
TET3	0.82660306
DNMT3A	0.8265939
KCNA4	0.8265891
UBE2D3	0.8265884
ULK4	0.82655144
CDK12	0.8265357
SGO1	0.82646585
HEATR5B	0.82645917
PKP2	0.8264578
PTCHD4	0.82644904
CHL1	0.8264426
ATRX	0.82643914
TMEM63B	0.8264171
FAM47C	0.82641065
GPC5	0.826409
SCG2	0.8264041
ROS1	0.82638913
PTPRT	0.82637024
CDH7	0.82636184
GRIN2A	0.8263395
KLHL14	0.8263394
ZNF213	0.8263189
RTCA	0.8263078
COL3A1	0.82630646
CBFA2T3	0.8263016
CNTNAP2	0.82629436
COL3A1	0.82629216
LYST	0.8262884
C6ORF118	0.8262726
ZNF706	0.82623214
PAPPA2	0.82621133
MUC16	0.82620317
SLC39A12	0.8261884
ZC2HC1C	0.8261798
CTNNA2	0.82616276
EPCAM	0.8261609
TAF5L	0.82615805
TET1	0.8261438
MSH6	0.8261328
SETBP1	0.8261121
RXRG	0.826107
RSPO2	0.82610667
XDH	0.82609415
GRM3	0.8260815
DUOX2	0.82605314
ASTN1	0.82605004
SYNPO2	0.8260491
CNTNAP2	0.82604504
CST9L	0.8260392
NCKAP5	0.82603395
OGDHL	0.82603383
MUC16	0.8260244
SRP9	0.8259987
MAGI2	0.8259844
TGFA	0.82598174
DUSP14	0.8259653
RSPO2	0.82596236
FCGBP	0.82593715
MUC16	0.825922
YWHAE	0.825901
RET	0.82590044
CTNNA2	0.8258923
MAP1S	0.8258734
STAB2	0.82587034
LMO1	0.8258636
RBM10	0.82586133
DAGLA	0.8258561
DNAH5	0.8258548
KLHL32	0.8258514
RNF220	0.8258374
TRIM43	0.8258251
FER1L6	0.82574856
TGM1	0.8257463
BRINP3	0.82574224
TJP1	0.82573617
HS3ST3A1	0.8257267
ZNF221	0.82572526
MAEA	0.825706
KMT2D	0.8256945
KDM1A	0.8256664
PARP9	0.8256647
RSPO2	0.8256141
TP53INP2	0.8256113
ADORA2A	0.8256067
NDRG1	0.82558167
CDH1	0.8255794
PTPRD	0.82557493
EPHA7	0.8255724
IL31RA	0.8255718
SLIT2	0.82556313
SLC6A15	0.8255631
ABO	0.82555157
KCND1	0.82551426
CDH10	0.8255006
CDK17	0.8254706
DCAF1	0.82542694
RFWD3	0.82540596
CTSF	0.82539296
ARHGAP36	0.8253906
PPM1D	0.82538813
MSH6	0.8253854
WDR35	0.82536197
SOBP	0.8253588
SLC9C1	0.82535267
COL28A1	0.82534873
SLC38A10	0.8253255
EPHB1	0.8253133
NRCAM	0.8252929
SOX6	0.8252757
GLI1	0.8252457
ASH2L	0.8252424
FAT3	0.8252327
CSMD3	0.8251921
PEAK1	0.825189
CSE1L	0.8251854
CDYL2	0.8251817
TET1	0.8251742
TUBA1C	0.8251536
KAT14	0.8251365
OSM	0.8251128
MACF1	0.8251077
CHM	0.8251021
MED12	0.82510096
ARID2	0.8250999
CDK16	0.8250893
TBCD	0.8250807
FZD4	0.8250699
TIMM17B	0.82506907
ZFHX3	0.825057
LINS1	0.8250397
ZNF516	0.8250326
PDE2A	0.82502025
CIC	0.8250101
HUWE1	0.82499
PADI6	0.82495415
PIK3R1	0.824952
BECN1	0.82494485
EFCAB1	0.8249107
SYNE2	0.82491016
RSPO2	0.8249085
MUC3A	0.82490283
GPHN	0.8248882
ATN1	0.8248788
KCNJ6	0.82485986
HSF2	0.82485974
ZNF341	0.8248406
IMMT	0.82483447
EPG5	0.8248217
LRP1B	0.8247879
MAST4	0.8247763
EPHA7	0.8247545
ATRX	0.8247533
SERTM1	0.82474744
ZBTB2	0.82472414
TRIM9	0.82470495
BCL9L	0.82465625
FOXF1	0.8246549
TET1	0.82464975
PRKD1	0.82463497
TET1	0.8246245
ZIC4	0.8246237
SLC39A12	0.8246155
KMT2C	0.82460356
FAM180A	0.82459307
ZDHHC14	0.8245381
CNTN2	0.8245313
KIR3DL2	0.8245309
AP1S1	0.82451576
NPAT	0.82451576
VCL	0.8244939
CDK12	0.8244222
JMJD1C	0.82441664
GPBP1L1	0.8244114
NTN4	0.8243976
CSMD3	0.82438016
FBXW9	0.8243716
CSMD3	0.82436633
FSD2	0.8243661
C11ORF71	0.82435906
PAXIP1	0.8243506
LOXL3	0.82428837
PKHD1L1	0.8242838
ZNF100	0.8242427
UGCG	0.8242209
TMEM132B	0.8242159
GRIN2A	0.8241975
UNC5B	0.8241837
CRAMP1	0.82417554
HNRNPA2B1	0.8241645
SUZ12	0.8241582
NFATC2	0.82415736
YLPM1	0.8240588
ANK2	0.8240392
ABL1	0.8240364
NAV1	0.8240346
PCDHGC5	0.8240211
CTTNBP2NL	0.8240199
SMOC1	0.824018
MAP1B	0.82401717
SLC4A2	0.82401574
ANO4	0.82399654
PTPRZ1	0.8239929
TTC33	0.8239595
PPT1	0.82392025
FRAS1	0.82391536
CANX	0.8239118
EPHA7	0.8239037
ATP2B3	0.82390094
GSDMD	0.8238974
PPIL2	0.82389426
GREB1	0.8238813
F13B	0.8238723
EPHB4	0.823858
INTS13	0.8238076
FAM47B	0.8237885
EPHA7	0.82378113
MATN1	0.8237808
RTL9	0.8237697
PAEP	0.82376456
HRH4	0.823743
BMPR2	0.8237415
TLR4	0.8237396
KMT2C	0.82373685
CDH1	0.8237321
SRP68	0.82368463
RAD21	0.823663
ADAT2	0.82364774
PRR16	0.8236382
LINGO2	0.8236351
DCLK3	0.8236245
PTGR1	0.8236226
ALK	0.82362115
B3GNT3	0.82359874
TM2D2	0.82359767
RELN	0.8235927
CFAP47	0.82359195
IRX2	0.82356864
MGA	0.8235378
TSHR	0.8235285
STK32B	0.8235257
CDX2	0.8235238
SHF	0.8235197
GCG	0.8235001
LEF1	0.82348144
DGKB	0.82343525
PRSS8	0.8234149
DROSHA	0.82341164
THOC2	0.8234081
AKR1B1	0.8234022
SLC8A1	0.82339585
CACUL1	0.8233914
COL3A1	0.82338643
MUC16	0.8233818
MUC16	0.8233806
PAX7	0.82336366
RBM24	0.82332355
ECT2L	0.82331663
MAGED2	0.82330924
HS3ST4	0.8233073
EDNRB	0.8233061
MYO6	0.823294
USP1	0.8232894
EPHA3	0.8232886
TNRC18	0.8232824
MLLT3	0.82326424
TUBA1A	0.82326305
RABEP1	0.82325864
ATP2C2	0.823251
CSMD3	0.8232428
FBXL7	0.82324266
SHCBP1L	0.8232308
NCOR2	0.8232112
PCCA	0.8232019
PHKG1	0.82318896
PALB2	0.82318866
RRP15	0.8231744
AMPH	0.82317066
MSH6	0.8231565
SEMA5B	0.8231433
ATRX	0.82313764
LMX1B	0.82312775
MFSD8	0.82312214
OR10A3	0.8231198
ARHGAP6	0.8231119
LRFN2	0.8231004
NPAP1	0.8230915
TSNAX	0.82308996
FAM241A	0.82306826
CNTNAP2	0.8230634
MGAT5	0.82303274
CTNND2	0.82302284
CDKN2C	0.8230159
ARHGEF10	0.8229908
BMP5	0.82297605
MYH7	0.8229706
ZFYVE21	0.82296884
HIP1	0.8229634
CNOT6L	0.8229575
OCA2	0.82295144
DIAPH2	0.8229423
MICU3	0.8229321
AMER1	0.822919
FBXL7	0.82290494
POLE	0.8228966
NFATC4	0.82288384
CSMD3	0.82286406
INSRR	0.822858
UBR5	0.82285774
PLXNA1	0.8228562
THOC2	0.82285386
DAB2IP	0.822845
ASPM	0.82284033
ANK1	0.8228334
PTPRK	0.82280207
TIA1	0.82274497
NRG3	0.82273304
SEMA5A	0.82272726
FAM47A	0.8227232
ZNF804B	0.8227104
KPRP	0.82270944
CSMD3	0.82270616
SLC9A2	0.82268256
SAP30BP	0.8226611
RRAS2	0.82265913
KCNB2	0.822628
BIRC6	0.8226076
NLRP3	0.8226005
DPYD	0.82259023
RBM33	0.8225887
MUC16	0.8225371
CR2	0.82253015
BCORL1	0.8225276
PTPRD	0.8225197
PRR27	0.822518
MAGEB16	0.8225086
TPM4	0.82250553
RXRG	0.8224699
CFH	0.8224633
PTK2B	0.8224591
PLCL1	0.82244784
PRICKLE2	0.82243586
BPTF	0.82241833
STAG2	0.82241833
ZEB1	0.82240427
CDH8	0.8224015
NUP155	0.82239527
RGS7	0.82234186
DCUN1D2	0.82232773
PELO	0.82230926
GPCPD1	0.8223012
PLPPR4	0.82229376
CFAP54	0.82229245
ANKRD17	0.8222908
OBSCN	0.8222723
CCDC63	0.82225806
RET	0.8222432
SNRNP200	0.8222411
BLVRB	0.8222361
UNC5B	0.8222186
RAG1	0.8222058
C6	0.82219845
CTNND2	0.82217866
MAPRE2	0.8221686
ZNF451	0.8221648
EHD3	0.82216024
CMAS	0.82210815
LRRC36	0.8220971
POLR3B	0.82209677
BCOR	0.82208705
COLGALT2	0.8220584
ADAMTS1	0.8220426
ZFHX3	0.822011
GLRA3	0.82200634
ARFGEF1	0.82199866
HIVEP1	0.8219843
TSPAN19	0.8219813
CALD1	0.8219713
TUBA1A	0.8219286
SHPRH	0.821924
GPLD1	0.82192117
EXOSC3	0.82191354
PRPSAP1	0.8219131
HNF4A	0.8219098
ZNF804A	0.8218956
E2F8	0.8218832
AGBL2	0.82186764
LRP1B	0.8218654
MECOM	0.8218589
OXSM	0.8218557
DGKG	0.821847
FUT5	0.821833
GALR1	0.82182527
COL3A1	0.8218214
NSD3	0.82181925
MUC16	0.8218176
STAT1	0.82176614
PPP2R5C	0.8217643
TRHDE	0.82175076
PIK3R1	0.82173795
CLK2	0.82172257
FOXN4	0.8217218
MAML2	0.8217156
VEZT	0.8216836
ZNF384	0.82167006
METAP1D	0.8216686
DCX	0.8216549
SRCAP	0.82164043
LSAMP	0.8216038
TRIM3	0.821587
ARL14EP	0.8215736
CHUK	0.8215552
GRIN2A	0.82155454
KALRN	0.8215469
BCORL1	0.82154554
IL23R	0.82154214
PTCH1	0.8215414
NUP214	0.82146335
FAM47C	0.82144475
IFI44L	0.82143915
CCDC141	0.82141936
LRP1B	0.82141685
SLC44A5	0.8214036
ZNF521	0.8213917
CDH9	0.82139015
YBX2	0.82138723
CAAP1	0.8213781
SRGAP3	0.8213692
CTNND2	0.82135534
SLC45A1	0.8213534
TMPRSS6	0.8213497
SATL1	0.8213497
NAA38	0.8213497
MICAL2	0.82132983
GLP1R	0.8213197
CSMD3	0.8213173
CTNND2	0.8213146
IL3RA	0.8213074
TFDP2	0.8213047
EBF3	0.8213019
YARS2	0.82127964
PNPLA6	0.8212563
OPRL1	0.8212302
NT5DC3	0.8212236
EIF3E	0.8212206
B3GALT4	0.821193
GRM8	0.8211856
CHL1	0.8211812
TTN	0.82115865
CPO	0.8211581
KDM1A	0.82114697
FLNA	0.8211299
TTN	0.82112825
ELOVL2	0.82111907
DSG1	0.8210895
HMCN1	0.8210847
ATP2A1	0.82103825
CHD9	0.8210126
KIF21A	0.8210107
PLCB4	0.8209934
MGAT4C	0.820987
PITPNM3	0.8209849
SRCAP	0.82096744
MYH6	0.820946
FLG2	0.82094073
PTPRK	0.8209254
KDM1A	0.8209195
NCKIPSD	0.8209097
PPL	0.82089674
LAMP2	0.8208797
HIVEP2	0.8208797
TAAR9	0.8208772
IGF2R	0.82087386
STAG2	0.82085586
PCDH11Y	0.82084936
AKAP3	0.8208468
CAMTA2	0.82083356
DCAF12L2	0.82082665
EIF2S3	0.82082456
GRIN2A	0.8208237
INPPL1	0.820814
AGER	0.82080925
MALSU1	0.82080466
GRIK2	0.82078683
CYP11B2	0.8207816
HJV	0.82077974
KCTD7	0.8207581
HUWE1	0.820719
PDK3	0.82071465
PTPRD	0.8207103
PCIF1	0.8206701
COL9A1	0.82065946
PPP4R4	0.82065624
GRAMD1B	0.82064426
MYO9A	0.8206165
FAM47A	0.8206064
NRCAM	0.8206047
AKAP9	0.8205817
THBS2	0.82057995
RELB	0.8205775
ATRX	0.82055193
SEC14L2	0.820542
CLVS1	0.82053596
PTPRT	0.8205223
SMC1A	0.8204952
KCNA6	0.8204922
PTPRD	0.8204466
IL7R	0.820438
KCNA4	0.8204365
KRTAP10-5	0.8204274
ERC1	0.82040596
FAT3	0.8203691
SLC4A10	0.82036346
IQSEC2	0.8203246
CTNND2	0.82025456
SEPHS1	0.82024187
ERCC3	0.8202182
MAP3K7CL	0.8201984
TBC1D14	0.82019156
ROBO2	0.82018465
ZNF836	0.82016
SORCS1	0.82015765
SATB2	0.820114
SLC45A4	0.8201084
WDR91	0.82010674
PCMTD1	0.82010645
SEZ6L	0.82008165
GPR84	0.8200698
IL7R	0.8200654
FGD5	0.8200595
IKZF1	0.82004535
EPHA3	0.8200436
GUCY2D	0.82003415
UBE3C	0.8200324
LAD1	0.8200129
SDK2	0.8200084
POU6F2	0.8200036
STK17B	0.8199716
FAT1	0.8199011
DISP3	0.81989694
CAPN3	0.819877
ATRX	0.81986064
NONO	0.8198508
PRDX3	0.8198483
ITIH1	0.8198321
RRM2	0.81981885
ADAMTS3	0.8198143
LCN15	0.81979597
MMUT	0.8197868
MYO18A	0.8197595
CNMD	0.819746
CHD2	0.8197444
ACACB	0.8197423
ALDH3B2	0.8197267
ABAT	0.8197258
NEXMIF	0.81968296
PTPRT	0.8196814
BCLAF3	0.8196804
MEIS1	0.8196751
LRP1B	0.81966907
OXR1	0.8196552
EBF2	0.81962216
PBX1	0.81961167
INSRR	0.8196077
H2AC13	0.81960535
RIMS4	0.8195796
HECA	0.8195765
LZTR1	0.8195701
SSU72	0.8195487
SKAP2	0.81954443
FRYL	0.8195375
MGAT3	0.81953585
UNC5C	0.8195267
GRIN2A	0.8195168
CTSK	0.81951606
CDCA3	0.81950945
SUPT6H	0.81949484
KLHL15	0.8194618
RYR2	0.8194583
NKTR	0.8194549
RBM4	0.81944203
INSRR	0.8194332
CCDC6	0.81943005
DNAH5	0.8194233
PTPRD	0.8194074
ANK1	0.8193827
CLDN16	0.81937194
SLIT1	0.81937146
EBF1	0.81936115
DDX11	0.81933695
PDE4DIP	0.81932247
SIGLEC7	0.8193165
PTPN3	0.8193154
LRP1B	0.8193104
OPRL1	0.8192892
ZNF701	0.8192836
PTPN13	0.8192512
PCBP1	0.8191942
FFAR3	0.8191898
HYDIN	0.81918156
EZR	0.81916803
ZNF257	0.81916577
ABL2	0.81916577
ARX	0.8191462
PTCHD4	0.8191357
SPECC1L	0.8191215
HECTD1	0.81911457
PCDHA7	0.819099
FGFBP2	0.8190962
MARCO	0.81909263
TTN	0.8190823
UPF1	0.819076
EPS8L1	0.81907284
WRN	0.819069
PMFBP1	0.8190615
PDGFRA	0.8190511
PDHA2	0.819047
MINDY3	0.81904393
SETBP1	0.81904376
DNAJB2	0.819028
MYO18A	0.8190233
NUTM1	0.8190088
NTRK3	0.8189896
UNC5B	0.8189833
MYH1	0.81896555
OR51B2	0.81894815
NR2C1	0.8189293
BMP7	0.8189131
MUC16	0.8189052
AK7	0.81887734
STAG3	0.818876
KLF11	0.8188639
CD1C	0.81886333
KMT2A	0.81885844
PCM1	0.81882304
SLC35F5	0.8188077
THRAP3	0.8188036
SLC45A3	0.81879354
PPOX	0.8187908
OAT	0.8187808
TTC17	0.81877154
RTN1	0.81876683
GLI1	0.818761
FAM135B	0.81874347
RBM10	0.81874156
COL11A1	0.8187389
SLCO1A2	0.8187344
CCR6	0.818734
ERBB4	0.81873274
SSTR1	0.8187158
SPTB	0.81870013
ENTPD4	0.81867194
FETUB	0.81861615
LRP1	0.81859106
MUC16	0.81857085
CASP8	0.8185639
GOLGA5	0.8185589
PAM	0.8185514
AGBL1	0.8185457
CNGA2	0.8185414
CNTNAP2	0.8185338
UBAP2	0.8185214
FBXW7	0.8185052
DSEL	0.8185047
PTPRD	0.81849915
MMEL1	0.8184919
PKN3	0.81848776
SLC12A5	0.8184622
TRAF3IP3	0.8184605
PDGFRA	0.8184398
CTNND2	0.81843567
MTOR	0.81842226
MED13	0.8184093
NOX5	0.81840277
ASPM	0.8183948
DDIAS	0.8183806
ABCA9	0.8183763
ZNF208	0.81836736
HOXD3	0.8183052
HSPA1L	0.81830347
TMEM25	0.81829244
PGBD1	0.81828845
UCHL1	0.8182839
FAM3C	0.8182765
AMPH	0.81826377
PTPN11	0.8182447
PID1	0.8182407
SALL3	0.8182101
SLC12A2	0.8182097
RALGAPB	0.81819963
ANK1	0.8181876
CASP8	0.8181298
FRAS1	0.81812435
SUSD6	0.8181038
PRKD1	0.8180829
FAT3	0.8180695
PLB1	0.8179924
H2BC7	0.8179903
MUC16	0.8179677
TBC1D10C	0.8179555
SLC35F1	0.8179469
TPR	0.8178959
FAT3	0.81789523
MUC16	0.8178842
GAD2	0.81785864
ADGRD1	0.817856
KMT2C	0.81783265
ZNF384	0.81782925
UBE3A	0.81782424
FAM47A	0.81781906
CACNA1F	0.8178135
ROCK2	0.81779623
PML	0.8177906
KRT25	0.81778324
ATP1A1	0.81777614
KCTD9	0.8177714
CDSN	0.81775355
BCHE	0.81772697
HOXC12	0.8177215
GRM7	0.8177129
CHD6	0.81770915
ITPR3	0.81769544
RIF1	0.8176954
ACSM2A	0.8176898
CCDC83	0.81767404
MUC16	0.8176644
KHDRBS2	0.8176462
COL5A2	0.81763744
TRIM63	0.8176369
SLC12A2	0.81763124
MUC16	0.8176193
LRRC7	0.81759906
OPLAH	0.81758916
WDFY3	0.8175537
SETD2	0.8174666
SP100	0.81745374
SNX24	0.8174495
MTMR3	0.8174265
ADGRB3	0.81741154
FOXA3	0.81740063
ROS1	0.8173609
PLXND1	0.8173397
EDIL3	0.81732094
SLC37A2	0.81731415
PANK3	0.817312
ZFAND1	0.8173082
CSMD3	0.8173032
ANKRD12	0.81727743
PLEKHG4B	0.8172373
MUC6	0.81722426
GRIN2A	0.81721866
PEX26	0.8172149
RNF157	0.81721354
CREBBP	0.817209
RASD2	0.81719095
PKD2L1	0.8171898
GLMP	0.8171866
GUCY1A2	0.81715715
PPARG	0.81715214
PRODH2	0.8171372
MYL2	0.81712013
SLC39A12	0.81711435
ATL3	0.8171091
NIN	0.8170971
FREM2	0.81707895
KCNB2	0.8170738
KCNV1	0.81706655
ADAMTS12	0.81705546
ERBB4	0.81702816
GPR19	0.81701505
EPS8L3	0.81700516
NEMF	0.81699896
ACVR2A	0.8169703
MYH10	0.8169607
YEATS2	0.8169528
TMTC1	0.8169085
KRT83	0.8169026
CDK6	0.81690174
DNAH8	0.8168881
PPP4R4	0.81687737
NKX2-1	0.8168612
LRP2	0.8168153
HTR1A	0.8167919
DAG1	0.8167854
POLE	0.8167778
ITPR2	0.8167709
EPHB1	0.81673586
DNAJB5	0.81672895
GRIK2	0.81671
ACTN4	0.81669897
CDH10	0.8166813
RORB	0.8166598
SCN2A	0.8166506
BOC	0.8166448
NIPAL4	0.8166419
PTPRT	0.81662387
CHD7	0.81662273
MAMDC2	0.81661826
SORL1	0.816585
SLC22A12	0.816577
USP6	0.8165667
SIX3	0.8165644
CNTN5	0.8165554
MYH11	0.8165497
TSHZ1	0.81653404
ABCA1	0.81652325
DCTN5	0.81652296
LRP1B	0.8165215
TAAR2	0.81652147
NEDD9	0.8165059
USP6	0.8165034
TENT5C	0.8164977
DDX53	0.8164902
LAIR1	0.81648564
GRIN2A	0.8164807
WLS	0.8164606
PTPRT	0.81645286
ZMYM2	0.8164309
PRDM16	0.8164291
RABEP2	0.81641054
KMT2D	0.81640786
KCNK2	0.81640387
YY1AP1	0.81637025
COL3A1	0.81636655
LCP1	0.8163663
PCDH10	0.81634885
PCDHA13	0.8163469
KATNIP	0.8163149
FBN1	0.8163056
NCOA2	0.81630015
GATA2	0.8162569
ALMS1	0.81625056
RNF41	0.8162484
PPM1D	0.81623036
FBXO43	0.8162245
COL2A1	0.8161933
FBN2	0.81615907
OPLAH	0.8161353
HSPG2	0.8161159
TPD52L2	0.8161153
CSMD3	0.816107
ESCO1	0.816089
BARD1	0.8160888
IRS4	0.8160639
CSMD3	0.8160608
TBX2	0.8160557
CCDC18	0.8160514
RAP1B	0.816027
SAMD4B	0.8160244
FAT4	0.815997
PEX16	0.8159962
ATP1B1	0.8159923
RP1L1	0.8159834
ROBO2	0.81597984
SLC12A1	0.81596786
TENM1	0.81596
SNTG1	0.8159598
PERP	0.8159341
TSC1	0.8159176
CYP4F11	0.8158943
PPM1B	0.8158793
PIEZO2	0.8158422
TENT5C	0.8158201
EIF4A2	0.8158008
DUSP6	0.8158003
CSMD3	0.815797
NSD1	0.8157966
LRFN5	0.81577754
FBN1	0.8157718
GPR87	0.8157659
WDR1	0.815749
COL6A6	0.81573397
LCP1	0.81570756
PPM1D	0.8156928
CTNNA2	0.8156908
PCSK1	0.8156542
MUC16	0.8156531
PTPRT	0.81564337
SALL4	0.8156415
KLF6	0.81563234
USP7	0.81562215
MYCBP2	0.8155937
ZFHX4	0.81556386
OR51A2	0.8155513
PIAS2	0.81554794
MS4A2	0.81553656
CSMD3	0.8155337
ZNF710	0.8155236
ASPM	0.8155202
ZFYVE9	0.8155113
GRPR	0.8155112
IMMT	0.81549287
ZIC4	0.8154846
ARGFX	0.81545985
SH3D19	0.8154536
CASP9	0.81545067
FOXG1	0.81544995
SNTG2	0.8154383
SAMD12	0.81543064
BLM	0.81541884
PARP3	0.81540775
COL7A1	0.815395
TTN	0.8153866
RGS7	0.8153851
MYH8	0.8153807
BTK	0.8153797
NRG3	0.81537586
MTOR	0.8153603
H2BC11	0.81531626
HOMEZ	0.81531
LRRTM3	0.81530917
SLITRK2	0.81529295
ERCC4	0.8152902
KCNH1	0.8152897
GPC5	0.81528115
PCSK1	0.8152786
TAF2	0.81525683
CYP1A1	0.815254
PCSK2	0.81523716
DICER1	0.81522554
NAV3	0.81522316
BAG4	0.8151957
FMR1NB	0.81518817
ELL2	0.8151831
AGAP4	0.8151797
GRIN2A	0.8151791
SLC34A2	0.8151692
SPAM1	0.815138
ZNF414	0.81512547
CTSF	0.8151094
KCTD16	0.8150928
MAFA	0.815077
SOS1	0.81507385
FAM47A	0.8150729
FAT3	0.8150497
ADAM22	0.81504446
C7	0.8150336
RACGAP1	0.8150301
PIR	0.8150225
ROBO1	0.8150128
SPTA1	0.8149952
MAGEC1	0.81498104
ATR	0.81498086
THOC2	0.8149725
MED13L	0.8149508
RANBP6	0.8149333
FAM135B	0.81491417
CDH8	0.81491166
NSD1	0.8149091
NTRK2	0.81490517
DACT1	0.81489235
UNC5B	0.81485844
GRM3	0.8148582
LCP1	0.8148416
SMO	0.81483483
YY1AP1	0.81481755
PALB2	0.8148107
YWHAE	0.81478894
ZNF182	0.81478864
NTRK3	0.8147865
LARGE1	0.8147838
ZNF676	0.8147817
RBM10	0.8147752
ATRX	0.81476754
CSMD3	0.81475735
L3MBTL3	0.8147423
FAM118B	0.81474024
PLEKHH2	0.81473
CSMD3	0.81470114
SOX30	0.81468713
LAMTOR2	0.81465226
TPM3	0.81464076
IL12RB1	0.8146318
STK35	0.8146249
FLT4	0.8146089
RNF213	0.8145948
COL3A1	0.8145819
AQP9	0.81458175
FCHO2	0.81456524
FAT3	0.8145597
PRKACA	0.8144977
FLCN	0.81449175
CIP2A	0.8144742
XIRP2	0.81446624
CSMD3	0.8144632
FAM135B	0.81443083
OCA2	0.81442726
APBB2	0.8144094
ACVR1C	0.81440073
SEC23A	0.8143988
TNC	0.81439286
ACVR1	0.81438094
ZNF521	0.81437236
MYH7B	0.81435025
SLC13A3	0.8143493
SMC6	0.8143242
PDZD8	0.8142795
SENP6	0.81427187
BCL9L	0.8142642
EXTL3	0.8142619
FAT1	0.8142458
SND1	0.8142191
PLEC	0.8142114
NPAP1	0.8142013
CASP8	0.81419575
ZNF334	0.81418145
ZFHX3	0.81417274
MTMR14	0.8141578
TET1	0.8141477
RACK1	0.814126
MUC16	0.8141258
EIF3J	0.8141216
STAB2	0.81412107
FBXO3	0.81412035
MGMT	0.8141143
SLC7A7	0.81410235
KLHL41	0.81409526
BRD4	0.81407225
ATP2B3	0.8140657
KLHL14	0.81406516
LGI1	0.8140605
GRM7	0.814057
FBXL4	0.8140534
PNPLA5	0.81403494
ARFGEF2	0.81403196
ANK1	0.8140215
MYH8	0.8139965
BUD13	0.8139959
OLFM2	0.8139757
F13A1	0.8139602
KLHL1	0.8139458
KHDC3L	0.81393576
CCER1	0.8139094
KCNS2	0.8139061
POLR1B	0.81390256
BPIFB2	0.8138981
ADAMTS12	0.81388974
PARD3B	0.8138855
WWTR1	0.81386614
AHCYL1	0.81385106
KAT6B	0.81384116
KCNH8	0.8138341
CSMD3	0.81380874
ZFHX4	0.813804
PPWD1	0.8138022
MITF	0.813802
ITGAD	0.8138006
ABHD17C	0.81378657
CDHR1	0.8137675
INPP1	0.8137574
ZNF91	0.8137549
SYT8	0.8137463
MCTP2	0.8137394
KIAA0319L	0.8137186
GRM8	0.8136864
CHD9	0.8136846
ACAP2	0.8136799
WDR17	0.81367326
SLCO1C1	0.8136682
MMP2	0.81366503
TNK2	0.81366056
MTMR12	0.81364954
BTG3	0.8136375
INTS7	0.813634
REN	0.81363183
ARID2	0.81363004
PTCHD1	0.81362593
CSMD3	0.81362456
MGMT	0.8136214
CREBBP	0.8136105
TESPA1	0.81360716
ARFGEF1	0.8135998
CSMD3	0.8135997
FLT4	0.8135977
DOK5	0.8135943
NEURL1	0.8135897
DEPTOR	0.81356937
NPM1	0.81356436
PLSCR3	0.81355757
FAM110B	0.8135534
NCAM1	0.8135455
HPSE2	0.8135287
CFTR	0.8135162
PLCB2	0.81349677
PPARGC1A	0.81349087
ABCD4	0.8134813
PKD1	0.8134745
MB21D2	0.81347245
GPR141	0.8134612
TSC2	0.8134571
OR5T2	0.81345063
CLTC	0.8134477
RFX3	0.81344056
SERINC5	0.8134359
FAM135B	0.8134311
PCDHB7	0.8134138
SBF2	0.8133877
TET1	0.81337976
ENPP7	0.8133764
UGT8	0.8133587
TNN	0.8133559
FAT4	0.81335545
DUSP6	0.81335044
IFT122	0.8133207
DMD	0.81332
PKD2	0.81331223
GRIN2A	0.81331086
C2ORF16	0.81329185
COL11A1	0.81326455
IGF2R	0.8132595
ZEB1	0.8132575
ANO4	0.8132378
SH2D4B	0.8132085
GMPS	0.8132082
ZZEF1	0.8132063
ZNF423	0.81319904
PDE4A	0.8131888
AC100868.1	0.813179
SNX31	0.8131789
DNAJC6	0.8131764
MUC16	0.81317186
CHD9	0.81317186
DNER	0.813166
URGCP	0.81313103
EPS15	0.8131263
SEZ6	0.8131156
ADGRD1	0.813061
NFATC4	0.8130558
FEZ1	0.81303144
SALL1	0.81302774
CFH	0.81299573
ROBO2	0.8129873
MDGA2	0.81298655
MYH1	0.81297916
DIAPH3	0.8129533
MEMO1	0.81295085
PLD5	0.8129204
TMPRSS11A	0.8129002
C10ORF90	0.81289774
PPP1R16B	0.8128919
EIPR1	0.8128892
PDE1C	0.8128779
ZBTB34	0.8128619
CFAP43	0.812849
ANKRD6	0.81283665
RGS7	0.81283253
RGS7BP	0.8128301
STAG1	0.8128108
TAL1	0.8128095
SMARCA2	0.812809
PKD1L1	0.8127997
MYH7	0.81272703
SPTBN4	0.81269133
PPP2R1A	0.8126787
ASIC1	0.812667
MYO18A	0.8126618
TAF2	0.8126618
UXS1	0.8126618
ADCY6	0.8126176
RGS7BP	0.81260806
UBL5	0.8125857
ATRX	0.8125856
RIF1	0.8125758
GABRA6	0.81257534
GRIA4	0.8125706
GRIN2A	0.81255865
POLG	0.8125123
DRD2	0.81250757
SLC40A1	0.8125009
UGGT1	0.81246907
KMT2D	0.8124517
TGFBR2	0.81243396
FLT4	0.8124338
FBXO11	0.81243205
ATP6V1H	0.8124281
PDGFRB	0.81242394
ZNF81	0.8123956
MUC16	0.8123521
SRRM4	0.81230956
TM4SF19	0.81229573
SLC35G2	0.8122877
VEZF1	0.81228614
KRTAP4-4	0.8122747
FAT4	0.812271
R3HDM1	0.8122479
MARCHF5	0.8122425
FSD2	0.812223
SYN3	0.8121883
CTNNB1	0.81217813
KCNU1	0.81217027
MECOM	0.81214374
RELN	0.81213623
CAPN1	0.81211185
PLP2	0.81210506
WNK2	0.81206715
MYH6	0.8120527
IRS4	0.8120449
MB21D2	0.8120274
TGFBRAP1	0.81200397
MUC16	0.81200176
AMPH	0.81199825
PARP4	0.8119922
TYRP1	0.81198996
GRIA2	0.81197476
NUP155	0.8119738
MTOR	0.81197155
IPO4	0.8119694
POC1B	0.81196696
CDK18	0.811952
CARNMT1	0.8119518
CSMD3	0.8119358
FAT4	0.81192
MSANTD3	0.8119092
SLAIN2	0.8118721
ANK2	0.8118624
DOCK3	0.8118572
DLAT	0.81185377
NEBL	0.8118519
SLC10A2	0.81184554
TSC2	0.81184554
CLCN6	0.8118429
TBC1D10B	0.8118357
THRAP3	0.81180835
CSMD3	0.8117643
SETDB1	0.8117335
IRS4	0.811728
ACVR2A	0.8117013
CNTNAP2	0.81169915
BRCA2	0.8116927
LYST	0.81169194
CSMD3	0.8116803
APBB1	0.8116782
UGGT1	0.81167144
LAMA1	0.81167054
PPP1R9B	0.8116629
MUC6	0.81163317
CSMD3	0.8116262
PSMD2	0.8116088
NID2	0.8116018
ANKRD24	0.81159014
OIT3	0.8115691
MN1	0.81154597
ACE	0.8115427
KIAA0408	0.8115359
TBCK	0.81152713
WDR72	0.8115186
KMT2A	0.8115089
POLD1	0.81150466
NRXN2	0.8114915
LRP1B	0.8114885
MAGEB4	0.8114823
ELL2	0.8114479
COL4A3	0.81144464
MAPKBP1	0.8114373
CHD9	0.8114359
NRXN1	0.81143105
FCGBP	0.81139535
RAPGEF1	0.8113862
GSDMA	0.8113698
SESN2	0.81136835
ARMCX5-GPRASP2	0.8113403
FLT4	0.81129164
PRDM16	0.8112701
BCL2	0.8112576
MYO18A	0.8112191
TNKS2	0.8112178
GLI1	0.8112057
CPS1	0.811189
CACNA2D4	0.8111235
TTN	0.81109256
TMTC4	0.81105447
IL11RA	0.8110294
ZNRF3	0.811028
IL16	0.8109922
TMEM185A	0.8109916
FAT4	0.8109759
RPL5	0.8109634
ADAM12	0.8109632
MUC16	0.8109577
P2RY10	0.8109529
FLNA	0.8109358
PHLDB2	0.81092083
APOB	0.81090266
PIRT	0.810893
PSMA1	0.8108821
MYO18B	0.8108745
RPL11	0.8108712
TAF2	0.81086326
USP6	0.81086326
SLC34A1	0.8108429
ABCG2	0.8108417
HCRTR2	0.81083494
SGO1	0.81083167
FAM189A2	0.8108263
CTNNA2	0.8108191
PCDHB7	0.8107816
LAMA5	0.81077576
HMGN1	0.81075
GRIN2A	0.8107118
KLHL21	0.81068164
NRG1	0.81066257
VSTM2A	0.81063366
PLEKHA4	0.8106159
LRFN5	0.8106001
SLC25A46	0.8105766
FAT4	0.81057566
MUC16	0.8105576
RBM15B	0.81053674
ARHGAP32	0.81051683
PCGF5	0.8104961
IRS4	0.8104788
HTR5A	0.81047654
SEZ6L2	0.81047523
KIF21A	0.81046706
NOL6	0.8104608
SCFD1	0.8104551
RBM10	0.81043625
IGF2BP2	0.810419
SLC17A8	0.81041807
FLG2	0.81041473
HRH4	0.8104138
SYN3	0.8104056
TRRAP	0.8103948
ZNF365	0.81039006
KAT6A	0.8103783
CPSF6	0.81036705
KCNJ16	0.8103667
ZNF518B	0.8103633
PCDHB1	0.8103602
ADGRL4	0.8103392
PUS1	0.8103356
PDE1C	0.8103302
POU2F3	0.8103275
CYLD	0.8103185
HELZ	0.8103147
NSD3	0.81030875
ELSPBP1	0.8102913
SGCD	0.81026787
COL12A1	0.81025684
NR3C2	0.8102448
H1-6	0.8102336
CDYL	0.8102326
LZTR1	0.81023014
KIAA1549	0.8102239
JAKMIP3	0.81021386
CSMD3	0.8101813
DDIT4	0.8101646
ZBTB41	0.81016386
TMEM222	0.8101456
TPR	0.8101018
GADD45A	0.8100958
BEND2	0.8100848
DIS3L2	0.8100771
NAA16	0.81006837
GREB1	0.810066
PTGS2	0.81005234
ANO4	0.8100449
PCDHB3	0.81004155
MTOR	0.8100414
ITK	0.81003356
CPLANE1	0.81002724
EPHA7	0.8100256
PPP1R16B	0.80998784
LMTK2	0.8099876
SLC46A3	0.80994225
ANGPT4	0.8099355
GRIN2A	0.80993474
ARFGEF1	0.80993444
OR51G2	0.8099285
OR51B4	0.8099246
ANKRD30A	0.80992335
ZNF133	0.80991066
RAPGEF4	0.8099061
PIK3CG	0.8098928
TLNRD1	0.8098597
LRP1B	0.80985713
NOTCH2	0.8098205
PRDM16	0.80980843
ANO6	0.80980253
PKP2	0.80979264
CIC	0.80979246
HGF	0.8097656
SCN1A	0.8097515
TEDDM1	0.80974495
AGPAT4	0.80972767
PDE1A	0.8097241
RGS7BP	0.80971915
PALB2	0.8097107
VCAN	0.80967194
PPP2R5D	0.80965626
UBE2W	0.8096546
SOD3	0.80964583
ROBO2	0.80962527
CLVS2	0.809615
NSD3	0.809612
GRB14	0.80959415
PTPN13	0.80959344
ARPC2	0.80954885
TRRAP	0.8095362
MMAA	0.8094976
RGS18	0.809483
PKP2	0.8094797
HSPA2	0.8094674
AGER	0.8094615
ZFYVE26	0.8094606
WDR36	0.80944884
IMMT	0.8094465
SH3PXD2A	0.80939686
STAT5B	0.8093956
EPAS1	0.8093801
SLITRK6	0.80936635
CARNS1	0.80936265
CHN1	0.80935127
CARD11	0.8093233
PDGFRA	0.80932236
CEP112	0.8093123
GRM7	0.8092788
CIB4	0.8092742
CENPT	0.80927086
RFX6	0.80923206
ZNF479	0.80922246
GRIN2B	0.8092084
PNPLA5	0.8092082
ROBO1	0.8091823
MORC2	0.80916613
MKRN2	0.8091577
SLC8A1	0.8091547
NSD3	0.8091491
PRPF4B	0.8091487
LGR4	0.8091401
PPM1D	0.8091238
PTK2	0.80909276
MUC16	0.80908966
CTNNA2	0.80906975
LPCAT2	0.8090603
KIF4B	0.80905515
PRCC	0.8090345
PDE9A	0.80900866
TRRAP	0.8089913
PTPRB	0.80899084
IKBKB	0.8089887
FYN	0.80898595
EPS8L1	0.8089579
PPP1R13L	0.808956
MLLT3	0.80893815
DAB2	0.80893797
IMPG2	0.8088885
CYP1A1	0.8088823
PCDH1	0.808881
UBR1	0.80886394
SNX9	0.8088567
CRTC2	0.80883354
SEPHS1	0.80880696
SP100	0.80877495
TIAM1	0.8087547
GRIN2A	0.80875397
CLDN2	0.80874515
PLSCR4	0.808745
PRR16	0.80873317
CORO1C	0.8087238
PRR5L	0.8087002
PTPRD	0.80867875
PHKA1	0.8086784
MGMT	0.80860704
ATP10B	0.8085672
FRAS1	0.808566
SMC6	0.80855733
COL1A2	0.8085212
OR4Q3	0.8085177
TGM2	0.80850935
CPA6	0.808506
DDR2	0.80849314
LILRB3	0.8084878
CREBBP	0.8084828
XPNPEP3	0.80847317
ATP2B3	0.80847263
GPR158	0.8084242
KCND2	0.80842054
RELN	0.8084105
ALDH2	0.8084073
HMCN1	0.8084016
PDE1C	0.8083995
EPHB1	0.8083839
KLKB1	0.8083808
PTPRD	0.8083774
CREBBP	0.80836624
BBS10	0.808362
SKIL	0.80835795
SETD2	0.80835414
RSPO2	0.8083247
SERTM1	0.8082881
GRIN1	0.808288
HNRNPA2B1	0.808279
FAM124A	0.80827713
CHD7	0.80827236
PTPRO	0.80825806
PNLIP	0.80823237
NTRK3	0.80819505
RTN3	0.8081683
DPT	0.808139
DPYSL5	0.8081255
CCDC172	0.8081008
SLC4A10	0.808084
MUC16	0.8080752
CDH7	0.80807114
POLQ	0.8080646
ACTN2	0.8080522
CYBB	0.8080517
BBS9	0.8080487
CTNNA2	0.8080258
SLC9A4	0.8080147
DOCK2	0.80801344
DPP4	0.80800086
RBM10	0.8079851
FGF20	0.8079848
ZNF234	0.8079827
PATJ	0.8079674
LPAR2	0.80793273
WNT1	0.8079313
TCERG1L	0.8079148
TPCN1	0.8079109
CYP26B1	0.8078951
PERP	0.8078885
BMP3	0.8078801
EPAS1	0.8078598
HMGB1	0.80784327
EPHA3	0.8078336
SLC39A12	0.80783236
FAM47C	0.80782366
RALYL	0.8077921
CNTN5	0.8077892
KCNJ2	0.80777496
SMAD2	0.8077722
CSMD3	0.80775094
PJA1	0.8077332
YWHAB	0.80768204
PPM1D	0.80767226
EPHA7	0.80764675
ACE	0.80764186
KLHL24	0.8076345
MYH11	0.807628
PTPN11	0.8076255
DCAF16	0.8076017
ARHGAP5	0.8075348
CTHRC1	0.80753183
H2AC17	0.8075103
ADGRL2	0.8074901
LAMP1	0.8074898
MYH9	0.80748457
LRRC7	0.8074677
TEX13A	0.80744994
ANK3	0.80744934
UNC45B	0.80744547
SMCHD1	0.80742353
CNTNAP2	0.8074007
MDGA1	0.8073909
HSDL1	0.8073733
EEF1B2	0.80736333
L3MBTL1	0.8073282
GPRIN2	0.807319
TSR1	0.8073024
SETD2	0.8072952
KPRP	0.80727655
LILRB2	0.8072628
CSF1R	0.8072594
POPDC2	0.80724955
CDH12	0.8072399
ARAP2	0.80723274
ENTPD4	0.807227
ZSCAN29	0.80721706
WDR38	0.8072062
HCN1	0.80719686
SMARCC1	0.8071946
KDM3B	0.8071831
ALK	0.8071792
CSMD3	0.80717534
TMEM117	0.8071712
PPM1D	0.8071702
RFX4	0.80713964
GAK	0.8070983
KIF14	0.80707055
COG3	0.8070694
TRPV1	0.80706036
H3C3	0.8070557
ENOX2	0.80705076
ZNF248	0.8070394
MKRN2	0.80703145
BFSP2	0.80701274
ZNF225	0.80698013
MGAM	0.806975
KRT28	0.8069179
CDH11	0.8069155
ATP2A2	0.80690926
ZNF521	0.8068985
SMO	0.8068947
MYO10	0.8068839
CDH9	0.8068679
PDE2A	0.806852
PCDHA11	0.80685097
HNRNPA2B1	0.8068026
CDK6	0.8068011
SLC10A2	0.8067882
SLC1A4	0.8067839
ADGRL3	0.8067752
ADGRB3	0.8067517
MUC16	0.8067473
TBC1D14	0.8067454
SKIV2L	0.80674183
P4HA3	0.8067376
VPS33A	0.8067299
MSH6	0.8067281
C15ORF39	0.8067255
PSD2	0.8067056
POLE	0.8066937
GABBR2	0.8066807
LINGO2	0.80666614
ZNF236	0.8066604
RGS9	0.80665964
NWD1	0.8066161
SIGLEC11	0.8066041
BCL11B	0.80659604
CRYGN	0.8065605
ANK3	0.8065454
PTCH1	0.80653334
DCHS1	0.8065313
TENM3	0.8065218
STAT5B	0.80652094
DUS3L	0.8065175
AKR1C1	0.806514
DGKE	0.80650723
HDC	0.8064934
USP53	0.8064745
ANO3	0.8064715
THBS1	0.8064559
TLK1	0.8064529
CNTNAP2	0.8064511
COL3A1	0.80641973
KCNA2	0.8064187
CEP162	0.8063917
MAP3K13	0.80635154
SULF1	0.80632555
NOTCH4	0.8063204
KIFAP3	0.8063186
EPHA3	0.80631596
EPHA10	0.80627376
ARHGAP24	0.80626976
PIK3CB	0.8062625
TOP3A	0.80626065
LEF1	0.8062589
PDGFRA	0.8062087
ATP10D	0.80620825
FAM131B	0.80619884
TRIM11	0.8061949
EMILIN2	0.80619085
PCLO	0.8061671
LEF1	0.80613816
IMPDH2	0.80612963
CAMTA1	0.80607295
HOXA2	0.80605984
GAREM1	0.80605733
CCNT2	0.80602306
LIMCH1	0.8060206
INPP4B	0.80601907
HEXIM1	0.80601597
DPYS	0.8060003
CSMD3	0.8059981
TGFBR2	0.80599594
PTPRD	0.80598605
DRGX	0.80597514
RANBP2	0.8059747
KANK4	0.80592525
OR4K1	0.8059229
PRICKLE1	0.80592185
CAPN13	0.80591476
BAZ1A	0.8059107
FN1	0.80589193
WDR53	0.8058888
SEMA3C	0.8058571
UGT1A6	0.8058454
FAT4	0.8058216
RBM10	0.80581385
TEC	0.80580515
UGGT1	0.80580014
GPN3	0.80579877
OR2T6	0.80578536
TCF7L2	0.80573285
BRINP3	0.80573124
KRT74	0.80572546
TGM4	0.80570346
KIAA1614	0.80569834
MLH1	0.80568284
DCLK3	0.8056826
ASH1L	0.8056817
ACTR6	0.8056778
NLGN1	0.8056692
TCFL5	0.8056441
XIRP2	0.8056384
PTPRO	0.8056346
CUL2	0.805624
SETMAR	0.80562264
TRIM46	0.8055821
MUC16	0.8055779
RABEP1	0.80554605
GADL1	0.80552757
MDGA2	0.8055103
IL36RN	0.80548453
ZNF513	0.8054764
EVA1C	0.8054637
UNC5D	0.80542076
SLC17A8	0.8054181
GLI1	0.80541754
CSMD3	0.8054003
ZNF479	0.8053582
MEOX2	0.8053446
FAT3	0.8053341
HOXD11	0.8053229
PLCB1	0.80531394
CAMK1D	0.80530864
ROBO2	0.8053054
MYO1D	0.80530417
CRLF2	0.80528986
PDGFRA	0.8052841
GPR15	0.8052815
WWC3	0.8052812
PABPC1L	0.805274
SLC24A4	0.805265
SLC4A10	0.80525357
DMXL1	0.805243
CSPG4	0.80523753
EXT2	0.8052292
MYOD1	0.8052218
TMEM145	0.80521774
SLITRK4	0.80521077
OR9G1	0.80520725
TTN	0.8051928
MAP4K1	0.8051721
USP42	0.80514854
CACNA1E	0.80514413
NONO	0.8051155
ITGB2	0.8051155
FRMPD1	0.80509996
E2F2	0.80509144
SNRNP200	0.80506384
GAL3ST3	0.8050504
SPAG17	0.8050495
PRDM16	0.80503637
ZNF263	0.8050173
PCDHB5	0.8050156
ZC3H14	0.8050028
ALDOA	0.80499923
AKAP6	0.804981
TRIM25	0.80496156
ZNF202	0.80494833
NBEAL1	0.80494577
DUSP7	0.8049312
VRK2	0.8049211
TLL1	0.80492
TET1	0.8048946
BOD1L1	0.8048905
MUC16	0.8048888
IL1A	0.80488247
NTRK2	0.80487204
COL4A5	0.80486155
BCL11B	0.80486137
PCARE	0.80484915
TCF7L2	0.8048483
AIF1	0.8048428
CDT1	0.80484104
LPAR3	0.80479705
TKTL2	0.804796
DSP	0.80479217
ADAMTSL1	0.8047628
A1CF	0.8047556
BSPRY	0.80475175
CTNNA2	0.80474955
HERC1	0.8047361
C2ORF16	0.80472016
ZNF264	0.8047145
CTNNA2	0.8047057
TRIM39	0.80468374
ITGA8	0.80467695
PSMD3	0.8046708
CPNE6	0.8046526
FAM104A	0.80458915
CPLX2	0.8045725
RNF128	0.8045534
DYNC2H1	0.8045324
ERBB3	0.804528
HS3ST1	0.80452704
TLL2	0.80452055
TTK	0.8045201
MYOZ2	0.8045192
PROS1	0.80451125
CHD3	0.8044901
PCDH18	0.8044877
MLLT10	0.8044827
SMO	0.80448097
TNC	0.8044663
TSC2	0.8044533
SNAI1	0.8044518
DDR2	0.8044381
RETREG1	0.80443585
TECTA	0.8044331
CYP11B2	0.8044329
AGL	0.8044306
BCR	0.8044294
ACKR3	0.8044233
ALPK1	0.8044212
ABCC5	0.8043407
CSMD3	0.80431396
SLIT2	0.8042765
DNAH6	0.8042531
AXIN2	0.80420136
TGFBR2	0.8041688
TMEM18	0.8041622
ALPK1	0.8041575
PRDM16	0.804136
KRTAP15-1	0.8041356
GABRG3	0.8041202
ANKRD46	0.8041154
SCUBE1	0.80411166
PTPRD	0.8040607
DCTN1	0.804057
USP30	0.8040512
IFT122	0.8040502
ZNF808	0.8040477
COL4A1	0.8040392
MAP3K12	0.80403435
DDHD2	0.8039686
TAF2	0.80396354
CNTNAP2	0.8039433
IRS4	0.80393416
LHFPL1	0.803934
OGFOD2	0.8039289
COL1A1	0.8039258
NRG1	0.80390143
CRACR2A	0.803871
AMER1	0.803849
CPEB1	0.80383784
DNAJA3	0.8038342
NTRK3	0.8037873
ERG	0.80376947
SLC39A6	0.80376595
ATP9A	0.8037437
CDK6	0.8037406
KIAA1958	0.80373347
FSTL5	0.803732
KMT2A	0.80372214
ZNF609	0.8037105
DTNA	0.8036699
SST	0.8036602
KIDINS220	0.8036531
CHL1	0.80364406
DROSHA	0.803628
CSMD3	0.80359954
DMD	0.80354667
CDH1	0.80354035
GFRA1	0.803528
AKTIP	0.80352527
CDH12	0.8035196
MPP1	0.80346537
NAF1	0.8034639
ZNF268	0.80345947
FBXL5	0.80343515
POP1	0.8034337
FAM47C	0.8033941
MEGF9	0.8033231
CDH24	0.8033142
TAF7	0.803301
RANBP17	0.8032868
MARK1	0.8032762
SELENOI	0.80322206
MROH2B	0.80322015
COL11A1	0.8032196
SLC4A10	0.8032185
GPRASP2	0.80320853
SH3BP2	0.80319345
PSMB4	0.8031824
MYO1C	0.80317116
THNSL2	0.8031687
SETD2	0.80316615
OXSM	0.80315816
ESF1	0.8031452
ALDH1L2	0.8031293
ULK2	0.8031107
PTPN20	0.8031024
OR8B3	0.8030792
ACAN	0.8030455
RBM10	0.803044
ATRX	0.80303586
MST1R	0.8030301
ADAMTSL3	0.80302775
F13B	0.80302197
PTPN23	0.8030161
SMC1A	0.8029982
NYAP2	0.8029936
POLR3B	0.80298823
TTLL4	0.80297667
LRP1B	0.8029488
SLC8A2	0.80294776
NPHP3	0.8029371
PCDH10	0.8029307
FTSJ1	0.80290574
SAFB	0.8028988
RUNX1T1	0.80288833
KLHL1	0.8028865
IL1RAPL1	0.8028515
SETBP1	0.8028377
MAGEC3	0.8028363
G3BP1	0.80283254
EPS8	0.8028312
NUP210	0.80281395
MARCHF10	0.80281126
CYP4F11	0.8028021
TRIM24	0.80277646
MAP2K2	0.80274534
MUC16	0.80274224
ECE1	0.8027394
PORCN	0.8027382
CABLES1	0.80273056
CNKSR1	0.80268043
PRCC	0.8026791
CHL1	0.8026756
TMEM52	0.80266356
CSMD3	0.8026555
LYPD2	0.8026538
DSP	0.80265355
LRP8	0.8026503
ZC3H13	0.80264133
CLEC16A	0.8026062
ANKFY1	0.8026001
MYO5B	0.80259824
SYNE1	0.80258137
PSMD3	0.8025804
CFHR4	0.8025787
PRKCB	0.80256104
TMC2	0.80255115
MDGA2	0.8025434
CTNNA1	0.8025408
SALL4	0.8025083
FKBP10	0.8025075
ADGRL4	0.8025063
DPP4	0.8024877
STRN3	0.8024757
MTOR	0.80243915
IGSF1	0.80241716
ATP5F1E	0.80240625
BRWD3	0.80239135
DNAH1	0.80237985
GRIN2B	0.80236804
MAGEC1	0.8023493
UBE3A	0.8023269
GCN1	0.8023259
ZBTB16	0.8023234
GUCY2C	0.80231726
NLRP7	0.8023142
AFF4	0.80228144
HIVEP3	0.802274
TEC	0.802272
ZNF407	0.8022697
MTMR14	0.80225194
KRT24	0.80223656
PSG4	0.8022363
LPIN1	0.80222607
CNTNAP2	0.8022232
LYN	0.8022059
TRPC5	0.80220586
PHLDB1	0.80220073
FLRT2	0.8021926
PALB2	0.80217755
ACKR3	0.8021456
ACSL6	0.80211437
OTULIN	0.80210716
FUBP1	0.80209476
STAG2	0.8020845
BRCA2	0.802076
SLC30A10	0.8020522
GRIN2A	0.80204314
NYAP2	0.8020415
CDK12	0.80204046
PDE4DIP	0.8019838
ADD2	0.80197114
PSMC1	0.80194366
ASXL1	0.8019364
GAS7	0.8019278
DCC	0.80192083
EBF1	0.8019076
HPCA	0.8018927
OSBPL9	0.8018921
GPR6	0.8018423
BCL10	0.80183864
KIF26B	0.80183053
SASH1	0.8017987
FAT4	0.8017824
KANK1	0.80178154
SLC28A3	0.8017695
CFAP54	0.8017533
CDH18	0.8017448
TRPV6	0.8017421
MYO5A	0.80173975
FAT3	0.8017101
ZNF423	0.80170774
PPP2R2A	0.8016856
SPTA1	0.8016834
NOXA1	0.80167425
ST8SIA5	0.80167186
TSC2	0.8016654
OR6C2	0.8016607
MTMR14	0.8016454
BRAT1	0.80163467
ANK1	0.8016335
KDM2B	0.8016196
ZNF677	0.80161077
N4BP2	0.8015957
F5	0.80158436
SESTD1	0.8015787
ZMPSTE24	0.80157256
AP1S1	0.8015721
FAT2	0.8015718
BRD1	0.80156654
KCTD20	0.8015647
BTK	0.8015639
LEMD3	0.80156374
JAK2	0.80155873
ADGRG4	0.8015549
KIF26B	0.80154294
SRCAP	0.80151117
RTTN	0.8015097
GPATCH1	0.8014958
FZD4	0.8014949
GPI	0.80149174
KDR	0.801491
RGS8	0.8014623
GPR158	0.8014528
SYT13	0.80145156
PGBD1	0.80141324
UGGT1	0.8014132
NONO	0.80140465
SDK1	0.8013822
LGI2	0.8013729
PDLIM3	0.80136454
IRS4	0.80136317
MTMR14	0.8013353
OR10G8	0.80132717
DCLK1	0.8013245
MUC16	0.8012971
PRDM1	0.80129015
IMMT	0.80128324
EID1	0.8012477
PLEC	0.8012335
NCKAP1	0.8012305
ELF2	0.80120975
LRFN5	0.80120015
SNRNP200	0.80119133
ARHGEF28	0.80118465
CPNE5	0.80118436
STOX1	0.8011463
TTN	0.80111694
CCDC6	0.80111384
AKAP6	0.80111206
CSMD1	0.8010756
IL18RAP	0.80107105
GRM5	0.80106544
MYO7A	0.8009769
GRAP	0.80097264
ZMYND8	0.8009473
TSNARE1	0.800935
LZTR1	0.80092144
FAM83F	0.80091846
FBXW7	0.8009125
NFATC2	0.80089605
ACTC1	0.8008838
MYO7A	0.80088097
GFRAL	0.8008381
PCDH17	0.8008108
BPNT1	0.80080456
CCDC80	0.8007986
EFCAB5	0.80077
PDPR	0.80076
SCUBE3	0.80074584
CD93	0.80073535
GRM5	0.80072004
DYNC2H1	0.80068284
PHKA2	0.8006766
COL5A2	0.8006687
AFG3L2	0.8006625
EPAS1	0.8006468
CHL1	0.8006234
PKHD1L1	0.80060744
FAM13A	0.8006072
GABRA6	0.8006069
CSMD3	0.8005918
CADM2	0.80058825
STK36	0.8005805
SMO	0.8005436
AFF4	0.80052817
ROS1	0.8005021
TFG	0.80049944
SLC4A5	0.80044514
RIPOR2	0.80044085
OR52A1	0.8004395
MYO1D	0.80043834
DAW1	0.80038846
KIF5B	0.80038834
SPTA1	0.80038655
PREX2	0.8003756
YWHAG	0.8003391
RBM10	0.8003355
NCK2	0.80033046
SPTA1	0.8003107
PIK3CB	0.80030584
NSDHL	0.80030155
SMC1A	0.80030084
PRAMEF1	0.80029714
PIK3R1	0.80028975
WDR31	0.80028695
HOXD11	0.8002465
SLC12A3	0.8002457
GNA11	0.80024076
STAT6	0.8002312
PTGS1	0.8002206
SLAMF7	0.8002039
SULF1	0.80017084
PRICKLE3	0.800134
HSP90AB1	0.8001272
UBIAD1	0.8001194
PKN2	0.8001126
FKBP6	0.8000976
LRP2	0.8000961
KCNB1	0.8000822
ITPR2	0.8000773
DOCK2	0.8000713
CRACD	0.8000609
SYT11	0.8000431
MTMR14	0.800043
MS4A3	0.80001557
