Gene_set,Term,Overlap,P-value,Adjusted P-value,Old P-value,Old Adjusted P-value,Odds Ratio,Combined Score,Genes
KEGG_2021_Human,Endometrial cancer,3/58,2.7373946837215917e-06,0.0001356770620433899,0,0,155.33766233766235,1989.6430593462835,PTEN;TP53;EGFR
KEGG_2021_Human,Central carbon metabolism in cancer,3/70,4.841001830223267e-06,0.0001356770620433899,0,0,127.43923240938166,1559.650883385183,PTEN;TP53;EGFR
KEGG_2021_Human,Melanoma,3/72,5.271571489605828e-06,0.0001356770620433899,0,0,123.73291925465838,1503.7486925982037,PTEN;TP53;EGFR
KEGG_2021_Human,Glioma,3/75,5.96382690300615e-06,0.0001356770620433899,0,0,118.5595238095238,1426.2471443529512,PTEN;TP53;EGFR
KEGG_2021_Human,Prostate cancer,3/97,1.294690780331064e-05,0.00023563372202025363,0,0,90.7112462006079,1020.9236516163533,PTEN;TP53;EGFR
KEGG_2021_Human,Breast cancer,3/147,4.494963951602156e-05,0.000681736199326327,0,0,59.06547619047619,591.2435157473622,PTEN;TP53;EGFR
KEGG_2021_Human,Hepatocellular carcinoma,3/168,6.689912951143781e-05,0.0008696886836486916,0,0,51.493506493506494,494.9722993469237,PTEN;TP53;EGFR
KEGG_2021_Human,Bladder cancer,2/41,0.0001825931686229406,0.0020769972930859,0,0,127.89102564102564,1100.9179217565816,TP53;EGFR
KEGG_2021_Human,MAPK signaling pathway,3/294,0.0003495013996227882,0.0035338474850748,0,0,29.01178203240059,230.9048599891265,NF1;TP53;EGFR
KEGG_2021_Human,MicroRNAs in cancer,3/310,0.00040821203017201287,0.0037147294745653,0,0,27.47743136342485,214.4262861035245,PTEN;TP53;EGFR
KEGG_2021_Human,Human papillomavirus infection,3/331,0.0004944719806289305,0.0038142962026762,0,0,25.69076655052265,195.55863060991177,PTEN;TP53;EGFR
KEGG_2021_Human,Non-small cell lung cancer,2/72,0.0005644733393963211,0.0038142962026762,0,0,71.14285714285714,532.1213524698264,TP53;EGFR
KEGG_2021_Human,p53 signaling pathway,2/73,0.0005802192831152235,0.0038142962026762,0,0,70.13732394366197,522.670663979618,PTEN;TP53
KEGG_2021_Human,PI3K-Akt signaling pathway,3/354,0.0006015648820842463,0.0038142962026762,0,0,23.97924297924298,177.8294942983491,PTEN;TP53;EGFR
KEGG_2021_Human,Pancreatic cancer,2/76,0.000628730143298291,0.0038142962026762,0,0,67.28378378378379,496.00316371132106,TP53;EGFR
KEGG_2021_Human,Colorectal cancer,2/86,0.000804171683586709,0.0044040629989964,0,0,59.24404761904762,422.1551782881061,TP53;EGFR
KEGG_2021_Human,PD-L1 expression and PD-1 checkpoint pathway in cancer,2/89,0.000860907796340742,0.0044040629989964,0,0,57.19252873563219,403.6375954618875,PTEN;EGFR
KEGG_2021_Human,Hypertrophic cardiomyopathy,2/90,0.0008802391137269697,0.0044040629989964,0,0,56.53977272727273,397.7752223930347,RYR2;TTN
KEGG_2021_Human,Small cell lung cancer,2/92,0.0009195296371531132,0.0044040629989964,0,0,55.27777777777778,386.4827800673363,PTEN;TP53
KEGG_2021_Human,Dilated cardiomyopathy,2/96,0.0010006174330829,0.0045528093205276,0,0,52.91489361702128,365.49047439590856,RYR2;TTN
KEGG_2021_Human,Sphingolipid signaling pathway,2/119,0.0015312212856459,0.0066352922377992,0,0,42.46367521367522,275.23636354227165,PTEN;TP53
KEGG_2021_Human,FoxO signaling pathway,2/131,0.0018511149998335,0.0076568847720388,0,0,38.49031007751938,242.1797654013784,PTEN;EGFR
KEGG_2021_Human,Pathways in cancer,3/531,0.0019427199963514,0.0076864138986077,0,0,15.79707792207792,98.63168192158714,PTEN;TP53;EGFR
KEGG_2021_Human,Gastric cancer,2/149,0.002385509588893,0.0089106229706959,0,0,33.74659863945578,203.77352124587756,TP53;EGFR
KEGG_2021_Human,Oxytocin signaling pathway,2/154,0.0025454581928163,0.0089106229706959,0,0,32.62828947368421,194.90327984814536,RYR2;EGFR
KEGG_2021_Human,Cellular senescence,2/156,0.0026108286046537,0.0089106229706959,0,0,32.201298701298704,191.53614663562257,PTEN;TP53
KEGG_2021_Human,Hepatitis C,2/157,0.0026438112110856,0.0089106229706959,0,0,31.991935483870968,189.88921318610832,TP53;EGFR
KEGG_2021_Human,Focal adhesion,2/201,0.0042887731676215,0.0135190936530297,0,0,24.86306532663317,135.54732981615194,PTEN;EGFR
KEGG_2021_Human,Diabetic cardiomyopathy,2/203,0.0043724275862743,0.0135190936530297,0,0,24.61318407960199,133.70956972525602,RYR2;PTEN
KEGG_2021_Human,Proteoglycans in cancer,2/205,0.0044568440614383,0.0135190936530297,0,0,24.36822660098522,131.91287130282834,TP53;EGFR
KEGG_2021_Human,Human T-cell leukemia virus 1 infection,2/219,0.0050689885301914,0.0148799340724974,0,0,22.77995391705069,120.3832629846112,PTEN;TP53
KEGG_2021_Human,Human cytomegalovirus infection,2/225,0.0053426381376369,0.0151931272039049,0,0,22.16031390134529,115.9435537816646,TP53;EGFR
KEGG_2021_Human,Ras signaling pathway,2/232,0.0056704010689071,0.0156365605233499,0,0,21.47826086956522,111.09620615967964,NF1;EGFR
KEGG_2021_Human,Calcium signaling pathway,2/240,0.0060561357564169,0.0162090692304101,0,0,20.747899159663863,105.95295110838458,RYR2;EGFR
KEGG_2021_Human,Shigellosis,2/246,0.0063531939932655,0.0165183043824904,0,0,20.23155737704918,102.34735393301293,TP53;EGFR
KEGG_2021_Human,Thyroid cancer,1/37,0.0183506949831896,0.0463864789852849,0,0,61.58641975308642,246.2279153977221,TP53
KEGG_2021_Human,Ferroptosis,1/41,0.0203162941970357,0.0499671019440608,0,0,55.41666666666666,215.92173416578157,TP53
KEGG_2021_Human,Basal cell carcinoma,1/63,0.0310639188209322,0.0743899108606535,0,0,35.71326164874552,123.9860268803296,TP53
KEGG_2021_Human,Mitophagy,1/68,0.0334917127632155,0.0775625404999608,0,0,33.03980099502488,112.21827165973409,TP53
KEGG_2021_Human,Epithelial cell signaling in Helicobacter pylori infection,1/70,0.0344612964819566,0.0775625404999608,0,0,32.07890499194847,108.03913520130236,EGFR
KEGG_2021_Human,Adherens junction,1/71,0.0349457600054768,0.0775625404999608,0,0,31.61904761904762,106.04896194083372,EGFR
KEGG_2021_Human,Inositol phosphate metabolism,1/73,0.0359140308301434,0.0778137334653108,0,0,30.73765432098765,102.2527178173034,PTEN
KEGG_2021_Human,Chronic myeloid leukemia,1/76,0.0373647978046119,0.0782764420713444,0,0,29.503703703703703,96.97944863399395,TP53
KEGG_2021_Human,Arrhythmogenic right ventricular cardiomyopathy,1/77,0.0378479500125182,0.0782764420713444,0,0,29.114035087719294,95.32454660857232,RYR2
KEGG_2021_Human,ErbB signaling pathway,1/85,0.0417053180950637,0.0818018700987793,0,0,26.33068783068783,83.65592938917332,EGFR
KEGG_2021_Human,Insulin secretion,1/86,0.0421865092184754,0.0818018700987793,0,0,26.01960784313725,82.36909635390154,RYR2
KEGG_2021_Human,Cardiac muscle contraction,1/87,0.0426674828826635,0.0818018700987793,0,0,25.71576227390181,81.11569629500502,RYR2
KEGG_2021_Human,Gap junction,1/88,0.0431482391729825,0.0818018700987793,0,0,25.41890166028097,79.89449726957503,EGFR
KEGG_2021_Human,GnRH signaling pathway,1/93,0.0455487630468527,0.0839017648627114,0,0,24.031400966183572,74.2323201774775,EGFR
KEGG_2021_Human,Circadian entrainment,1/97,0.0474652783026245,0.0839017648627114,0,0,23.02546296296296,70.17601174086535,RYR2
KEGG_2021_Human,Phosphatidylinositol signaling system,1/97,0.0474652783026245,0.0839017648627114,0,0,23.02546296296296,70.17601174086535,PTEN
KEGG_2021_Human,Choline metabolism in cancer,1/98,0.047943865635835,0.0839017648627114,0,0,22.78694158075601,69.220448859451,EGFR
KEGG_2021_Human,Longevity regulating pathway,1/102,0.0498560516752303,0.0840166796749251,0,0,21.88008800880088,65.60996868685889,TP53
KEGG_2021_Human,Pancreatic secretion,1/102,0.0498560516752303,0.0840166796749251,0,0,21.88008800880088,65.60996868685889,RYR2
KEGG_2021_Human,"Parathyroid hormone synthesis, secretion and action",1/106,0.0517647805964337,0.0849238532046516,0,0,21.04232804232804,62.30728596638391,EGFR
KEGG_2021_Human,Insulin resistance,1/108,0.0527178503782264,0.0849238532046516,0,0,20.64693665628245,60.75982922373895,PTEN
KEGG_2021_Human,HIF-1 signaling pathway,1/109,0.0531940618974191,0.0849238532046516,0,0,20.454732510288064,60.01026825392258,EGFR
KEGG_2021_Human,Neurotrophin signaling pathway,1/119,0.0579443409196367,0.090833144221491,0,0,18.71186440677966,53.29648635296648,TP53
KEGG_2021_Human,Thyroid hormone signaling pathway,1/121,0.0588918187809666,0.090833144221491,0,0,18.39814814814815,52.104532462734575,TP53
KEGG_2021_Human,Cell cycle,1/124,0.0603114275885761,0.0914723318426738,0,0,17.946702800361336,50.39853526607874,TP53
KEGG_2021_Human,Relaxin signaling pathway,1/129,0.0626731600524217,0.0929035620648503,0,0,17.241319444444443,47.75538577401706,EGFR
KEGG_2021_Human,Apelin signaling pathway,1/137,0.0664408221450691,0.0929035620648503,0,0,16.220588235294116,43.98121048429159,RYR2
KEGG_2021_Human,Autophagy,1/137,0.0664408221450691,0.0929035620648503,0,0,16.220588235294116,43.98121048429159,PTEN
KEGG_2021_Human,Estrogen signaling pathway,1/137,0.0664408221450691,0.0929035620648503,0,0,16.220588235294116,43.98121048429159,EGFR
KEGG_2021_Human,Measles,1/139,0.0673806054536277,0.0929035620648503,0,0,15.98389694041868,43.11493252457917,TP53
KEGG_2021_Human,Fluid shear stress and atherosclerosis,1/139,0.0673806054536277,0.0929035620648503,0,0,15.98389694041868,43.11493252457917,TP53
KEGG_2021_Human,Apoptosis,1/142,0.068788684027997,0.0934294066648914,0,0,15.641449960598896,41.86771974668722,TP53
KEGG_2021_Human,Phospholipase D signaling pathway,1/148,0.0715991027195359,0.0956610611123849,0,0,14.998488284202567,39.54610515433267,EGFR
KEGG_2021_Human,Adrenergic signaling in cardiomyocytes,1/150,0.072534211173127,0.0956610611123849,0,0,14.795674869500372,38.81936703082998,RYR2
KEGG_2021_Human,mTOR signaling pathway,1/154,0.0744018854995079,0.0959579297735795,0,0,14.405954974582423,37.43061817969281,PTEN
KEGG_2021_Human,Cushing syndrome,1/155,0.0748682748782873,0.0959579297735795,0,0,14.311688311688313,37.09625453392642,EGFR
KEGG_2021_Human,JAK-STAT signaling pathway,1/162,0.0781270830081257,0.0973912952567046,0,0,13.684610075914424,34.88779821293247,EGFR
KEGG_2021_Human,Hepatitis B,1/162,0.0781270830081257,0.0973912952567046,0,0,13.684610075914424,34.88779821293247,TP53
KEGG_2021_Human,Wnt signaling pathway,1/166,0.0799846170711101,0.0983594615333922,0,0,13.35016835016835,33.721469913824805,TP53
KEGG_2021_Human,Transcriptional misregulation in cancer,1/192,0.0919767065184695,0.1106788914584567,0,0,11.517742873763815,27.48386752497333,TP53
KEGG_2021_Human,Kaposi sarcoma-associated herpesvirus infection,1/193,0.0924351181411287,0.1106788914584567,0,0,11.457175925925926,27.282380766060548,TP53
KEGG_2021_Human,Epstein-Barr virus infection,1/202,0.0965514597102952,0.1131757575623895,0,0,10.939192924267552,25.572323233557647,TP53
KEGG_2021_Human,Viral carcinogenesis,1/203,0.0970077921963338,0.1131757575623895,0,0,10.884488448844884,25.39311940245665,TP53
KEGG_2021_Human,Rap1 signaling pathway,1/210,0.100196315553176,0.115223680513769,0,0,10.516214779372676,24.193854658645943,EGFR
KEGG_2021_Human,Lipid and atherosclerosis,1/215,0.1024676245623294,0.115223680513769,0,0,10.26791277258567,23.39244500807539,TP53
KEGG_2021_Human,cAMP signaling pathway,1/216,0.1029212666737852,0.115223680513769,0,0,10.219638242894057,23.237321299310643,RYR2
KEGG_2021_Human,Regulation of actin cytoskeleton,1/218,0.1038279318915281,0.115223680513769,0,0,10.12442396313364,22.93202530703912,EGFR
KEGG_2021_Human,Coronavirus disease,1/232,0.1101515314641288,0.1207685465450087,0,0,9.504088504088504,20.96505269691893,EGFR
KEGG_2021_Human,Chemical carcinogenesis,1/239,0.1132982469579186,0.1227397675377452,0,0,9.221288515406162,20.081491241829127,EGFR
KEGG_2021_Human,Parkinson disease,1/249,0.1177761832071194,0.1260409145451105,0,0,8.844982078853047,18.919144312963567,TP53
KEGG_2021_Human,Endocytosis,1/252,0.1191155895701044,0.1260409145451105,0,0,8.73793714032758,18.59136734336237,EGFR
KEGG_2021_Human,Prion disease,1/273,0.1284403066027919,0.1343456080557938,0,0,8.054738562091503,16.53066764065327,RYR2
KEGG_2021_Human,Huntington disease,1/306,0.1429140468946369,0.1477861166751359,0,0,7.171220400728598,13.951694627889625,TP53
KEGG_2021_Human,Amyotrophic lateral sclerosis,1/364,0.1678294128874498,0.1716008603680666,0,0,6.007652280379553,10.722501134785851,TP53
KEGG_2021_Human,Pathways of neurodegeneration,1/475,0.213702443105364,0.2160769146954236,0,0,4.574777308954524,7.0596622304501,RYR2
KEGG_2021_Human,Herpes simplex virus 1 infection,1/498,0.222918002488122,0.222918002488122,0,0,4.357925329756315,6.541033588715679,TP53
Reactome_2022,Disease R-HSA-1643685,6/1736,6.551845018949391e-05,0.0129726531375197,0,0,15.832369942196532,152.51605004879178,MUC16;ATRX;PTEN;NF1;TP53;EGFR
Reactome_2022,Ovarian Tumor Domain Proteases R-HSA-5689896,2/39,0.00016508979842508767,0.0160510107697749,0,0,134.81756756756758,1174.129027010432,PTEN;TP53
Reactome_2022,PIP3 Activates AKT Signaling R-HSA-1257604,3/268,0.0002662938774919059,0.0160510107697749,0,0,31.90026954177897,262.5682493741505,PTEN;TP53;EGFR
Reactome_2022,Intracellular Signaling By Second Messengers R-HSA-9006925,3/306,0.0003929785762540726,0.0160510107697749,0,0,27.845827439886847,218.36016939082864,PTEN;TP53;EGFR
Reactome_2022,Regulation Of PTEN Gene Transcription R-HSA-8943724,2/61,0.00040532855479229646,0.0160510107697749,0,0,84.45338983050847,659.6495991492784,PTEN;TP53
Reactome_2022,TP53 Regulates Metabolic Genes R-HSA-5628897,2/81,0.0007138146207120215,0.0235558824834967,0,0,63.00949367088607,456.4966782194373,PTEN;TP53
Reactome_2022,Diseases Of Signal Transduction By Growth Factor Receptors And Second Messengers R-HSA-5663202,3/424,0.001016087580336,0.0287407629866494,0,0,19.920936545639638,137.29102547110358,PTEN;NF1;EGFR
Reactome_2022,PI3K/AKT Signaling In Cancer R-HSA-2219528,2/105,0.0011952352797267,0.0295820731732373,0,0,48.26941747572816,324.82480811164004,PTEN;EGFR
Reactome_2022,Negative Regulation Of PI3K/AKT Network R-HSA-199418,2/113,0.0013822943268056,0.0304104751897232,0,0,44.77252252252252,294.7827630862282,PTEN;EGFR
Reactome_2022,PTEN Regulation R-HSA-6807070,2/139,0.0020805863688292,0.0363095926201719,0,0,36.22810218978102,223.71235369917136,PTEN;TP53
Reactome_2022,Activation Of NOXA And Translocation To Mitochondria R-HSA-111448,1/5,0.0024977078641967,0.0363095926201719,0,0,555.1666666666666,3326.7706415121643,TP53
Reactome_2022,PTK6 Promotes HIF1A Stabilization R-HSA-8857538,1/6,0.0029965781728721,0.0363095926201719,0,0,444.1111111111111,2580.4117942926405,EGFR
Reactome_2022,RAS Signaling Downstream Of NF1 Loss-Of-Function Variants R-HSA-6802953,1/6,0.0029965781728721,0.0363095926201719,0,0,444.1111111111111,2580.4117942926405,NF1
Reactome_2022,RUNX3 Regulates CDKN1A Transcription R-HSA-8941855,1/7,0.0034952242970889,0.0363095926201719,0,0,370.0740740740741,2093.271349114512,TP53
Reactome_2022,Inhibition Of Signaling By Overexpressed EGFR R-HSA-5638303,1/8,0.0039936462613403,0.0363095926201719,0,0,317.1904761904762,1751.8590547314027,EGFR
Reactome_2022,EGFR Transactivation By Gastrin R-HSA-2179392,1/8,0.0039936462613403,0.0363095926201719,0,0,317.1904761904762,1751.8590547314027,EGFR
Reactome_2022,Ub-specific Processing Proteases R-HSA-5689880,2/201,0.0042887731676215,0.0363095926201719,0,0,24.86306532663317,135.54732981615194,PTEN;TP53
Reactome_2022,Signaling By NOTCH R-HSA-157118,2/203,0.0043724275862743,0.0363095926201719,0,0,24.61318407960199,133.70956972525602,TP53;EGFR
Reactome_2022,PI5P Regulates TP53 Acetylation R-HSA-6811555,1/9,0.0044918441075108,0.0363095926201719,0,0,277.52777777777777,1500.1741678966396,TP53
Reactome_2022,Activation Of PUMA And Translocation To Mitochondria R-HSA-139915,1/9,0.0044918441075108,0.0363095926201719,0,0,277.52777777777777,1500.1741678966396,TP53
Reactome_2022,Regulation Of PTEN Localization R-HSA-8948747,1/9,0.0044918441075108,0.0363095926201719,0,0,277.52777777777777,1500.1741678966396,PTEN
Reactome_2022,EGFR Interacts With Phospholipase C-gamma R-HSA-212718,1/9,0.0044918441075108,0.0363095926201719,0,0,277.52777777777777,1500.1741678966396,EGFR
Reactome_2022,Regulation Of PTEN mRNA Translation R-HSA-8943723,1/11,0.0054875676690229,0.0363095926201719,0,0,222.0,1155.5699775561973,PTEN
Reactome_2022,TP53 Regulates Transcription Of Caspase Activators And Caspases R-HSA-6803207,1/12,0.0059850935124877,0.0363095926201719,0,0,201.8080808080808,1032.9512945731403,TP53
Reactome_2022,GRB2 Events In EGFR Signaling R-HSA-179812,1/12,0.0059850935124877,0.0363095926201719,0,0,201.8080808080808,1032.9512945731403,EGFR
Reactome_2022,TP53 Regulates Transcription Of Death Receptors And Ligands R-HSA-6803211,1/12,0.0059850935124877,0.0363095926201719,0,0,201.8080808080808,1032.9512945731403,TP53
Reactome_2022,TFAP2 (AP-2) Family Regulates Transcription Of Growth Factors And Their Receptors R-HSA-8866910,1/13,0.006482395492037,0.0363095926201719,0,0,184.9814814814815,932.059746399125,EGFR
Reactome_2022,SHC1 Events In EGFR Signaling R-HSA-180336,1/13,0.006482395492037,0.0363095926201719,0,0,184.9814814814815,932.059746399125,EGFR
Reactome_2022,ERBB2 Activates PTK6 Signaling R-HSA-8847993,1/13,0.006482395492037,0.0363095926201719,0,0,184.9814814814815,932.059746399125,EGFR
Reactome_2022,TP53 Regulates Transcription Of Genes Involved In G1 Cell Cycle Arrest R-HSA-6804116,1/14,0.0069794736802133,0.0363095926201719,0,0,170.74358974358975,847.7046615380154,TP53
Reactome_2022,TP53 Regulates Transcription Of Additional Cell Death Genes With Uncertain Roles In P53-Dependent Apoptosis R-HSA-6803205,1/14,0.0069794736802133,0.0363095926201719,0,0,170.74358974358975,847.7046615380154,TP53
Reactome_2022,Regulation Of TP53 Activity Thru Association With Co-factors R-HSA-6804759,1/14,0.0069794736802133,0.0363095926201719,0,0,170.74358974358975,847.7046615380154,TP53
Reactome_2022,Constitutive Signaling By EGFRvIII R-HSA-5637810,1/14,0.0069794736802133,0.0363095926201719,0,0,170.74358974358975,847.7046615380154,EGFR
Reactome_2022,GRB2 Events In ERBB2 Signaling R-HSA-1963640,1/15,0.0074763281564485,0.0363095926201719,0,0,158.53968253968253,776.212425317664,EGFR
Reactome_2022,Signaling By ERBB2 ECD Mutants R-HSA-9665348,1/15,0.0074763281564485,0.0363095926201719,0,0,158.53968253968253,776.212425317664,EGFR
Reactome_2022,ERBB2 Regulates Cell Motility R-HSA-6785631,1/15,0.0074763281564485,0.0363095926201719,0,0,158.53968253968253,776.212425317664,EGFR
Reactome_2022,RAF/MAP Kinase Cascade R-HSA-5673001,2/271,0.0076617108174687,0.0363095926201719,0,0,18.32806691449814,89.2855440926968,NF1;EGFR
Reactome_2022,PI3K Events In ERBB2 Signaling R-HSA-1963642,1/16,0.0079729589968486,0.0363095926201719,0,0,147.96296296296296,714.9125872208035,EGFR
Reactome_2022,MAPK1/MAPK3 Signaling R-HSA-5684996,2/277,0.0079925606433446,0.0363095926201719,0,0,17.922727272727272,86.55322475003447,NF1;EGFR
Reactome_2022,Deubiquitination R-HSA-5688426,2/279,0.0081042758389005,0.0363095926201719,0,0,17.791516245487365,85.6726174976294,PTEN;TP53
Reactome_2022,Formation Of Senescence-Associated Heterochromatin Foci (SAHF) R-HSA-2559584,1/17,0.0084693662805775,0.0363095926201719,0,0,138.70833333333334,661.8190142974174,TP53
Reactome_2022,GAB1 Signalosome R-HSA-180292,1/17,0.0084693662805775,0.0363095926201719,0,0,138.70833333333334,661.8190142974174,EGFR
Reactome_2022,Gastrin-CREB Signaling Pathway Via PKC And MAPK R-HSA-881907,1/17,0.0084693662805775,0.0363095926201719,0,0,138.70833333333334,661.8190142974174,EGFR
Reactome_2022,TP53 Regulates Transcription Of Genes Involved In G2 Cell Cycle Arrest R-HSA-6804114,1/18,0.0089655500933473,0.0363095926201719,0,0,130.54248366013073,615.425022203049,TP53
Reactome_2022,Regulation Of NF-kappa B Signaling R-HSA-9758274,1/18,0.0089655500933473,0.0363095926201719,0,0,130.54248366013073,615.425022203049,TP53
Reactome_2022,Constitutive Signaling By Ligand-Responsive EGFR Cancer Variants R-HSA-1236382,1/18,0.0089655500933473,0.0363095926201719,0,0,130.54248366013073,615.425022203049,EGFR
Reactome_2022,Defective GALNT12 Causes CRCS1 R-HSA-5083636,1/18,0.0089655500933473,0.0363095926201719,0,0,130.54248366013073,615.425022203049,MUC16
Reactome_2022,Defective GALNT3 Causes HFTC R-HSA-5083625,1/18,0.0089655500933473,0.0363095926201719,0,0,130.54248366013073,615.425022203049,MUC16
Reactome_2022,Regulation Of TP53 Activity Thru Methylation R-HSA-6804760,1/19,0.0094615105123957,0.0363095926201719,0,0,123.28395061728396,574.5677163606151,TP53
Reactome_2022,Defective C1GALT1C1 Causes TNPS R-HSA-5083632,1/19,0.0094615105123957,0.0363095926201719,0,0,123.28395061728396,574.5677163606151,MUC16
Reactome_2022,SUMOylation Of Transcription Factors R-HSA-3232118,1/19,0.0094615105123957,0.0363095926201719,0,0,123.28395061728396,574.5677163606151,TP53
Reactome_2022,TP53 Regulates Transcription Of Genes Involved In Cytochrome C Release R-HSA-6803204,1/20,0.0099572476243861,0.0363095926201719,0,0,116.78947368421052,538.3357753631753,TP53
Reactome_2022,Signal Transduction By L1 R-HSA-445144,1/20,0.0099572476243861,0.0363095926201719,0,0,116.78947368421052,538.3357753631753,EGFR
Reactome_2022,MAPK Family Signaling Cascades R-HSA-5683057,2/318,0.0104238884250172,0.0363095926201719,0,0,15.564873417721518,71.03271462105859,NF1;EGFR
Reactome_2022,TP53 Regulates Transcription Of Additional Cell Cycle Genes With Uncertain Roles In P53 Pathway R-HSA-6804115,1/21,0.0104527615118676,0.0363095926201719,0,0,110.94444444444444,506.0053047065427,TP53
Reactome_2022,SHC1 Events In ERBB2 Signaling R-HSA-1250196,1/21,0.0104527615118676,0.0363095926201719,0,0,110.94444444444444,506.0053047065427,EGFR
Reactome_2022,Signaling By ERBB2 TMD/JMD Mutants R-HSA-9665686,1/21,0.0104527615118676,0.0363095926201719,0,0,110.94444444444444,506.0053047065427,EGFR
Reactome_2022,Defective Intrinsic Pathway For Apoptosis R-HSA-9734009,1/24,0.0119379646683197,0.0382021363792275,0,0,96.45893719806764,427.1232267263204,TP53
Reactome_2022,Signaling By EGFR In Cancer R-HSA-1643713,1/24,0.0119379646683197,0.0382021363792275,0,0,96.45893719806764,427.1232267263204,EGFR
Reactome_2022,Signaling By ERBB2 KD Mutants R-HSA-9664565,1/24,0.0119379646683197,0.0382021363792275,0,0,96.45893719806764,427.1232267263204,EGFR
Reactome_2022,Estrogen-dependent Nuclear Events Downstream Of ESR-membrane Signaling R-HSA-9634638,1/24,0.0119379646683197,0.0382021363792275,0,0,96.45893719806764,427.1232267263204,EGFR
Reactome_2022,Termination Of O-glycan Biosynthesis R-HSA-977068,1/25,0.0124325865055395,0.0382021363792275,0,0,92.4351851851852,405.55330287566494,MUC16
Reactome_2022,NOTCH3 Activation And Transmission Of Signal To Nucleus R-HSA-9013507,1/25,0.0124325865055395,0.0382021363792275,0,0,92.4351851851852,405.55330287566494,EGFR
Reactome_2022,Signaling By ERBB2 In Cancer R-HSA-1227990,1/25,0.0124325865055395,0.0382021363792275,0,0,92.4351851851852,405.55330287566494,EGFR
Reactome_2022,Transcriptional Regulation By TP53 R-HSA-3700989,2/354,0.0127981399038309,0.0382021363792275,0,0,13.947443181818182,60.78930959077482,PTEN;TP53
Reactome_2022,Synthesis Of IP3 And IP4 In Cytosol R-HSA-1855204,1/26,0.0129269855424658,0.0382021363792275,0,0,88.73333333333333,385.85142072369416,PTEN
Reactome_2022,Pyroptosis R-HSA-5620971,1/26,0.0129269855424658,0.0382021363792275,0,0,88.73333333333333,385.85142072369416,TP53
Reactome_2022,Regulation Of TP53 Activity Thru Acetylation R-HSA-6804758,1/29,0.0144088467211374,0.0407564521540744,0,0,79.21428571428571,335.8616722924233,TP53
Reactome_2022,Dectin-2 Family R-HSA-5621480,1/29,0.0144088467211374,0.0407564521540744,0,0,79.21428571428571,335.8616722924233,MUC16
Reactome_2022,Downregulation Of ERBB2 Signaling R-HSA-8863795,1/29,0.0144088467211374,0.0407564521540744,0,0,79.21428571428571,335.8616722924233,EGFR
Reactome_2022,Activation Of BH3-only Proteins R-HSA-114452,1/30,0.0149023554252653,0.0415586813267964,0,0,76.47892720306514,321.6884165593148,TP53
Reactome_2022,EGFR Downregulation R-HSA-182971,1/31,0.0153956417644848,0.0423380148523333,0,0,73.92592592592592,308.5424792813036,EGFR
Reactome_2022,Oncogene Induced Senescence R-HSA-2559585,1/33,0.0163815476907073,0.0444321430515074,0,0,69.29861111111111,284.9281499305533,TP53
Reactome_2022,Transcriptional Regulation By AP-2 (TFAP2) Family Of Transcription Factors R-HSA-8864260,1/36,0.0178587410119325,0.0471470762715018,0,0,63.34920634920635,254.99716559529236,EGFR
Reactome_2022,Regulation Of TP53 Degradation R-HSA-6804757,1/36,0.0178587410119325,0.0471470762715018,0,0,63.34920634920635,254.99716559529236,TP53
Reactome_2022,Regulation Of TP53 Expression And Degradation R-HSA-6806003,1/37,0.0183506949831896,0.0472253238707096,0,0,61.58641975308642,246.2279153977221,TP53
Reactome_2022,Generic Transcription Pathway R-HSA-212436,3/1190,0.0183897916662948,0.0472253238707096,0,0,6.788903598507642,27.12818429795664,PTEN;TP53;EGFR
Reactome_2022,Association Of TriC/CCT With Target Proteins During Biosynthesis R-HSA-390471,1/38,0.0188424272009397,0.0472253238707096,0,0,59.91891891891892,237.97662594437213,TP53
Reactome_2022,Diseases Of Mitotic Cell Cycle R-HSA-9675126,1/38,0.0188424272009397,0.0472253238707096,0,0,59.91891891891892,237.97662594437213,ATRX
Reactome_2022,Transcriptional Regulation By VENTX R-HSA-8853884,1/39,0.0193339377497966,0.0478514959307467,0,0,58.33918128654971,230.20018425524987,TP53
Reactome_2022,TP53 Regulates Transcription Of Cell Death Genes R-HSA-5633008,1/44,0.0217881685512207,0.0532599675696507,0,0,51.542635658914726,197.22213203300183,TP53
Reactome_2022,TAK1-dependent IKK And NF-kappa-B Activation R-HSA-445989,1/45,0.0222783509374741,0.0537940668978035,0,0,50.36868686868687,191.60953052295557,TP53
Reactome_2022,Inhibition Of DNA Recombination At Telomere R-HSA-9670095,1/48,0.0237475721230066,0.0539202294673836,0,0,47.14657210401892,176.3411440394006,ATRX
Reactome_2022,Inositol Phosphate Metabolism R-HSA-1483249,1/48,0.0237475721230066,0.0539202294673836,0,0,47.14657210401892,176.3411440394006,PTEN
Reactome_2022,RNA Polymerase II Transcription R-HSA-73857,3/1312,0.0238535521291846,0.0539202294673836,0,0,6.116228309505621,22.849141110560645,PTEN;TP53;EGFR
Reactome_2022,TP53 Regulates Transcription Of Cell Cycle Genes R-HSA-6791312,1/49,0.0242368708211977,0.0539202294673836,0,0,46.16203703703704,171.71724838044534,TP53
Reactome_2022,Signaling By EGFR R-HSA-177929,1/49,0.0242368708211977,0.0539202294673836,0,0,46.16203703703704,171.71724838044534,EGFR
Reactome_2022,Signaling By ERBB2 R-HSA-1227986,1/49,0.0242368708211977,0.0539202294673836,0,0,46.16203703703704,171.71724838044534,EGFR
Reactome_2022,Signaling By NOTCH3 R-HSA-9012852,1/49,0.0242368708211977,0.0539202294673836,0,0,46.16203703703704,171.71724838044534,EGFR
Reactome_2022,Ion Homeostasis R-HSA-5578775,1/50,0.024725948817258,0.0542666481192919,0,0,45.21768707482993,167.3010120823387,RYR2
Reactome_2022,Synthesis Of PIPs At Plasma Membrane R-HSA-1660499,1/51,0.0252148061968427,0.0542666481192919,0,0,44.31111111111111,163.07924167915206,PTEN
Reactome_2022,Autodegradation Of E3 Ubiquitin Ligase COP1 R-HSA-349425,1/51,0.0252148061968427,0.0542666481192919,0,0,44.31111111111111,163.07924167915206,TP53
Reactome_2022,Signaling By Non-Receptor Tyrosine Kinases R-HSA-9006927,1/52,0.0257034430516592,0.0547234594003068,0,0,43.4400871459695,159.03982037824832,EGFR
Reactome_2022,Signal Transduction R-HSA-162582,4/2465,0.0261607926862916,0.0551046484243164,0,0,4.748476229175132,17.301042045073412,PTEN;NF1;TP53;EGFR
Reactome_2022,Intrinsic Pathway For Apoptosis R-HSA-109606,1/55,0.0271680313352525,0.0562866450064716,0,0,41.02057613168724,147.90847858667095,TP53
Reactome_2022,Post-translational Protein Modification R-HSA-597592,3/1383,0.0274118928396087,0.0562866450064716,0,0,5.779503105590062,20.787591438871747,MUC16;PTEN;TP53
Reactome_2022,Stabilization Of P53 R-HSA-69541,1/56,0.0276557869621033,0.0562866450064716,0,0,40.27272727272727,144.49533489369065,TP53
Reactome_2022,Regulated Necrosis R-HSA-5218859,1/57,0.0281433225032358,0.0562866450064716,0,0,39.5515873015873,141.21677360109922,TP53
Reactome_2022,Signaling By ERBB4 R-HSA-1236394,1/57,0.0281433225032358,0.0562866450064716,0,0,39.5515873015873,141.21677360109922,EGFR
Reactome_2022,O-linked Glycosylation Of Mucins R-HSA-913709,1/59,0.0291177336711439,0.0565830372745609,0,0,38.18390804597701,135.03387352863817,MUC16
Reactome_2022,Role Of GTSE1 In G2/M Progression After G2 Checkpoint R-HSA-8852276,1/59,0.0291177336711439,0.0565830372745609,0,0,38.18390804597701,135.03387352863817,TP53
Reactome_2022,Transcriptional Regulation By MECP2 R-HSA-8986944,1/60,0.0296046094730556,0.0565830372745609,0,0,37.53483992467044,132.1160756075347,PTEN
Reactome_2022,Recruitment And ATM-mediated Phosphorylation Of Repair And Signal Proteins At DNA Double Strand Breaks R-HSA-5693565,1/60,0.0296046094730556,0.0565830372745609,0,0,37.53483992467044,132.1160756075347,TP53
Reactome_2022,DNA Damage/Telomere Stress Induced Senescence R-HSA-2559586,1/61,0.030091265543298,0.0565830372745609,0,0,36.907407407407405,129.30585220246812,TP53
Reactome_2022,DNA Double Strand Break Response R-HSA-5693606,1/61,0.030091265543298,0.0565830372745609,0,0,36.907407407407405,129.30585220246812,TP53
Reactome_2022,TP53 Regulates Transcription Of DNA Repair Genes R-HSA-6796648,1/62,0.0305777019615051,0.0565830372745609,0,0,36.30054644808743,126.59758326788086,TP53
Reactome_2022,Pre-NOTCH Transcription And Translation R-HSA-1912408,1/62,0.0305777019615051,0.0565830372745609,0,0,36.30054644808743,126.59758326788086,TP53
Reactome_2022,Gene Expression (Transcription) R-HSA-74160,3/1449,0.0309718175434475,0.0567816654963205,0,0,5.4961470065204505,19.097338887067057,PTEN;TP53;EGFR
Reactome_2022,p53-Dependent G1 DNA Damage Response R-HSA-69563,1/65,0.0320356942028436,0.0576642495651184,0,0,34.59375,119.03379191454992,TP53
Reactome_2022,Regulation Of RAS By GAPs R-HSA-5658442,1/65,0.0320356942028436,0.0576642495651184,0,0,34.59375,119.03379191454992,NF1
Reactome_2022,G1/S DNA Damage Checkpoints R-HSA-69615,1/67,0.0330065923938031,0.0583509401247591,0,0,33.54208754208754,114.4136695514984,TP53
Reactome_2022,Regulation Of PTEN Stability And Activity R-HSA-8948751,1/67,0.0330065923938031,0.0583509401247591,0,0,33.54208754208754,114.4136695514984,PTEN
Reactome_2022,Diseases Associated With O-glycosylation Of Proteins R-HSA-3906995,1/69,0.033976614095502,0.0595342441673397,0,0,32.552287581699346,110.09453231300331,MUC16
Reactome_2022,Diseases Of Programmed Cell Death R-HSA-9645723,1/71,0.0349457600054768,0.0606952673779335,0,0,31.61904761904762,106.04896194083372,TP53
Reactome_2022,Extra-nuclear Estrogen Signaling R-HSA-9009391,1/73,0.0359140308301434,0.0618345922118992,0,0,30.73765432098765,102.2527178173034,EGFR
Reactome_2022,Formation Of Cornified Envelope R-HSA-6809371,1/74,0.0363978383040335,0.0621273446913676,0,0,30.315068493150687,100.4412761916998,FLG
Reactome_2022,G2/M DNA Damage Checkpoint R-HSA-69473,1/77,0.0378479500125182,0.0632459585471769,0,0,29.114035087719294,95.32454660857232,TP53
Reactome_2022,Oncogenic MAPK Signaling R-HSA-6802957,1/78,0.038330883967986,0.0632459585471769,0,0,28.734487734487736,93.71751271850756,NF1
Reactome_2022,Pre-NOTCH Expression And Processing R-HSA-1912422,1/78,0.038330883967986,0.0632459585471769,0,0,28.734487734487736,93.71751271850756,TP53
Reactome_2022,Constitutive Signaling By Aberrant PI3K In Cancer R-HSA-2219530,1/78,0.038330883967986,0.0632459585471769,0,0,28.734487734487736,93.71751271850756,EGFR
Reactome_2022,PI Metabolism R-HSA-1483255,1/82,0.0402604390785998,0.0655186712096623,0,0,27.310013717421125,87.73030443537515,PTEN
Reactome_2022,Cell Cycle R-HSA-1640170,2/654,0.0403700903413071,0.0655186712096623,0,0,7.414877300613497,23.79928035405648,ATRX;TP53
Reactome_2022,Chaperonin-mediated Protein Folding R-HSA-390466,1/90,0.0441090999770031,0.0704322725439243,0,0,24.845193508114857,77.54406436315156,TP53
Reactome_2022,Regulation Of TP53 Activity Thru Phosphorylation R-HSA-6804756,1/90,0.0441090999770031,0.0704322725439243,0,0,24.845193508114857,77.54406436315156,TP53
Reactome_2022,Telomere Maintenance R-HSA-157579,1/92,0.0450690923255239,0.0710177247622554,0,0,24.296703296703296,75.30905521028181,ATRX
Reactome_2022,Oxidative Stress Induced Senescence R-HSA-2559580,1/93,0.0455487630468527,0.0710177247622554,0,0,24.031400966183572,74.2323201774775,TP53
Reactome_2022,Downstream TCR Signaling R-HSA-202424,1/94,0.0460282169261211,0.0710177247622554,0,0,23.77180406212664,73.18151447362185,PTEN
Reactome_2022,Transcriptional Regulation By RUNX3 R-HSA-8878159,1/95,0.0465074540299385,0.0710177247622554,0,0,23.5177304964539,72.15575261450543,TP53
Reactome_2022,HCMV Early Events R-HSA-9609690,1/96,0.0469864744639164,0.0710177247622554,0,0,23.269005847953217,71.15418818005004,EGFR
Reactome_2022,Protein Folding R-HSA-391251,1/96,0.0469864744639164,0.0710177247622554,0,0,23.269005847953217,71.15418818005004,TP53
Reactome_2022,MyD88 Cascade Initiated On Plasma Membrane R-HSA-975871,1/96,0.0469864744639164,0.0710177247622554,0,0,23.269005847953217,71.15418818005004,TP53
Reactome_2022,L1CAM Interactions R-HSA-373760,1/99,0.048422236549271,0.0723342784262514,0,0,22.55328798185941,68.28675824910428,EGFR
Reactome_2022,Stimuli-sensing Channels R-HSA-2672351,1/100,0.0489003911418304,0.0723342784262514,0,0,22.32435465768799,67.37423003045056,RYR2
Reactome_2022,TRAF6 Mediated Induction Of NFkB And MAP Kinases Upon TLR7/8 Or 9 Activation R-HSA-975138,1/101,0.0493783294859182,0.0723342784262514,0,0,22.1,66.48218412151981,TP53
Reactome_2022,MyD88 Dependent Cascade Initiated On Endosome R-HSA-975155,1/102,0.0498560516752303,0.0723342784262514,0,0,21.88008800880088,65.60996868685889,TP53
Reactome_2022,Toll Like Receptor 3 (TLR3) Cascade R-HSA-168164,1/103,0.0503335577922038,0.0723342784262514,0,0,21.664488017429196,64.75695871628933,TP53
Reactome_2022,Toll Like Receptor 7/8 (TLR7/8) Cascade R-HSA-168181,1/103,0.0503335577922038,0.0723342784262514,0,0,21.664488017429196,64.75695871628933,TP53
Reactome_2022,Cargo Recognition For Clathrin-Mediated Endocytosis R-HSA-8856825,1/104,0.0508108479280287,0.0723342784262514,0,0,21.45307443365696,63.922554665894864,EGFR
Reactome_2022,"PI5P, PP2A And IER3 Regulate PI3K/AKT Signaling R-HSA-6811558",1/106,0.0517647805964337,0.0723342784262514,0,0,21.04232804232804,62.30728596638391,EGFR
Reactome_2022,Toll Like Receptor 9 (TLR9) Cascade R-HSA-168138,1/106,0.0517647805964337,0.0723342784262514,0,0,21.04232804232804,62.30728596638391,TP53
Reactome_2022,O-linked Glycosylation R-HSA-5173105,1/107,0.0522414233078482,0.0723342784262514,0,0,20.842767295597483,61.52533852087739,MUC16
Reactome_2022,Interleukin-4 And Interleukin-13 Signaling R-HSA-6785807,1/107,0.0522414233078482,0.0723342784262514,0,0,20.842767295597483,61.52533852087739,TP53
Reactome_2022,MyD88-independent TLR4 Cascade R-HSA-166166,1/107,0.0522414233078482,0.0723342784262514,0,0,20.842767295597483,61.52533852087739,TP53
Reactome_2022,MyD88:MAL(TIRAP) Cascade Initiated On Plasma Membrane R-HSA-166058,1/112,0.0546214040317676,0.0751044305436805,0,0,19.8988988988989,57.85265494685789,TP53
Reactome_2022,Interleukin-1 Signaling R-HSA-9020702,1/114,0.0555718892963041,0.0758843729701256,0,0,19.54473942969518,56.48581741086853,TP53
Reactome_2022,TCR Signaling R-HSA-202403,1/116,0.0565215144325384,0.0766524647783741,0,0,19.20289855072464,55.17249932078826,PTEN
Reactome_2022,Chromosome Maintenance R-HSA-73886,1/118,0.0574702801377919,0.0774089487570259,0,0,18.872744539411205,53.909755696325554,ATRX
Reactome_2022,HCMV Infection R-HSA-9609646,1/121,0.0588918187809666,0.0787877035042662,0,0,18.39814814814815,52.104532462734575,EGFR
Reactome_2022,Metabolism Of Proteins R-HSA-392499,3/1890,0.0609950894436664,0.0808589264675651,0,0,4.111514876220759,11.499750538079214,MUC16;PTEN;TP53
Reactome_2022,Cardiac Conduction R-HSA-5576891,1/126,0.0612567624754281,0.0808589264675651,0,0,17.657777777777778,49.3125409946923,RYR2
Reactome_2022,Immune System R-HSA-168256,3/1943,0.0653222286712106,0.0856543130920511,0,0,3.987481590574374,10.879536053886806,MUC16;PTEN;TP53
Reactome_2022,Factors Involved In Megakaryocyte Development And Platelet Production R-HSA-983231,1/136,0.0659706109648584,0.0859354011252761,0,0,16.34156378600823,44.42529163101855,TP53
Reactome_2022,Toll Like Receptor 4 (TLR4) Cascade R-HSA-166016,1/140,0.0678501777388971,0.0878061123679846,0,0,15.86810551558753,42.69239642260823,TP53
Reactome_2022,C-type Lectin Receptors (CLRs) R-HSA-5621481,1/141,0.0683195372380125,0.0878394050203019,0,0,15.753968253968257,42.27671121747236,MUC16
Reactome_2022,Clathrin-mediated Endocytosis R-HSA-8856828,1/142,0.068788684027997,0.0878719963712477,0,0,15.641449960598896,41.86771974668722,EGFR
Reactome_2022,Diseases Of Glycosylation R-HSA-3781865,1/143,0.0692576181978487,0.0879039000203464,0,0,15.530516431924882,41.46526951018726,MUC16
Reactome_2022,G2/M Checkpoints R-HSA-69481,1/148,0.0715991027195359,0.0902969575698606,0,0,14.998488284202567,39.54610515433267,TP53
Reactome_2022,DNA Double-Strand Break Repair R-HSA-5693532,1/149,0.0720667629517442,0.0903115130661098,0,0,14.896396396396396,39.17994060077916,TP53
Reactome_2022,Interleukin-1 Family Signaling R-HSA-446652,1/152,0.0734684718687947,0.0914890404403858,0,0,14.59823399558499,38.11451335774776,TP53
Reactome_2022,Regulation Of TP53 Activity R-HSA-5633007,1/157,0.0758004191937405,0.0938030187522539,0,0,14.126780626780628,36.44217021371992,TP53
Reactome_2022,Toll-like Receptor Cascades R-HSA-168898,1/162,0.0781270830081257,0.0960817542584403,0,0,13.684610075914424,34.88779821293247,TP53
Reactome_2022,Cellular Senescence R-HSA-2559583,1/165,0.0795205496250796,0.0971917828750973,0,0,13.432249322493226,34.00696027874125,TP53
Reactome_2022,SUMO E3 Ligases SUMOylate Target Proteins R-HSA-3108232,1/168,0.0809121203148388,0.0982858884806018,0,0,13.188955422488355,33.16219935568782,TP53
Reactome_2022,SUMOylation R-HSA-2990846,1/174,0.0836895830239611,0.1009821100061302,0,0,12.727681438664098,31.572805424981038,TP53
Reactome_2022,Ion Channel Transport R-HSA-983712,1/175,0.0841517583384419,0.1009821100061302,0,0,12.65389527458493,31.32007963491698,RYR2
Reactome_2022,Apoptosis R-HSA-109581,1/178,0.0855370257686186,0.102026090977027,0,0,12.437539234149405,30.581495433145506,TP53
Reactome_2022,G2/M Transition R-HSA-69275,1/182,0.0873811155878078,0.1036015621939278,0,0,12.160220994475138,29.64024790437689,TP53
Reactome_2022,Mitotic G2-G2/M Phases R-HSA-453274,1/184,0.0883019048329127,0.1040701021245043,0,0,12.026108075288404,29.18728732343428,TP53
Reactome_2022,ESR-mediated Signaling R-HSA-8939211,1/188,0.0901409753843481,0.1056089534088812,0,0,11.766488413547236,28.314647577691105,EGFR
Reactome_2022,Innate Immune System R-HSA-168249,2/1035,0.0913739264618277,0.1064237496437758,0,0,4.5878509196515,10.977787244524196,MUC16;TP53
Reactome_2022,Muscle Contraction R-HSA-397014,1/196,0.0938091036064344,0.1086210673337661,0,0,11.27920227920228,26.69215746118742,RYR2
Reactome_2022,Developmental Biology R-HSA-1266738,2/1073,0.097218151479016,0.1119139185630533,0,0,4.416199813258637,10.29326899166442,FLG;EGFR
Reactome_2022,Phospholipid Metabolism R-HSA-1483257,1/208,0.0992863444698879,0.1123354068859303,0,0,10.618894256575416,24.52696165121757,PTEN
Reactome_2022,Programmed Cell Death R-HSA-5357801,1/208,0.0992863444698879,0.1123354068859303,0,0,10.618894256575416,24.52696165121757,TP53
Reactome_2022,Keratinization R-HSA-6805567,1/208,0.0992863444698879,0.1123354068859303,0,0,10.618894256575416,24.52696165121757,FLG
Reactome_2022,G Alpha (Q) Signaling Events R-HSA-416476,1/212,0.1011054591754641,0.1137436415723971,0,0,10.415481832543444,23.86802605954351,EGFR
Reactome_2022,Diseases Of Metabolism R-HSA-5668914,1/247,0.1168822276294192,0.1307496105685029,0,0,8.917795844625113,19.142837582768426,MUC16
Reactome_2022,Signaling By Nuclear Receptors R-HSA-9006931,1/260,0.1226783971960487,0.1364624867686384,0,0,8.464607464607464,17.760346311661674,EGFR
Reactome_2022,Cell Cycle Checkpoints R-HSA-69620,1/271,0.1275560817207028,0.1410955540821181,0,0,8.11522633744856,16.710867212319627,TP53
Reactome_2022,DNA Repair R-HSA-73894,1/310,0.1446536576340862,0.1591190233974949,0,0,7.076950737144912,13.682668285085878,TP53
Reactome_2022,Signaling By Interleukins R-HSA-449147,1/453,0.204795643403638,0.2240305933365764,0,0,4.802851524090462,7.616086544125801,TP53
Reactome_2022,Signaling By Receptor Tyrosine Kinases R-HSA-9006934,1/496,0.2221205261431451,0.2416476053645204,0,0,4.375982042648709,6.583818728383173,EGFR
Reactome_2022,Axon Guidance R-HSA-422475,1/519,0.2312471903607408,0.2502018780952278,0,0,4.176748176748177,6.115878918361201,EGFR
Reactome_2022,"Cell Cycle, Mitotic R-HSA-69278",1/523,0.232824561420429,0.2505394737024182,0,0,4.143891017454236,6.039597107689247,TP53
Reactome_2022,Nervous System Development R-HSA-9675108,1/545,0.2414481520128698,0.2584147789110715,0,0,3.971813725490196,5.644346552214524,EGFR
Reactome_2022,Hemostasis R-HSA-109582,1/576,0.2534515140284343,0.269803224610914,0,0,3.751690821256039,5.149506068590496,TP53
Reactome_2022,Membrane Trafficking R-HSA-199991,1/599,0.2622464709018963,0.2776727338961255,0,0,3.6031215161649945,4.822671816931731,EGFR
Reactome_2022,GPCR Downstream Signaling R-HSA-388396,1/619,0.2698183394483883,0.2841703787807493,0,0,3.4829198130169003,4.562647117861525,EGFR
Reactome_2022,Vesicle-mediated Transport R-HSA-5653656,1/637,0.2765731428142398,0.2897432924720607,0,0,3.381201956673655,4.345791122483036,EGFR
Reactome_2022,Signaling By GPCR R-HSA-372790,1/689,0.2957722902024504,0.3082258603162377,0,0,3.117248062015504,3.797323765313496,EGFR
Reactome_2022,Cytokine Signaling In Immune System R-HSA-1280215,1/702,0.3004998466944827,0.3113846196545702,0,0,3.0573783483911874,3.675910554841148,TP53
Reactome_2022,Transport Of Small Molecules R-HSA-382551,1/706,0.3019487220892802,0.3113846196545702,0,0,3.0394011032308903,3.6396769563827966,RYR2
Reactome_2022,Cellular Responses To Stress R-HSA-2262752,1/722,0.3077172531482181,0.3156892027116435,0,0,2.969486823855756,3.499759746858065,TP53
Reactome_2022,Metabolism Of Lipids R-HSA-556833,1/732,0.3113007623273018,0.3159206024052458,0,0,2.92734458124335,3.41619869296118,PTEN
Reactome_2022,Adaptive Immune System R-HSA-1280218,1/733,0.3116581934116328,0.3159206024052458,0,0,2.9231936854887675,3.408000171445728,PTEN
Reactome_2022,Cellular Responses To Stimuli R-HSA-8953897,1/736,0.3127294852092332,0.3159206024052458,0,0,2.910808767951625,3.3835727999206084,TP53
Reactome_2022,Infectious Disease R-HSA-5663205,1/961,0.3889279200800879,0.3909021734815096,0,0,2.2025462962962963,2.0799993690533225,EGFR
Reactome_2022,Metabolism R-HSA-1430728,1/2049,0.660784294767674,0.660784294767674,0,0,0.9734157986111112,0.4033132497401587,PTEN
GO_Biological_Process_2023,Striated Muscle Hypertrophy (GO:0014897),2/5,2.248131259405612e-06,0.0011667801236315,0,0,1665.5833333333333,21661.596201528788,RYR2;TTN
GO_Biological_Process_2023,Cardiac Muscle Hypertrophy (GO:0003300),2/7,4.71859981396871e-06,0.0012244766517248,0,0,999.25,12254.800453119931,RYR2;TTN
GO_Biological_Process_2023,Response To Muscle Stretch (GO:0035994),2/14,2.04094503025842e-05,0.003530834902347,0,0,416.2083333333333,4494.8471043704,RYR2;TTN
GO_Biological_Process_2023,Negative Regulation Of Fibroblast Proliferation (GO:0048147),2/17,3.047775949307404e-05,0.0039544892942263,0,0,332.9166666666667,3461.838398540365,NF1;TP53
GO_Biological_Process_2023,Negative Regulation Of Neurogenesis (GO:0050768),2/27,7.845066309954509e-05,0.0072904934199233,0,0,199.65,1887.2995610426367,PTEN;NF1
GO_Biological_Process_2023,Phosphatidylinositol 3-Kinase Signaling (GO:0014065),2/32,0.0001107116263299996,0.0072904934199233,0,0,166.33333333333334,1515.060755800583,PTEN;NF1
GO_Biological_Process_2023,Cardiac Muscle Contraction (GO:0060048),2/33,0.00011782293987729036,0.0072904934199233,0,0,160.95967741935485,1456.0939674817116,RYR2;TTN
GO_Biological_Process_2023,Signal Transduction By P53 Class Mediator (GO:0072331),2/33,0.00011782293987729036,0.0072904934199233,0,0,160.95967741935485,1456.0939674817116,ATRX;TP53
GO_Biological_Process_2023,Regulation Of Cellular Senescence (GO:2000772),2/35,0.00013270327104745937,0.0072904934199233,0,0,151.18939393939394,1349.7274345163214,PTEN;TP53
GO_Biological_Process_2023,"DNA Damage Response, Signal Transduction By P53 Class Mediator (GO:0030330)",2/36,0.00014047193487328206,0.0072904934199233,0,0,146.73529411764707,1301.6158433360367,ATRX;TP53
GO_Biological_Process_2023,Heart Contraction (GO:0060047),2/41,0.0001825931686229406,0.0086150776832096,0,0,127.89102564102564,1100.9179217565816,RYR2;TTN
GO_Biological_Process_2023,Positive Regulation Of miRNA Transcription (GO:1902895),2/43,0.0002009680615243086,0.0086918686609263,0,0,121.64024390243902,1035.4461013159446,TP53;EGFR
GO_Biological_Process_2023,Regulation Of Fibroblast Proliferation (GO:0048145),2/46,0.0002301614233862017,0.0090412495376736,0,0,113.32954545454544,949.3309641295106,NF1;TP53
GO_Biological_Process_2023,Regulation Of Protein Phosphorylation (GO:0001932),3/265,0.0002576220554412878,0.0090412495376736,0,0,32.27044711014177,266.68352185227315,PTEN;EGFR;TTN
GO_Biological_Process_2023,Positive Regulation Of miRNA Metabolic Process (GO:2000630),2/49,0.0002613077901061752,0.0090412495376736,0,0,106.07978723404256,875.1382563847486,TP53;EGFR
GO_Biological_Process_2023,Striated Muscle Contraction (GO:0006941),2/57,0.0003538767443157693,0.0103574154176698,0,0,90.61363636363636,720.0668690209761,RYR2;TTN
GO_Biological_Process_2023,Signal Transduction In Response To DNA Damage (GO:0042770),2/57,0.0003538767443157693,0.0103574154176698,0,0,90.61363636363636,720.0668690209761,ATRX;TP53
GO_Biological_Process_2023,Heart Morphogenesis (GO:0003007),2/59,0.00037917320411508265,0.0103574154176698,0,0,87.42543859649123,688.6954184966403,RYR2;TTN
GO_Biological_Process_2023,Regulation Of miRNA Transcription (GO:1902893),2/59,0.00037917320411508265,0.0103574154176698,0,0,87.42543859649123,688.6954184966403,TP53;EGFR
GO_Biological_Process_2023,Phosphatidylinositol-Mediated Signaling (GO:0048015),2/62,0.0004187278779227326,0.0108659884320949,0,0,83.04166666666667,645.9221077078342,PTEN;NF1
GO_Biological_Process_2023,Regulation Of Cyclin-Dependent Protein Serine/Threonine Kinase Activity (GO:0000079),2/79,0.0006791469109190254,0.0164281246917691,0,0,64.65259740259741,471.6195624815348,PTEN;EGFR
GO_Biological_Process_2023,Negative Regulation Of Protein Serine/Threonine Kinase Activity (GO:0071901),2/80,0.0006963752277821239,0.0164281246917691,0,0,63.82051282051282,463.9509991068783,PTEN;NF1
GO_Biological_Process_2023,Negative Regulation Of Cell Population Proliferation (GO:0008285),3/379,0.0007337715762375088,0.0165577151333594,0,0,22.356382978723403,161.3530086276007,PTEN;NF1;TP53
GO_Biological_Process_2023,Regulation Of Kinase Activity (GO:0043549),2/85,0.0007856794992100311,0.0169903191704169,0,0,59.96084337349398,428.6577674110207,EGFR;TTN
GO_Biological_Process_2023,Regulation Of Peptidyl-Tyrosine Phosphorylation (GO:0050730),2/90,0.0008802391137269697,0.0175709269240114,0,0,56.53977272727273,397.7752223930347,TP53;EGFR
GO_Biological_Process_2023,Regulation Of Phosphatidylinositol 3-Kinase Signaling (GO:0014066),2/90,0.0008802391137269697,0.0175709269240114,0,0,56.53977272727273,397.7752223930347,PTEN;EGFR
GO_Biological_Process_2023,Regulation Of Peptidyl-Serine Phosphorylation (GO:0033135),2/93,0.0009394884997984336,0.0177879131546565,0,0,54.667582417582416,381.04261518159007,PTEN;EGFR
GO_Biological_Process_2023,Muscle Contraction (GO:0006936),2/94,0.0009596562010219316,0.0177879131546565,0,0,54.07065217391305,375.7334723220389,RYR2;TTN
GO_Biological_Process_2023,Nervous System Development (GO:0007399),3/433,0.0010797557970327,0.0181982053749669,0,0,19.49501661129568,133.17085572702007,PTEN;NF1;EGFR
GO_Biological_Process_2023,Response To UV (GO:0009411),2/100,0.0010850384206118,0.0181982053749669,0,0,50.74489795918368,346.39177176286466,TP53;EGFR
GO_Biological_Process_2023,Regulation Of Cell Migration (GO:0030334),3/434,0.0010869833653641,0.0181982053749669,0,0,19.4487901889294,132.72533137550514,PTEN;NF1;EGFR
GO_Biological_Process_2023,Negative Regulation Of MAPK Cascade (GO:0043409),2/105,0.0011952352797267,0.0185908195662578,0,0,48.26941747572816,324.82480811164004,PTEN;NF1
GO_Biological_Process_2023,Regulation Of G1/S Transition Of Mitotic Cell Cycle (GO:2000045),2/106,0.0012178956941286,0.0185908195662578,0,0,47.80288461538461,320.78750745619243,PTEN;EGFR
GO_Biological_Process_2023,Response To Calcium Ion (GO:0051592),2/106,0.0012178956941286,0.0185908195662578,0,0,47.80288461538461,320.78750745619243,RYR2;TTN
GO_Biological_Process_2023,Positive Regulation Of DNA Metabolic Process (GO:0051054),2/108,0.0012638362023541,0.0187408854006232,0,0,46.89622641509434,312.96682441721515,ATRX;EGFR
GO_Biological_Process_2023,Small GTPase Mediated Signal Transduction (GO:0007264),2/112,0.0013581911701031,0.0195805893689865,0,0,45.18181818181818,298.27235807102574,NF1;TP53
GO_Biological_Process_2023,Regulation Of MAP Kinase Activity (GO:0043405),2/114,0.0014066029101133,0.0197304570364547,0,0,44.37053571428572,291.36257325115224,NF1;EGFR
GO_Biological_Process_2023,Cellular Response To Oxidative Stress (GO:0034599),2/117,0.0014807595211497,0.0202240576704405,0,0,43.20652173913044,281.4991361759346,TP53;EGFR
GO_Biological_Process_2023,Regulation Of Protein Kinase Activity (GO:0045859),2/119,0.0015312212856459,0.0203770217243658,0,0,42.46367521367522,275.23636354227165,NF1;TTN
GO_Biological_Process_2023,Circulatory System Development (GO:0072359),2/132,0.0018790923323901,0.0215858064055381,0,0,38.19230769230769,239.73183291162476,PTEN;NF1
GO_Biological_Process_2023,Negative Regulation Of Cell Motility (GO:2000146),2/133,0.0019072718827723,0.0215858064055381,0,0,37.89885496183206,237.32571441911304,PTEN;NF1
GO_Biological_Process_2023,Regulation Of Protein Kinase B Signaling (GO:0051896),2/136,0.0019930221646429,0.0215858064055381,0,0,37.04477611940298,230.34823784060453,PTEN;EGFR
GO_Biological_Process_2023,Ras Protein Signal Transduction (GO:0007265),2/144,0.0022305453683866,0.0215858064055381,0,0,34.943661971830984,213.34884837859187,NF1;TP53
GO_Biological_Process_2023,Negative Regulation Of Protein Phosphorylation (GO:0001933),2/149,0.002385509588893,0.0215858064055381,0,0,33.74659863945578,203.77352124587756,PTEN;NF1
GO_Biological_Process_2023,Negative Regulation Of Excitatory Postsynaptic Potential (GO:0090394),1/5,0.0024977078641967,0.0215858064055381,0,0,555.1666666666666,3326.7706415121643,PTEN
GO_Biological_Process_2023,ERBB2-EGFR Signaling Pathway (GO:0038134),1/5,0.0024977078641967,0.0215858064055381,0,0,555.1666666666666,3326.7706415121643,EGFR
GO_Biological_Process_2023,Regulation Of Nitric Oxide Mediated Signal Transduction (GO:0010749),1/5,0.0024977078641967,0.0215858064055381,0,0,555.1666666666666,3326.7706415121643,EGFR
GO_Biological_Process_2023,Regulation Of Pentose-Phosphate Shunt (GO:0043456),1/5,0.0024977078641967,0.0215858064055381,0,0,555.1666666666666,3326.7706415121643,TP53
GO_Biological_Process_2023,Postsynaptic Density Assembly (GO:0097107),1/5,0.0024977078641967,0.0215858064055381,0,0,555.1666666666666,3326.7706415121643,PTEN
GO_Biological_Process_2023,Prepulse Inhibition (GO:0060134),1/5,0.0024977078641967,0.0215858064055381,0,0,555.1666666666666,3326.7706415121643,PTEN
GO_Biological_Process_2023,Cell-Cell Signaling Involved In Cardiac Conduction (GO:0086019),1/5,0.0024977078641967,0.0215858064055381,0,0,555.1666666666666,3326.7706415121643,RYR2
GO_Biological_Process_2023,Regulation Of Thymocyte Apoptotic Process (GO:0070243),1/5,0.0024977078641967,0.0215858064055381,0,0,555.1666666666666,3326.7706415121643,TP53
GO_Biological_Process_2023,Negative Regulation Of Cell Size (GO:0045792),1/5,0.0024977078641967,0.0215858064055381,0,0,555.1666666666666,3326.7706415121643,PTEN
GO_Biological_Process_2023,Positive Regulation Of Extrinsic Apoptotic Signaling Pathway Via Death Domain Receptors (GO:1902043),1/5,0.0024977078641967,0.0215858064055381,0,0,555.1666666666666,3326.7706415121643,PTEN
GO_Biological_Process_2023,Positive Regulation Of Cellular Process (GO:0048522),3/594,0.0026759298351518,0.0215858064055381,0,0,14.06744017403916,83.32789606202643,RYR2;PTEN;EGFR
GO_Biological_Process_2023,Negative Regulation Of Cell Migration (GO:0030336),2/163,0.0028458600242076,0.0215858064055381,0,0,30.790372670807454,180.4897765427114,PTEN;NF1
GO_Biological_Process_2023,Negative Regulation Of Dendritic Spine Development (GO:0061000),1/6,0.0029965781728721,0.0215858064055381,0,0,444.1111111111111,2580.4117942926405,PTEN
GO_Biological_Process_2023,Regulation Of Glial Cell Differentiation (GO:0045685),1/6,0.0029965781728721,0.0215858064055381,0,0,444.1111111111111,2580.4117942926405,NF1
GO_Biological_Process_2023,Negative Regulation Of Oligodendrocyte Differentiation (GO:0048715),1/6,0.0029965781728721,0.0215858064055381,0,0,444.1111111111111,2580.4117942926405,NF1
GO_Biological_Process_2023,Locomotor Rhythm (GO:0045475),1/6,0.0029965781728721,0.0215858064055381,0,0,444.1111111111111,2580.4117942926405,PTEN
GO_Biological_Process_2023,Cellular Response To Caffeine (GO:0071313),1/6,0.0029965781728721,0.0215858064055381,0,0,444.1111111111111,2580.4117942926405,RYR2
GO_Biological_Process_2023,Release Of Sequestered Calcium Ion Into Cytosol By Sarcoplasmic Reticulum (GO:0014808),1/6,0.0029965781728721,0.0215858064055381,0,0,444.1111111111111,2580.4117942926405,RYR2
GO_Biological_Process_2023,Response To Alkaloid (GO:0043279),1/6,0.0029965781728721,0.0215858064055381,0,0,444.1111111111111,2580.4117942926405,RYR2
GO_Biological_Process_2023,Response To Caffeine (GO:0031000),1/6,0.0029965781728721,0.0215858064055381,0,0,444.1111111111111,2580.4117942926405,RYR2
GO_Biological_Process_2023,Regulation Of SA Node Cell Action Potential (GO:0098907),1/6,0.0029965781728721,0.0215858064055381,0,0,444.1111111111111,2580.4117942926405,RYR2
GO_Biological_Process_2023,Detection Of Muscle Stretch (GO:0035995),1/6,0.0029965781728721,0.0215858064055381,0,0,444.1111111111111,2580.4117942926405,TTN
GO_Biological_Process_2023,Negative Regulation Of Cardiocyte Differentiation (GO:1905208),1/6,0.0029965781728721,0.0215858064055381,0,0,444.1111111111111,2580.4117942926405,EGFR
GO_Biological_Process_2023,Skeletal Muscle Thin Filament Assembly (GO:0030240),1/6,0.0029965781728721,0.0215858064055381,0,0,444.1111111111111,2580.4117942926405,TTN
GO_Biological_Process_2023,Brain Development (GO:0007420),2/169,0.0030550027596769,0.0215858064055381,0,0,29.6751497005988,171.84804359874045,PTEN;NF1
GO_Biological_Process_2023,Heart Development (GO:0007507),2/171,0.0031262872703132,0.0215858064055381,0,0,29.321005917159763,169.1208984373564,PTEN;NF1
GO_Biological_Process_2023,Stress-Induced Premature Senescence (GO:0090400),1/7,0.0034952242970889,0.0215858064055381,0,0,370.0740740740741,2093.271349114512,TP53
GO_Biological_Process_2023,ER Overload Response (GO:0006983),1/7,0.0034952242970889,0.0215858064055381,0,0,370.0740740740741,2093.271349114512,TP53
GO_Biological_Process_2023,Negative Regulation Of Neural Precursor Cell Proliferation (GO:2000178),1/7,0.0034952242970889,0.0215858064055381,0,0,370.0740740740741,2093.271349114512,NF1
GO_Biological_Process_2023,Postsynaptic Density Organization (GO:0097106),1/7,0.0034952242970889,0.0215858064055381,0,0,370.0740740740741,2093.271349114512,PTEN
GO_Biological_Process_2023,Cellular Response To Epinephrine Stimulus (GO:0071872),1/7,0.0034952242970889,0.0215858064055381,0,0,370.0740740740741,2093.271349114512,RYR2
GO_Biological_Process_2023,Regulation Of ATPase-coupled Calcium Transmembrane Transporter Activity (GO:1901894),1/7,0.0034952242970889,0.0215858064055381,0,0,370.0740740740741,2093.271349114512,RYR2
GO_Biological_Process_2023,"Regulation Of Wound Healing, Spreading Of Epidermal Cells (GO:1903689)",1/7,0.0034952242970889,0.0215858064055381,0,0,370.0740740740741,2093.271349114512,PTEN
GO_Biological_Process_2023,Release Of Sequestered Calcium Ion Into Cytosol By Endoplasmic Reticulum (GO:1903514),1/7,0.0034952242970889,0.0215858064055381,0,0,370.0740740740741,2093.271349114512,RYR2
GO_Biological_Process_2023,Response To Epinephrine (GO:0071871),1/7,0.0034952242970889,0.0215858064055381,0,0,370.0740740740741,2093.271349114512,RYR2
GO_Biological_Process_2023,Positive Regulation Of Execution Phase Of Apoptosis (GO:1900119),1/7,0.0034952242970889,0.0215858064055381,0,0,370.0740740740741,2093.271349114512,TP53
GO_Biological_Process_2023,Negative Regulation Of Glial Cell Differentiation (GO:0045686),1/8,0.0039936462613403,0.0215858064055381,0,0,317.1904761904762,1751.8590547314027,NF1
GO_Biological_Process_2023,"DNA Damage Response, Signal Transduction By P53 Class Mediator Resulting In Transcription Of P21 Class Mediator (GO:0006978)",1/8,0.0039936462613403,0.0215858064055381,0,0,317.1904761904762,1751.8590547314027,TP53
GO_Biological_Process_2023,Regulation Of Helicase Activity (GO:0051095),1/8,0.0039936462613403,0.0215858064055381,0,0,317.1904761904762,1751.8590547314027,TP53
GO_Biological_Process_2023,Schwann Cell Development (GO:0014044),1/8,0.0039936462613403,0.0215858064055381,0,0,317.1904761904762,1751.8590547314027,NF1
GO_Biological_Process_2023,Regulation Of Nuclear Cell Cycle DNA Replication (GO:0033262),1/8,0.0039936462613403,0.0215858064055381,0,0,317.1904761904762,1751.8590547314027,ATRX
GO_Biological_Process_2023,Positive Regulation Of Ubiquitin Protein Ligase Activity (GO:1904668),1/8,0.0039936462613403,0.0215858064055381,0,0,317.1904761904762,1751.8590547314027,PTEN
GO_Biological_Process_2023,Regulation Of Organ Growth (GO:0046620),1/8,0.0039936462613403,0.0215858064055381,0,0,317.1904761904762,1751.8590547314027,PTEN
GO_Biological_Process_2023,Presynaptic Membrane Assembly (GO:0097105),1/8,0.0039936462613403,0.0215858064055381,0,0,317.1904761904762,1751.8590547314027,PTEN
GO_Biological_Process_2023,Peripheral Nervous System Axon Ensheathment (GO:0032292),1/8,0.0039936462613403,0.0215858064055381,0,0,317.1904761904762,1751.8590547314027,NF1
GO_Biological_Process_2023,Skeletal Myofibril Assembly (GO:0014866),1/8,0.0039936462613403,0.0215858064055381,0,0,317.1904761904762,1751.8590547314027,TTN
GO_Biological_Process_2023,Organic Substance Transport (GO:0071702),2/201,0.0042887731676215,0.0215858064055381,0,0,24.86306532663317,135.54732981615194,RYR2;LRP1B
GO_Biological_Process_2023,Regulation Of Apoptotic Process (GO:0042981),3/705,0.0043470216945372,0.0215858064055381,0,0,11.775335775335776,64.03738859492046,NF1;TP53;EGFR
GO_Biological_Process_2023,Regulation Of MAPK Cascade (GO:0043408),2/204,0.0044145406477128,0.0215858064055381,0,0,24.49009900990099,132.80617000141103,NF1;EGFR
GO_Biological_Process_2023,"DNA Damage Response, Signal Transduction Resulting In Transcription (GO:0042772)",1/9,0.0044918441075108,0.0215858064055381,0,0,277.52777777777777,1500.1741678966396,TP53
GO_Biological_Process_2023,Excitatory Synapse Assembly (GO:1904861),1/9,0.0044918441075108,0.0215858064055381,0,0,277.52777777777777,1500.1741678966396,PTEN
GO_Biological_Process_2023,Telomere Maintenance Via Recombination (GO:0000722),1/9,0.0044918441075108,0.0215858064055381,0,0,277.52777777777777,1500.1741678966396,PTEN
GO_Biological_Process_2023,Negative Regulation Of Phosphatidylinositol 3-Kinase Signaling (GO:0014067),1/9,0.0044918441075108,0.0215858064055381,0,0,277.52777777777777,1500.1741678966396,PTEN
GO_Biological_Process_2023,Hematopoietic Stem Cell Differentiation (GO:0060218),1/9,0.0044918441075108,0.0215858064055381,0,0,277.52777777777777,1500.1741678966396,TP53
GO_Biological_Process_2023,Adrenal Gland Development (GO:0030325),1/9,0.0044918441075108,0.0215858064055381,0,0,277.52777777777777,1500.1741678966396,NF1
GO_Biological_Process_2023,Negative Regulation Of Telomerase Activity (GO:0051974),1/9,0.0044918441075108,0.0215858064055381,0,0,277.52777777777777,1500.1741678966396,TP53
GO_Biological_Process_2023,Presynaptic Membrane Organization (GO:0097090),1/9,0.0044918441075108,0.0215858064055381,0,0,277.52777777777777,1500.1741678966396,PTEN
GO_Biological_Process_2023,Calcium Ion Transport Into Cytosol (GO:0060402),1/9,0.0044918441075108,0.0215858064055381,0,0,277.52777777777777,1500.1741678966396,RYR2
GO_Biological_Process_2023,Camera-Type Eye Morphogenesis (GO:0048593),1/9,0.0044918441075108,0.0215858064055381,0,0,277.52777777777777,1500.1741678966396,NF1
GO_Biological_Process_2023,Regulation Of Sequestering Of Calcium Ion (GO:0051282),1/9,0.0044918441075108,0.0215858064055381,0,0,277.52777777777777,1500.1741678966396,RYR2
GO_Biological_Process_2023,Cellular Response To Purine-Containing Compound (GO:0071415),1/9,0.0044918441075108,0.0215858064055381,0,0,277.52777777777777,1500.1741678966396,RYR2
GO_Biological_Process_2023,Positive Regulation Of T Cell Apoptotic Process (GO:0070234),1/9,0.0044918441075108,0.0215858064055381,0,0,277.52777777777777,1500.1741678966396,TP53
GO_Biological_Process_2023,Myelin Maintenance (GO:0043217),1/9,0.0044918441075108,0.0215858064055381,0,0,277.52777777777777,1500.1741678966396,PTEN
GO_Biological_Process_2023,Smooth Muscle Tissue Development (GO:0048745),1/9,0.0044918441075108,0.0215858064055381,0,0,277.52777777777777,1500.1741678966396,NF1
GO_Biological_Process_2023,Negative Regulation Of Cell Differentiation (GO:0045596),2/207,0.0045420212998718,0.021626688574619,0,0,24.12804878048781,130.15593968187437,PTEN;EGFR
GO_Biological_Process_2023,Epithelial Cell Apoptotic Process (GO:1904019),1/10,0.0049898178893478,0.0227168024962415,0,0,246.679012345679,1307.4865498601448,RYR2
GO_Biological_Process_2023,Positive Regulation Of Transcription From RNA Polymerase II Promoter In Response To Endoplasmic Reticulum Stress (GO:1990440),1/10,0.0049898178893478,0.0227168024962415,0,0,246.679012345679,1307.4865498601448,TP53
GO_Biological_Process_2023,Mitotic G1/S Transition Checkpoint Signaling (GO:0044819),1/10,0.0049898178893478,0.0227168024962415,0,0,246.679012345679,1307.4865498601448,TP53
GO_Biological_Process_2023,Positive Regulation Of Cellular Senescence (GO:2000774),1/10,0.0049898178893478,0.0227168024962415,0,0,246.679012345679,1307.4865498601448,TP53
GO_Biological_Process_2023,Sarcoplasmic Reticulum Calcium Ion Transport (GO:0070296),1/10,0.0049898178893478,0.0227168024962415,0,0,246.679012345679,1307.4865498601448,RYR2
GO_Biological_Process_2023,Regulation Of Cell Growth (GO:0001558),2/227,0.0054353521983607,0.023345229449891,0,0,21.961111111111112,114.52348210752533,TP53;EGFR
GO_Biological_Process_2023,Visual Learning (GO:0008542),1/11,0.0054875676690229,0.023345229449891,0,0,222.0,1155.5699775561973,NF1
GO_Biological_Process_2023,Regulation Of Keratinocyte Migration (GO:0051547),1/11,0.0054875676690229,0.023345229449891,0,0,222.0,1155.5699775561973,PTEN
GO_Biological_Process_2023,Brain Morphogenesis (GO:0048854),1/11,0.0054875676690229,0.023345229449891,0,0,222.0,1155.5699775561973,PTEN
GO_Biological_Process_2023,Central Nervous System Myelination (GO:0022010),1/11,0.0054875676690229,0.023345229449891,0,0,222.0,1155.5699775561973,PTEN
GO_Biological_Process_2023,Central Nervous System Neuron Axonogenesis (GO:0021955),1/11,0.0054875676690229,0.023345229449891,0,0,222.0,1155.5699775561973,PTEN
GO_Biological_Process_2023,Regulation Of Ventricular Cardiac Muscle Cell Action Potential (GO:0098911),1/11,0.0054875676690229,0.023345229449891,0,0,222.0,1155.5699775561973,RYR2
GO_Biological_Process_2023,Regulation Of Cell Population Proliferation (GO:0042127),3/766,0.005487703261824,0.023345229449891,0,0,10.79966298445984,56.21489672357707,PTEN;TP53;EGFR
GO_Biological_Process_2023,Negative Regulation Of Intracellular Signal Transduction (GO:1902532),2/231,0.0056230189361827,0.023535055063539,0,0,21.573144104803493,111.7680128251617,PTEN;NF1
GO_Biological_Process_2023,Negative Regulation Of Multicellular Organismal Process (GO:0051241),2/231,0.0056230189361827,0.023535055063539,0,0,21.573144104803493,111.7680128251617,PTEN;EGFR
GO_Biological_Process_2023,Spinal Cord Development (GO:0021510),1/12,0.0059850935124877,0.0238943348690857,0,0,201.8080808080808,1032.9512945731403,NF1
GO_Biological_Process_2023,Regulation Of Monooxygenase Activity (GO:0032768),1/12,0.0059850935124877,0.0238943348690857,0,0,201.8080808080808,1032.9512945731403,EGFR
GO_Biological_Process_2023,Regulation Of Transcription From RNA Polymerase II Promoter In Response To Stress (GO:0043618),1/12,0.0059850935124877,0.0238943348690857,0,0,201.8080808080808,1032.9512945731403,TP53
GO_Biological_Process_2023,Myelination In Peripheral Nervous System (GO:0022011),1/12,0.0059850935124877,0.0238943348690857,0,0,201.8080808080808,1032.9512945731403,NF1
GO_Biological_Process_2023,Detection Of Calcium Ion (GO:0005513),1/12,0.0059850935124877,0.0238943348690857,0,0,201.8080808080808,1032.9512945731403,RYR2
GO_Biological_Process_2023,Negative Regulation Of Cell Cycle Phase Transition (GO:1901988),1/12,0.0059850935124877,0.0238943348690857,0,0,201.8080808080808,1032.9512945731403,PTEN
GO_Biological_Process_2023,Regulation Of ERK1 And ERK2 Cascade (GO:0070372),2/244,0.0062534383330884,0.0245573960610747,0,0,20.40082644628099,103.52652010142782,PTEN;EGFR
GO_Biological_Process_2023,Positive Regulation Of Programmed Cell Death (GO:0043068),2/245,0.0063032242642564,0.0245573960610747,0,0,20.31584362139918,102.93416274838243,NF1;TP53
GO_Biological_Process_2023,ERBB2 Signaling Pathway (GO:0038128),1/13,0.006482395492037,0.0245573960610747,0,0,184.9814814814815,932.059746399125,EGFR
GO_Biological_Process_2023,Cardiac Left Ventricle Morphogenesis (GO:0003214),1/13,0.006482395492037,0.0245573960610747,0,0,184.9814814814815,932.059746399125,RYR2
GO_Biological_Process_2023,Peptidyl-Tyrosine Autophosphorylation (GO:0038083),1/13,0.006482395492037,0.0245573960610747,0,0,184.9814814814815,932.059746399125,EGFR
GO_Biological_Process_2023,Response To UV-A (GO:0070141),1/13,0.006482395492037,0.0245573960610747,0,0,184.9814814814815,932.059746399125,EGFR
GO_Biological_Process_2023,Positive Regulation Of Cyclase Activity (GO:0031281),1/13,0.006482395492037,0.0245573960610747,0,0,184.9814814814815,932.059746399125,NF1
GO_Biological_Process_2023,Positive Regulation Of Lyase Activity (GO:0051349),1/14,0.0069794736802133,0.0249750062478395,0,0,170.74358974358975,847.7046615380154,NF1
GO_Biological_Process_2023,Cardiac Cell Development (GO:0055006),1/14,0.0069794736802133,0.0249750062478395,0,0,170.74358974358975,847.7046615380154,TTN
GO_Biological_Process_2023,Mitotic Recombination (GO:0006312),1/14,0.0069794736802133,0.0249750062478395,0,0,170.74358974358975,847.7046615380154,PTEN
GO_Biological_Process_2023,Regulation Of Bone Remodeling (GO:0046850),1/14,0.0069794736802133,0.0249750062478395,0,0,170.74358974358975,847.7046615380154,NF1
GO_Biological_Process_2023,Negative Regulation Of Focal Adhesion Assembly (GO:0051895),1/15,0.0074763281564485,0.0249750062478395,0,0,158.53968253968253,776.212425317664,PTEN
GO_Biological_Process_2023,DNA Alkylation (GO:0006305),1/15,0.0074763281564485,0.0249750062478395,0,0,158.53968253968253,776.212425317664,ATRX
GO_Biological_Process_2023,Sympathetic Nervous System Development (GO:0048485),1/15,0.0074763281564485,0.0249750062478395,0,0,158.53968253968253,776.212425317664,NF1
GO_Biological_Process_2023,Astrocyte Development (GO:0014002),1/15,0.0074763281564485,0.0249750062478395,0,0,158.53968253968253,776.212425317664,NF1
GO_Biological_Process_2023,Presynapse Assembly (GO:0099054),1/15,0.0074763281564485,0.0249750062478395,0,0,158.53968253968253,776.212425317664,PTEN
GO_Biological_Process_2023,Cardiac Myofibril Assembly (GO:0055003),1/15,0.0074763281564485,0.0249750062478395,0,0,158.53968253968253,776.212425317664,TTN
GO_Biological_Process_2023,"Protein Localization To Chromosome, Telomeric Region (GO:0070198)",1/15,0.0074763281564485,0.0249750062478395,0,0,158.53968253968253,776.212425317664,ATRX
GO_Biological_Process_2023,Mitotic Chromosome Condensation (GO:0007076),1/15,0.0074763281564485,0.0249750062478395,0,0,158.53968253968253,776.212425317664,TTN
GO_Biological_Process_2023,Dendritic Spine Morphogenesis (GO:0060997),1/15,0.0074763281564485,0.0249750062478395,0,0,158.53968253968253,776.212425317664,PTEN
GO_Biological_Process_2023,Positive Regulation Of Cyclin-Dependent Protein Serine/Threonine Kinase Activity (GO:0045737),1/15,0.0074763281564485,0.0249750062478395,0,0,158.53968253968253,776.212425317664,EGFR
GO_Biological_Process_2023,Negative Regulation Of Cell-Substrate Junction Organization (GO:0150118),1/15,0.0074763281564485,0.0249750062478395,0,0,158.53968253968253,776.212425317664,PTEN
GO_Biological_Process_2023,Positive Regulation Of Apoptotic Process (GO:0043065),2/270,0.0076071972791003,0.0249750062478395,0,0,18.39738805970149,89.75460986732321,NF1;TP53
GO_Biological_Process_2023,Establishment Of Protein Localization To Endoplasmic Reticulum (GO:0072599),1/16,0.0079729589968486,0.0249750062478395,0,0,147.96296296296296,714.9125872208035,RYR2
GO_Biological_Process_2023,Autonomic Nervous System Development (GO:0048483),1/16,0.0079729589968486,0.0249750062478395,0,0,147.96296296296296,714.9125872208035,NF1
GO_Biological_Process_2023,Cell Communication By Electrical Coupling Involved In Cardiac Conduction (GO:0086064),1/16,0.0079729589968486,0.0249750062478395,0,0,147.96296296296296,714.9125872208035,RYR2
GO_Biological_Process_2023,Protein Kinase A Signaling (GO:0010737),1/16,0.0079729589968486,0.0249750062478395,0,0,147.96296296296296,714.9125872208035,TTN
GO_Biological_Process_2023,Protein Localization To Endoplasmic Reticulum (GO:0070972),1/16,0.0079729589968486,0.0249750062478395,0,0,147.96296296296296,714.9125872208035,RYR2
GO_Biological_Process_2023,Phosphatidylinositol Dephosphorylation (GO:0046856),1/16,0.0079729589968486,0.0249750062478395,0,0,147.96296296296296,714.9125872208035,PTEN
GO_Biological_Process_2023,Cellular Response To Gamma Radiation (GO:0071480),1/16,0.0079729589968486,0.0249750062478395,0,0,147.96296296296296,714.9125872208035,TP53
GO_Biological_Process_2023,Cellular Response To Nitrogen Compound (GO:1901699),1/16,0.0079729589968486,0.0249750062478395,0,0,147.96296296296296,714.9125872208035,ATRX
GO_Biological_Process_2023,Negative Regulation Of ATP-dependent Activity (GO:0032780),1/16,0.0079729589968486,0.0249750062478395,0,0,147.96296296296296,714.9125872208035,TP53
GO_Biological_Process_2023,Regulation Of Cardiac Muscle Contraction By Regulation Of The Release Of Sequestered Calcium Ion (GO:0010881),1/16,0.0079729589968486,0.0249750062478395,0,0,147.96296296296296,714.9125872208035,RYR2
GO_Biological_Process_2023,Central Nervous System Development (GO:0007417),2/283,0.008329846656493,0.0249750062478395,0,0,17.534697508896798,83.95455761010562,PTEN;NF1
GO_Biological_Process_2023,Positive Regulation Of Heart Rate (GO:0010460),1/17,0.0084693662805775,0.0249750062478395,0,0,138.70833333333334,661.8190142974174,RYR2
GO_Biological_Process_2023,"DNA Damage Response, Signal Transduction By P53 Class Mediator Resulting In Cell Cycle Arrest (GO:0006977)",1/17,0.0084693662805775,0.0249750062478395,0,0,138.70833333333334,661.8190142974174,TP53
GO_Biological_Process_2023,Ventricular Cardiac Muscle Cell Action Potential (GO:0086005),1/17,0.0084693662805775,0.0249750062478395,0,0,138.70833333333334,661.8190142974174,RYR2
GO_Biological_Process_2023,Negative Regulation Of Vascular Associated Smooth Muscle Cell Proliferation (GO:1904706),1/17,0.0084693662805775,0.0249750062478395,0,0,138.70833333333334,661.8190142974174,PTEN
GO_Biological_Process_2023,Positive Regulation Of Transcription From RNA Polymerase II Promoter In Response To Stress (GO:0036003),1/17,0.0084693662805775,0.0249750062478395,0,0,138.70833333333334,661.8190142974174,TP53
GO_Biological_Process_2023,Cellular Response To Alkaloid (GO:0071312),1/17,0.0084693662805775,0.0249750062478395,0,0,138.70833333333334,661.8190142974174,RYR2
GO_Biological_Process_2023,Regulation Of Ubiquitin Protein Ligase Activity (GO:1904666),1/17,0.0084693662805775,0.0249750062478395,0,0,138.70833333333334,661.8190142974174,PTEN
GO_Biological_Process_2023,Central Nervous System Neuron Development (GO:0021954),1/17,0.0084693662805775,0.0249750062478395,0,0,138.70833333333334,661.8190142974174,PTEN
GO_Biological_Process_2023,Muscle Tissue Morphogenesis (GO:0060415),1/17,0.0084693662805775,0.0249750062478395,0,0,138.70833333333334,661.8190142974174,TTN
GO_Biological_Process_2023,Regulation Of Adenylate Cyclase Activity (GO:0045761),1/17,0.0084693662805775,0.0249750062478395,0,0,138.70833333333334,661.8190142974174,NF1
GO_Biological_Process_2023,Embryonic Heart Tube Development (GO:0035050),1/17,0.0084693662805775,0.0249750062478395,0,0,138.70833333333334,661.8190142974174,RYR2
GO_Biological_Process_2023,Negative Regulation Of Cellular Senescence (GO:2000773),1/17,0.0084693662805775,0.0249750062478395,0,0,138.70833333333334,661.8190142974174,PTEN
GO_Biological_Process_2023,DNA Repair (GO:0006281),2/291,0.0087895152963941,0.0251520026943096,0,0,17.042387543252595,80.68199801967077,ATRX;TP53
GO_Biological_Process_2023,Associative Learning (GO:0008306),1/18,0.0089655500933473,0.0251520026943096,0,0,130.54248366013073,615.425022203049,NF1
GO_Biological_Process_2023,Regulation Of Oligodendrocyte Differentiation (GO:0048713),1/18,0.0089655500933473,0.0251520026943096,0,0,130.54248366013073,615.425022203049,NF1
GO_Biological_Process_2023,Cellular Response To Inorganic Substance (GO:0071241),1/18,0.0089655500933473,0.0251520026943096,0,0,130.54248366013073,615.425022203049,ATRX
GO_Biological_Process_2023,Positive Regulation Of DNA Replication (GO:0045740),1/18,0.0089655500933473,0.0251520026943096,0,0,130.54248366013073,615.425022203049,EGFR
GO_Biological_Process_2023,Negative Regulation Of ERBB Signaling Pathway (GO:1901185),1/18,0.0089655500933473,0.0251520026943096,0,0,130.54248366013073,615.425022203049,EGFR
GO_Biological_Process_2023,Detection Of Mechanical Stimulus (GO:0050982),1/18,0.0089655500933473,0.0251520026943096,0,0,130.54248366013073,615.425022203049,TTN
GO_Biological_Process_2023,Positive Regulation Of Cyclin-Dependent Protein Kinase Activity (GO:1904031),1/18,0.0089655500933473,0.0251520026943096,0,0,130.54248366013073,615.425022203049,EGFR
GO_Biological_Process_2023,Regulation Of Cell Cycle G2/M Phase Transition (GO:1902749),1/18,0.0089655500933473,0.0251520026943096,0,0,130.54248366013073,615.425022203049,TP53
GO_Biological_Process_2023,Regulation Of Intracellular Signal Transduction (GO:1902531),2/297,0.0091416889745102,0.0255082611708109,0,0,16.690677966101696,78.36123291363853,PTEN;EGFR
GO_Biological_Process_2023,Eye Morphogenesis (GO:0048592),1/19,0.0094615105123957,0.0255756456038197,0,0,123.28395061728396,574.5677163606151,NF1
GO_Biological_Process_2023,Negative Regulation Of Peptidyl-Serine Phosphorylation (GO:0033137),1/19,0.0094615105123957,0.0255756456038197,0,0,123.28395061728396,574.5677163606151,PTEN
GO_Biological_Process_2023,Intrinsic Apoptotic Signaling Pathway In Response To DNA Damage By P53 Class Mediator (GO:0042771),1/19,0.0094615105123957,0.0255756456038197,0,0,123.28395061728396,574.5677163606151,TP53
GO_Biological_Process_2023,Protein Insertion Into Membrane (GO:0051205),1/19,0.0094615105123957,0.0255756456038197,0,0,123.28395061728396,574.5677163606151,EGFR
GO_Biological_Process_2023,Cellular Response To Catecholamine Stimulus (GO:0071870),1/19,0.0094615105123957,0.0255756456038197,0,0,123.28395061728396,574.5677163606151,RYR2
GO_Biological_Process_2023,Negative Regulation Of Cyclin-Dependent Protein Serine/Threonine Kinase Activity (GO:0045736),1/19,0.0094615105123957,0.0255756456038197,0,0,123.28395061728396,574.5677163606151,PTEN
GO_Biological_Process_2023,Positive Regulation Of Transcription By RNA Polymerase II (GO:0045944),3/938,0.0096304779738769,0.025897502945296,0,0,8.73414820473644,40.55109910947962,ATRX;TP53;EGFR
GO_Biological_Process_2023,DNA Methylation (GO:0006306),1/20,0.0099572476243861,0.0259689020957609,0,0,116.78947368421052,538.3357753631753,ATRX
GO_Biological_Process_2023,Calcium-Mediated Signaling Using Intracellular Calcium Source (GO:0035584),1/20,0.0099572476243861,0.0259689020957609,0,0,116.78947368421052,538.3357753631753,RYR2
GO_Biological_Process_2023,Peripheral Nervous System Development (GO:0007422),1/20,0.0099572476243861,0.0259689020957609,0,0,116.78947368421052,538.3357753631753,NF1
GO_Biological_Process_2023,Cellular Response To Estradiol Stimulus (GO:0071392),1/20,0.0099572476243861,0.0259689020957609,0,0,116.78947368421052,538.3357753631753,EGFR
GO_Biological_Process_2023,Regulation Of Cardiac Muscle Contraction By Calcium Ion Signaling (GO:0010882),1/20,0.0099572476243861,0.0259689020957609,0,0,116.78947368421052,538.3357753631753,RYR2
GO_Biological_Process_2023,Negative Regulation Of Cyclin-Dependent Protein Kinase Activity (GO:1904030),1/20,0.0099572476243861,0.0259689020957609,0,0,116.78947368421052,538.3357753631753,PTEN
GO_Biological_Process_2023,Positive Regulation Of Heart Contraction (GO:0045823),1/21,0.0104527615118676,0.0268563525973233,0,0,110.94444444444444,506.0053047065427,RYR2
GO_Biological_Process_2023,Response To Cadmium Ion (GO:0046686),1/21,0.0104527615118676,0.0268563525973233,0,0,110.94444444444444,506.0053047065427,EGFR
GO_Biological_Process_2023,Regulation Of Cardiac Conduction (GO:1903779),1/21,0.0104527615118676,0.0268563525973233,0,0,110.94444444444444,506.0053047065427,RYR2
GO_Biological_Process_2023,Regulation Of Release Of Sequestered Calcium Ion Into Cytosol By Sarcoplasmic Reticulum (GO:0010880),1/22,0.0109480522580432,0.027449464357123,0,0,105.65608465608466,476.9942956890701,RYR2
GO_Biological_Process_2023,Cellular Response To Cadmium Ion (GO:0071276),1/22,0.0109480522580432,0.027449464357123,0,0,105.65608465608466,476.9942956890701,EGFR
GO_Biological_Process_2023,Response To Gamma Radiation (GO:0010332),1/22,0.0109480522580432,0.027449464357123,0,0,105.65608465608466,476.9942956890701,TP53
GO_Biological_Process_2023,Negative Regulation Of Axonogenesis (GO:0050771),1/22,0.0109480522580432,0.027449464357123,0,0,105.65608465608466,476.9942956890701,PTEN
GO_Biological_Process_2023,Positive Regulation Of Excitatory Postsynaptic Potential (GO:2000463),1/22,0.0109480522580432,0.027449464357123,0,0,105.65608465608466,476.9942956890701,PTEN
GO_Biological_Process_2023,Negative Regulation Of Epidermal Growth Factor Receptor Signaling Pathway (GO:0042059),1/23,0.0114431199495764,0.0277522395038792,0,0,100.84848484848484,450.8296990682604,EGFR
GO_Biological_Process_2023,Glial Cell Development (GO:0021782),1/23,0.0114431199495764,0.0277522395038792,0,0,100.84848484848484,450.8296990682604,NF1
GO_Biological_Process_2023,Positive Regulation Of Neuron Apoptotic Process (GO:0043525),1/23,0.0114431199495764,0.0277522395038792,0,0,100.84848484848484,450.8296990682604,NF1
GO_Biological_Process_2023,Hepaticobiliary System Development (GO:0061008),1/23,0.0114431199495764,0.0277522395038792,0,0,100.84848484848484,450.8296990682604,NF1
GO_Biological_Process_2023,Artery Development (GO:0060840),1/23,0.0114431199495764,0.0277522395038792,0,0,100.84848484848484,450.8296990682604,NF1
GO_Biological_Process_2023,Endocrine System Development (GO:0035270),1/23,0.0114431199495764,0.0277522395038792,0,0,100.84848484848484,450.8296990682604,NF1
GO_Biological_Process_2023,Entrainment Of Circadian Clock By Photoperiod (GO:0043153),1/23,0.0114431199495764,0.0277522395038792,0,0,100.84848484848484,450.8296990682604,TP53
GO_Biological_Process_2023,Regulation Of Execution Phase Of Apoptosis (GO:1900117),1/24,0.0119379646683197,0.0281627439220816,0,0,96.45893719806764,427.1232267263204,TP53
GO_Biological_Process_2023,Regulation Of Neuroblast Proliferation (GO:1902692),1/24,0.0119379646683197,0.0281627439220816,0,0,96.45893719806764,427.1232267263204,NF1
GO_Biological_Process_2023,Protein Kinase B Signaling (GO:0043491),1/24,0.0119379646683197,0.0281627439220816,0,0,96.45893719806764,427.1232267263204,PTEN
GO_Biological_Process_2023,Photoperiodism (GO:0009648),1/24,0.0119379646683197,0.0281627439220816,0,0,96.45893719806764,427.1232267263204,TP53
GO_Biological_Process_2023,Response To Purine-Containing Compound (GO:0014074),1/24,0.0119379646683197,0.0281627439220816,0,0,96.45893719806764,427.1232267263204,RYR2
GO_Biological_Process_2023,Negative Regulation Of Cell Junction Assembly (GO:1901889),1/24,0.0119379646683197,0.0281627439220816,0,0,96.45893719806764,427.1232267263204,PTEN
GO_Biological_Process_2023,Positive Regulation Of Release Of Cytochrome C From Mitochondria (GO:0090200),1/25,0.0124325865055395,0.0287944441911578,0,0,92.4351851851852,405.55330287566494,TP53
GO_Biological_Process_2023,Metanephros Development (GO:0001656),1/25,0.0124325865055395,0.0287944441911578,0,0,92.4351851851852,405.55330287566494,NF1
GO_Biological_Process_2023,Regulation Of Cell Cycle Phase Transition (GO:1901987),1/25,0.0124325865055395,0.0287944441911578,0,0,92.4351851851852,405.55330287566494,TP53
GO_Biological_Process_2023,Regulation Of Cell Size (GO:0008361),1/25,0.0124325865055395,0.0287944441911578,0,0,92.4351851851852,405.55330287566494,PTEN
GO_Biological_Process_2023,Protein Localization (GO:0008104),2/351,0.0125919194537054,0.0287944441911578,0,0,14.06948424068768,61.54977248194865,TP53;EGFR
GO_Biological_Process_2023,Camera-Type Eye Development (GO:0043010),1/26,0.0129269855424658,0.0287944441911578,0,0,88.73333333333333,385.85142072369416,NF1
GO_Biological_Process_2023,Cardiac Muscle Cell Development (GO:0055013),1/26,0.0129269855424658,0.0287944441911578,0,0,88.73333333333333,385.85142072369416,TTN
GO_Biological_Process_2023,Mitotic G1 DNA Damage Checkpoint Signaling (GO:0031571),1/26,0.0129269855424658,0.0287944441911578,0,0,88.73333333333333,385.85142072369416,TP53
GO_Biological_Process_2023,Cellular Response To Xenobiotic Stimulus (GO:0071466),1/26,0.0129269855424658,0.0287944441911578,0,0,88.73333333333333,385.85142072369416,TP53
GO_Biological_Process_2023,Positive Regulation Of Adenylate Cyclase Activity (GO:0045762),1/26,0.0129269855424658,0.0287944441911578,0,0,88.73333333333333,385.85142072369416,NF1
GO_Biological_Process_2023,Dendritic Spine Organization (GO:0097061),1/26,0.0129269855424658,0.0287944441911578,0,0,88.73333333333333,385.85142072369416,PTEN
GO_Biological_Process_2023,Negative Regulation Of Catalytic Activity (GO:0043086),1/26,0.0129269855424658,0.0287944441911578,0,0,88.73333333333333,385.85142072369416,TP53
GO_Biological_Process_2023,Regulation Of Cardiac Muscle Cell Contraction (GO:0086004),1/26,0.0129269855424658,0.0287944441911578,0,0,88.73333333333333,385.85142072369416,RYR2
GO_Biological_Process_2023,Activation Of Phospholipase C Activity (GO:0007202),1/27,0.0134211618656948,0.0292671554970404,0,0,85.31623931623932,367.7917019980768,EGFR
GO_Biological_Process_2023,Positive Regulation Of Ubiquitin-Protein Transferase Activity (GO:0051443),1/27,0.0134211618656948,0.0292671554970404,0,0,85.31623931623932,367.7917019980768,PTEN
GO_Biological_Process_2023,Cardiac Muscle Cell Differentiation (GO:0055007),1/27,0.0134211618656948,0.0292671554970404,0,0,85.31623931623932,367.7917019980768,TTN
GO_Biological_Process_2023,Cellular Response To Epidermal Growth Factor Stimulus (GO:0071364),1/27,0.0134211618656948,0.0292671554970404,0,0,85.31623931623932,367.7917019980768,EGFR
GO_Biological_Process_2023,Positive Regulation Of Calcium Ion Transmembrane Transporter Activity (GO:1901021),1/27,0.0134211618656948,0.0292671554970404,0,0,85.31623931623932,367.7917019980768,RYR2
GO_Biological_Process_2023,Positive Regulation Of Macromolecule Metabolic Process (GO:0010604),2/364,0.0134963782144593,0.0293080347000183,0,0,13.55524861878453,58.35987153614481,TP53;TTN
GO_Biological_Process_2023,Hematopoietic Progenitor Cell Differentiation (GO:0002244),1/28,0.0139151155631478,0.0294773264378519,0,0,82.1522633744856,351.18281785053944,TP53
GO_Biological_Process_2023,Negative Regulation Of Wound Healing (GO:0061045),1/28,0.0139151155631478,0.0294773264378519,0,0,82.1522633744856,351.18281785053944,PTEN
GO_Biological_Process_2023,Regulation Of Nitric-Oxide Synthase Activity (GO:0050999),1/28,0.0139151155631478,0.0294773264378519,0,0,82.1522633744856,351.18281785053944,EGFR
GO_Biological_Process_2023,Regulation Of Plasma Membrane Bounded Cell Projection Organization (GO:0120035),1/28,0.0139151155631478,0.0294773264378519,0,0,82.1522633744856,351.18281785053944,PTEN
GO_Biological_Process_2023,Regulation Of Bone Resorption (GO:0045124),1/28,0.0139151155631478,0.0294773264378519,0,0,82.1522633744856,351.18281785053944,NF1
GO_Biological_Process_2023,Regulation Of Cardiac Muscle Cell Action Potential (GO:0098901),1/28,0.0139151155631478,0.0294773264378519,0,0,82.1522633744856,351.18281785053944,RYR2
GO_Biological_Process_2023,Regulation Of Striated Muscle Contraction (GO:0006942),1/29,0.0144088467211374,0.0300388649464948,0,0,79.21428571428571,335.8616722924233,RYR2
GO_Biological_Process_2023,Sarcomere Organization (GO:0045214),1/29,0.0144088467211374,0.0300388649464948,0,0,79.21428571428571,335.8616722924233,TTN
GO_Biological_Process_2023,Positive Regulation Of Protein Phosphorylation (GO:0001934),2/377,0.0144288204563786,0.0300388649464948,0,0,13.076666666666666,55.425813262550776,TP53;EGFR
GO_Biological_Process_2023,Negative Regulation Of Programmed Cell Death (GO:0043069),2/381,0.0147213053222768,0.0300388649464948,0,0,12.936015831134563,54.570058782220976,TP53;EGFR
GO_Biological_Process_2023,Negative Regulation Of Epithelial To Mesenchymal Transition (GO:0010719),1/30,0.0149023554252653,0.0300388649464948,0,0,76.47892720306514,321.6884165593148,PTEN
GO_Biological_Process_2023,Regulation Of Dendritic Spine Morphogenesis (GO:0061001),1/30,0.0149023554252653,0.0300388649464948,0,0,76.47892720306514,321.6884165593148,PTEN
GO_Biological_Process_2023,Positive Regulation Of Phosphate Metabolic Process (GO:0045937),1/30,0.0149023554252653,0.0300388649464948,0,0,76.47892720306514,321.6884165593148,EGFR
GO_Biological_Process_2023,Artery Morphogenesis (GO:0048844),1/30,0.0149023554252653,0.0300388649464948,0,0,76.47892720306514,321.6884165593148,NF1
GO_Biological_Process_2023,Cardiac Muscle Cell Action Potential Involved In Contraction (GO:0086002),1/30,0.0149023554252653,0.0300388649464948,0,0,76.47892720306514,321.6884165593148,RYR2
GO_Biological_Process_2023,Phospholipid Dephosphorylation (GO:0046839),1/30,0.0149023554252653,0.0300388649464948,0,0,76.47892720306514,321.6884165593148,PTEN
GO_Biological_Process_2023,Regulation Of Vasculature Development (GO:1901342),1/30,0.0149023554252653,0.0300388649464948,0,0,76.47892720306514,321.6884165593148,NF1
GO_Biological_Process_2023,Response To Epidermal Growth Factor (GO:0070849),1/30,0.0149023554252653,0.0300388649464948,0,0,76.47892720306514,321.6884165593148,EGFR
GO_Biological_Process_2023,DNA Damage Response (GO:0006974),2/384,0.0149423817728962,0.0300388649464948,0,0,12.832460732984291,53.94193765865227,ATRX;TP53
GO_Biological_Process_2023,Negative Regulation Of Developmental Growth (GO:0048640),1/31,0.0153956417644848,0.0300388649464948,0,0,73.92592592592592,308.5424792813036,PTEN
GO_Biological_Process_2023,Positive Regulation Of Proteolysis Involved In Protein Catabolic Process (GO:1903052),1/31,0.0153956417644848,0.0300388649464948,0,0,73.92592592592592,308.5424792813036,PTEN
GO_Biological_Process_2023,Cardiac Muscle Tissue Morphogenesis (GO:0055008),1/31,0.0153956417644848,0.0300388649464948,0,0,73.92592592592592,308.5424792813036,TTN
GO_Biological_Process_2023,Modulation Of Excitatory Postsynaptic Potential (GO:0098815),1/31,0.0153956417644848,0.0300388649464948,0,0,73.92592592592592,308.5424792813036,PTEN
GO_Biological_Process_2023,Positive Regulation Of G1/S Transition Of Mitotic Cell Cycle (GO:1900087),1/31,0.0153956417644848,0.0300388649464948,0,0,73.92592592592592,308.5424792813036,EGFR
GO_Biological_Process_2023,Response To Estradiol (GO:0032355),1/31,0.0153956417644848,0.0300388649464948,0,0,73.92592592592592,308.5424792813036,EGFR
GO_Biological_Process_2023,Negative Regulation Of DNA Biosynthetic Process (GO:2000279),1/31,0.0153956417644848,0.0300388649464948,0,0,73.92592592592592,308.5424792813036,TP53
GO_Biological_Process_2023,Negative Regulation Of Cell-Matrix Adhesion (GO:0001953),1/31,0.0153956417644848,0.0300388649464948,0,0,73.92592592592592,308.5424792813036,PTEN
GO_Biological_Process_2023,Regulation Of Gene Expression (GO:0010468),3/1127,0.0158858351385992,0.030541623417367,0,0,7.193441789527199,29.797591302761145,ATRX;TP53;TTN
GO_Biological_Process_2023,Muscle Cell Development (GO:0055001),1/32,0.0158887058240637,0.030541623417367,0,0,71.53763440860214,296.3193797028303,TTN
GO_Biological_Process_2023,Chromosome Condensation (GO:0030261),1/32,0.0158887058240637,0.030541623417367,0,0,71.53763440860214,296.3193797028303,TTN
GO_Biological_Process_2023,Negative Regulation Of G1/S Transition Of Mitotic Cell Cycle (GO:2000134),1/32,0.0158887058240637,0.030541623417367,0,0,71.53763440860214,296.3193797028303,PTEN
GO_Biological_Process_2023,Epithelial Tube Morphogenesis (GO:0060562),1/33,0.0163815476907073,0.0310292819396974,0,0,69.29861111111111,284.9281499305533,RYR2
GO_Biological_Process_2023,Negative Regulation Of Epithelial Cell Migration (GO:0010633),1/33,0.0163815476907073,0.0310292819396974,0,0,69.29861111111111,284.9281499305533,PTEN
GO_Biological_Process_2023,Ventricular Cardiac Muscle Tissue Morphogenesis (GO:0055010),1/33,0.0163815476907073,0.0310292819396974,0,0,69.29861111111111,284.9281499305533,RYR2
GO_Biological_Process_2023,Positive Regulation Of Chromosome Organization (GO:2001252),1/33,0.0163815476907073,0.0310292819396974,0,0,69.29861111111111,284.9281499305533,ATRX
GO_Biological_Process_2023,Transcription Initiation-Coupled Chromatin Remodeling (GO:0045815),1/34,0.0168741674533513,0.0316162198855212,0,0,67.1952861952862,274.2892350890436,TP53
GO_Biological_Process_2023,Positive Regulation Of Neuron Death (GO:1901216),1/34,0.0168741674533513,0.0316162198855212,0,0,67.1952861952862,274.2892350890436,NF1
GO_Biological_Process_2023,Negative Regulation Of Cell Cycle Process (GO:0010948),1/34,0.0168741674533513,0.0316162198855212,0,0,67.1952861952862,274.2892350890436,TP53
GO_Biological_Process_2023,Intrinsic Apoptotic Signaling Pathway By P53 Class Mediator (GO:0072332),1/35,0.0173665651965465,0.0319618699893887,0,0,65.2156862745098,264.33277144453854,TP53
GO_Biological_Process_2023,Liver Development (GO:0001889),1/35,0.0173665651965465,0.0319618699893887,0,0,65.2156862745098,264.33277144453854,NF1
GO_Biological_Process_2023,Dendrite Morphogenesis (GO:0048813),1/35,0.0173665651965465,0.0319618699893887,0,0,65.2156862745098,264.33277144453854,PTEN
GO_Biological_Process_2023,Negative Regulation Of Cell Cycle G1/S Phase Transition (GO:1902807),1/35,0.0173665651965465,0.0319618699893887,0,0,65.2156862745098,264.33277144453854,PTEN
GO_Biological_Process_2023,Regulation Of Cardiac Muscle Contraction (GO:0055117),1/35,0.0173665651965465,0.0319618699893887,0,0,65.2156862745098,264.33277144453854,RYR2
GO_Biological_Process_2023,Negative Regulation Of Protein Kinase B Signaling (GO:0051898),1/36,0.0178587410119325,0.0325217073164666,0,0,63.34920634920635,254.99716559529236,PTEN
GO_Biological_Process_2023,Positive Regulation Of Phospholipase C Activity (GO:0010863),1/36,0.0178587410119325,0.0325217073164666,0,0,63.34920634920635,254.99716559529236,EGFR
GO_Biological_Process_2023,Negative Regulation Of Sequestering Of Calcium Ion (GO:0051283),1/36,0.0178587410119325,0.0325217073164666,0,0,63.34920634920635,254.99716559529236,RYR2
GO_Biological_Process_2023,Negative Regulation Of Endothelial Cell Proliferation (GO:0001937),1/37,0.0183506949831896,0.0328414161940531,0,0,61.58641975308642,246.2279153977221,NF1
GO_Biological_Process_2023,Negative Regulation Of Smooth Muscle Cell Proliferation (GO:0048662),1/37,0.0183506949831896,0.0328414161940531,0,0,61.58641975308642,246.2279153977221,PTEN
GO_Biological_Process_2023,Negative Regulation Of Transferase Activity (GO:0051348),1/37,0.0183506949831896,0.0328414161940531,0,0,61.58641975308642,246.2279153977221,TP53
GO_Biological_Process_2023,Regulation Of Vascular Associated Smooth Muscle Cell Proliferation (GO:1904705),1/37,0.0183506949831896,0.0328414161940531,0,0,61.58641975308642,246.2279153977221,PTEN
GO_Biological_Process_2023,Muscle Tissue Development (GO:0060537),1/37,0.0183506949831896,0.0328414161940531,0,0,61.58641975308642,246.2279153977221,NF1
GO_Biological_Process_2023,Tumor Necrosis Factor-Mediated Signaling Pathway (GO:0033209),1/38,0.0188424272009397,0.0333761765095143,0,0,59.91891891891892,237.97662594437213,TP53
GO_Biological_Process_2023,Membrane Assembly (GO:0071709),1/38,0.0188424272009397,0.0333761765095143,0,0,59.91891891891892,237.97662594437213,PTEN
GO_Biological_Process_2023,Regulation Of Telomere Maintenance (GO:0032204),1/38,0.0188424272009397,0.0333761765095143,0,0,59.91891891891892,237.97662594437213,ATRX
GO_Biological_Process_2023,Positive Regulation Of Intrinsic Apoptotic Signaling Pathway (GO:2001244),1/39,0.0193339377497966,0.0337855679870184,0,0,58.33918128654971,230.20018425524987,TP53
GO_Biological_Process_2023,Negative Regulation Of Transport (GO:0051051),1/39,0.0193339377497966,0.0337855679870184,0,0,58.33918128654971,230.20018425524987,PTEN
GO_Biological_Process_2023,Positive Regulation Of ATP-dependent Activity (GO:0032781),1/39,0.0193339377497966,0.0337855679870184,0,0,58.33918128654971,230.20018425524987,RYR2
GO_Biological_Process_2023,Release Of Sequestered Calcium Ion Into Cytosol (GO:0051209),1/39,0.0193339377497966,0.0337855679870184,0,0,58.33918128654971,230.20018425524987,RYR2
GO_Biological_Process_2023,Regulation Of Cytosolic Calcium Ion Concentration (GO:0051480),1/40,0.019825226718581,0.0341836965679188,0,0,56.84045584045584,222.8600635525676,RYR2
GO_Biological_Process_2023,Negative Regulation Of Mitotic Cell Cycle Phase Transition (GO:1901991),1/40,0.019825226718581,0.0341836965679188,0,0,56.84045584045584,222.8600635525676,PTEN
GO_Biological_Process_2023,Protein Localization To Chromosome (GO:0034502),1/40,0.019825226718581,0.0341836965679188,0,0,56.84045584045584,222.8600635525676,ATRX
GO_Biological_Process_2023,Positive Regulation Of Cell Cycle G1/S Phase Transition (GO:1902808),1/40,0.019825226718581,0.0341836965679188,0,0,56.84045584045584,222.8600635525676,EGFR
GO_Biological_Process_2023,Stem Cell Differentiation (GO:0048863),1/41,0.0203162941970357,0.0347225628520339,0,0,55.41666666666666,215.92173416578157,TP53
GO_Biological_Process_2023,Regulation Of Release Of Cytochrome C From Mitochondria (GO:0090199),1/41,0.0203162941970357,0.0347225628520339,0,0,55.41666666666666,215.92173416578157,TP53
GO_Biological_Process_2023,Regulation Of Nucleic Acid-Templated Transcription (GO:1903506),2/452,0.0203384568535998,0.0347225628520339,0,0,10.855555555555556,42.28501331509392,ATRX;TP53
GO_Biological_Process_2023,Positive Regulation Of DNA-templated Transcription (GO:0045893),3/1243,0.0206630290700646,0.0348351799972365,0,0,6.4804147465437785,25.14018065777952,ATRX;TP53;EGFR
GO_Biological_Process_2023,Cellular Response To Glucose Starvation (GO:0042149),1/42,0.0208071402680988,0.0348351799972365,0,0,54.06233062330623,209.35416251688036,TP53
GO_Biological_Process_2023,Regulation Of Ubiquitin-Dependent Protein Catabolic Process (GO:2000058),1/42,0.0208071402680988,0.0348351799972365,0,0,54.06233062330623,209.35416251688036,PTEN
GO_Biological_Process_2023,Collagen Fibril Organization (GO:0030199),1/42,0.0208071402680988,0.0348351799972365,0,0,54.06233062330623,209.35416251688036,NF1
GO_Biological_Process_2023,Regulation Of Axonogenesis (GO:0050770),1/42,0.0208071402680988,0.0348351799972365,0,0,54.06233062330623,209.35416251688036,PTEN
GO_Biological_Process_2023,Embryonic Heart Tube Morphogenesis (GO:0003143),1/42,0.0208071402680988,0.0348351799972365,0,0,54.06233062330623,209.35416251688036,RYR2
GO_Biological_Process_2023,DNA-templated DNA Replication Maintenance Of Fidelity (GO:0045005),1/43,0.0212977650246516,0.0353148244338472,0,0,52.77248677248677,203.12938317607103,ATRX
GO_Biological_Process_2023,mRNA Transcription (GO:0009299),1/43,0.0212977650246516,0.0353148244338472,0,0,52.77248677248677,203.12938317607103,TP53
GO_Biological_Process_2023,Regulation Of Cellular Component Size (GO:0032535),1/43,0.0212977650246516,0.0353148244338472,0,0,52.77248677248677,203.12938317607103,PTEN
GO_Biological_Process_2023,Bone Development (GO:0060348),1/44,0.0217881685512207,0.0357849983483657,0,0,51.542635658914726,197.22213203300183,TP53
GO_Biological_Process_2023,Embryonic Organ Morphogenesis (GO:0048562),1/44,0.0217881685512207,0.0357849983483657,0,0,51.542635658914726,197.22213203300183,RYR2
GO_Biological_Process_2023,Regulation Of Cell-Substrate Adhesion (GO:0010810),1/44,0.0217881685512207,0.0357849983483657,0,0,51.542635658914726,197.22213203300183,NF1
GO_Biological_Process_2023,Epidermal Growth Factor Receptor Signaling Pathway (GO:0007173),1/45,0.0222783509374741,0.0363599501149343,0,0,50.36868686868687,191.60953052295557,EGFR
GO_Biological_Process_2023,Regulation Of Telomerase Activity (GO:0051972),1/45,0.0222783509374741,0.0363599501149343,0,0,50.36868686868687,191.60953052295557,TP53
GO_Biological_Process_2023,Regulation Of Epidermal Growth Factor Receptor Signaling Pathway (GO:0042058),1/46,0.0227683122669265,0.0365844692944532,0,0,49.24691358024691,186.27081295676348,EGFR
GO_Biological_Process_2023,Replication Fork Processing (GO:0031297),1/46,0.0227683122669265,0.0365844692944532,0,0,49.24691358024691,186.27081295676348,ATRX
GO_Biological_Process_2023,Myofibril Assembly (GO:0030239),1/46,0.0227683122669265,0.0365844692944532,0,0,49.24691358024691,186.27081295676348,TTN
GO_Biological_Process_2023,Negative Regulation Of Cellular Metabolic Process (GO:0031324),1/46,0.0227683122669265,0.0365844692944532,0,0,49.24691358024691,186.27081295676348,PTEN
GO_Biological_Process_2023,Positive Regulation Of Gene Expression (GO:0010628),2/480,0.0227683691370103,0.0365844692944532,0,0,10.205020920502092,38.59929789734682,TP53;TTN
GO_Biological_Process_2023,Negative Regulation Of Apoptotic Process (GO:0043066),2/482,0.0229464386640449,0.0367567952674053,0,0,10.161458333333334,38.355364744860616,TP53;EGFR
GO_Biological_Process_2023,Positive Regulation Of Cell Population Proliferation (GO:0008284),2/483,0.0230356964857616,0.0367862353111086,0,0,10.13981288981289,38.2342963467406,PTEN;EGFR
GO_Biological_Process_2023,Cognition (GO:0050890),1/47,0.0232580526351399,0.0370273905449006,0,0,48.17391304347826,181.18709015535836,NF1
GO_Biological_Process_2023,Regulation Of Intrinsic Apoptotic Signaling Pathway (GO:2001242),1/48,0.0237475721230066,0.0372356191294272,0,0,47.14657210401892,176.3411440394006,TP53
GO_Biological_Process_2023,Positive Regulation Of Reactive Oxygen Species Metabolic Process (GO:2000379),1/48,0.0237475721230066,0.0372356191294272,0,0,47.14657210401892,176.3411440394006,TP53
GO_Biological_Process_2023,Cellular Response To Radiation (GO:0071478),1/48,0.0237475721230066,0.0372356191294272,0,0,47.14657210401892,176.3411440394006,TP53
GO_Biological_Process_2023,Myelination (GO:0042552),1/48,0.0237475721230066,0.0372356191294272,0,0,47.14657210401892,176.3411440394006,NF1
GO_Biological_Process_2023,Negative Regulation Of ERK1 And ERK2 Cascade (GO:0070373),1/48,0.0237475721230066,0.0372356191294272,0,0,47.14657210401892,176.3411440394006,PTEN
GO_Biological_Process_2023,Neurogenesis (GO:0022008),1/49,0.0242368708211977,0.0376614848988072,0,0,46.16203703703704,171.71724838044534,EGFR
GO_Biological_Process_2023,Intrinsic Apoptotic Signaling Pathway In Response To DNA Damage (GO:0008630),1/49,0.0242368708211977,0.0376614848988072,0,0,46.16203703703704,171.71724838044534,TP53
GO_Biological_Process_2023,Regulation Of Cell Communication (GO:0010646),1/49,0.0242368708211977,0.0376614848988072,0,0,46.16203703703704,171.71724838044534,RYR2
GO_Biological_Process_2023,Negative Regulation Of Cell Projection Organization (GO:0031345),1/50,0.024725948817258,0.03830676846614,0,0,45.21768707482993,167.3010120823387,PTEN
GO_Biological_Process_2023,Positive Regulation Of Protein Localization To Cell Periphery (GO:1904377),1/51,0.0252148061968427,0.0386031988677326,0,0,44.31111111111111,163.07924167915206,EGFR
GO_Biological_Process_2023,Positive Regulation Of Protein Localization To Plasma Membrane (GO:1903078),1/51,0.0252148061968427,0.0386031988677326,0,0,44.31111111111111,163.07924167915206,EGFR
GO_Biological_Process_2023,Regulation Of Stress-Activated MAPK Cascade (GO:0032872),1/51,0.0252148061968427,0.0386031988677326,0,0,44.31111111111111,163.07924167915206,EGFR
GO_Biological_Process_2023,Negative Regulation Of MAP Kinase Activity (GO:0043407),1/51,0.0252148061968427,0.0386031988677326,0,0,44.31111111111111,163.07924167915206,NF1
GO_Biological_Process_2023,Positive Regulation Of Telomere Maintenance (GO:0032206),1/52,0.0257034430516592,0.0388923817603824,0,0,43.4400871459695,159.03982037824832,ATRX
GO_Biological_Process_2023,Positive Regulation Of Transcription Initiation By RNA Polymerase II (GO:0060261),1/52,0.0257034430516592,0.0388923817603824,0,0,43.4400871459695,159.03982037824832,TP53
GO_Biological_Process_2023,Cardiac Muscle Tissue Development (GO:0048738),1/52,0.0257034430516592,0.0388923817603824,0,0,43.4400871459695,159.03982037824832,TTN
GO_Biological_Process_2023,Cellular Response To Ionizing Radiation (GO:0071479),1/52,0.0257034430516592,0.0388923817603824,0,0,43.4400871459695,159.03982037824832,TP53
GO_Biological_Process_2023,Blood Vessel Morphogenesis (GO:0048514),1/53,0.0261918594705427,0.0393379227881586,0,0,42.6025641025641,155.17160141847094,NF1
GO_Biological_Process_2023,Positive Regulation Of NIK/NF-kappaB Signaling (GO:1901224),1/53,0.0261918594705427,0.0393379227881586,0,0,42.6025641025641,155.17160141847094,EGFR
GO_Biological_Process_2023,ERBB Signaling Pathway (GO:0038127),1/54,0.0266800555326239,0.0393379227881586,0,0,41.79664570230608,151.46431378315344,EGFR
GO_Biological_Process_2023,Regulation Of Focal Adhesion Assembly (GO:0051893),1/54,0.0266800555326239,0.0393379227881586,0,0,41.79664570230608,151.46431378315344,PTEN
GO_Biological_Process_2023,Negative Regulation Of Neuron Projection Development (GO:0010977),1/54,0.0266800555326239,0.0393379227881586,0,0,41.79664570230608,151.46431378315344,PTEN
GO_Biological_Process_2023,Negative Regulation Of Protein Catabolic Process (GO:0042177),1/54,0.0266800555326239,0.0393379227881586,0,0,41.79664570230608,151.46431378315344,EGFR
GO_Biological_Process_2023,Nucleosome Assembly (GO:0006334),1/54,0.0266800555326239,0.0393379227881586,0,0,41.79664570230608,151.46431378315344,ATRX
GO_Biological_Process_2023,Peptidyl-Tyrosine Modification (GO:0018212),1/54,0.0266800555326239,0.0393379227881586,0,0,41.79664570230608,151.46431378315344,EGFR
GO_Biological_Process_2023,Regulation Of Blood Vessel Endothelial Cell Migration (GO:0043535),1/54,0.0266800555326239,0.0393379227881586,0,0,41.79664570230608,151.46431378315344,NF1
GO_Biological_Process_2023,Positive Regulation Of Intracellular Signal Transduction (GO:1902533),2/525,0.0269169375944203,0.0395747609391052,0,0,9.305449330783938,33.63919505186621,TP53;EGFR
GO_Biological_Process_2023,Nucleotide-Excision Repair (GO:0006289),1/56,0.0276557869621033,0.0400931660148927,0,0,40.27272727272727,144.49533489369065,TP53
GO_Biological_Process_2023,Regulation Of Reactive Oxygen Species Metabolic Process (GO:2000377),1/56,0.0276557869621033,0.0400931660148927,0,0,40.27272727272727,144.49533489369065,TP53
GO_Biological_Process_2023,Mitotic DNA Damage Checkpoint Signaling (GO:0044773),1/56,0.0276557869621033,0.0400931660148927,0,0,40.27272727272727,144.49533489369065,TP53
GO_Biological_Process_2023,Cellular Response To Peptide (GO:1901653),1/56,0.0276557869621033,0.0400931660148927,0,0,40.27272727272727,144.49533489369065,TP53
GO_Biological_Process_2023,Positive Regulation Of Cellular Metabolic Process (GO:0031325),1/56,0.0276557869621033,0.0400931660148927,0,0,40.27272727272727,144.49533489369065,TP53
GO_Biological_Process_2023,Negative Regulation Of Cellular Process (GO:0048523),2/537,0.0280725609711704,0.0405840087577645,0,0,9.091121495327103,32.482237618525254,PTEN;TP53
GO_Biological_Process_2023,Positive Regulation Of Mitochondrion Organization (GO:0010822),1/58,0.0286306380412391,0.0412758365094531,0,0,38.85575048732944,138.06527849839193,TP53
GO_Biological_Process_2023,protein-DNA Complex Assembly (GO:0065004),1/59,0.0291177336711439,0.0418617833111459,0,0,38.18390804597701,135.03387352863817,ATRX
GO_Biological_Process_2023,protein-DNA Complex Organization (GO:0071824),1/60,0.0296046094730556,0.0424441776699333,0,0,37.53483992467044,132.1160756075347,ATRX
GO_Biological_Process_2023,Positive Regulation Of Nucleic Acid-Templated Transcription (GO:1903508),2/557,0.0300436519598133,0.0429549734632042,0,0,8.754504504504505,30.685447790037504,TP53;EGFR
GO_Biological_Process_2023,Negative Regulation Of Kinase Activity (GO:0033673),1/62,0.0305777019615051,0.0434789789534826,0,0,36.30054644808743,126.59758326788086,NF1
GO_Biological_Process_2023,Positive Regulation Of Apoptotic Signaling Pathway (GO:2001235),1/62,0.0305777019615051,0.0434789789534826,0,0,36.30054644808743,126.59758326788086,TP53
GO_Biological_Process_2023,Telomere Organization (GO:0032200),1/63,0.0310639188209322,0.0438102550762604,0,0,35.71326164874552,123.9860268803296,ATRX
GO_Biological_Process_2023,Positive Regulation Of Mitotic Cell Cycle Phase Transition (GO:1901992),1/63,0.0310639188209322,0.0438102550762604,0,0,35.71326164874552,123.9860268803296,EGFR
GO_Biological_Process_2023,Phosphatidylinositol Metabolic Process (GO:0046488),1/63,0.0310639188209322,0.0438102550762604,0,0,35.71326164874552,123.9860268803296,PTEN
GO_Biological_Process_2023,Response To Metal Ion (GO:0010038),1/64,0.0315499162070124,0.0443750853968548,0,0,35.14462081128748,121.46628828977606,TTN
GO_Biological_Process_2023,Canonical Wnt Signaling Pathway (GO:0060070),1/65,0.0320356942028436,0.0445751348291577,0,0,34.59375,119.03379191454992,PTEN
GO_Biological_Process_2023,Cellular Response To Light Stimulus (GO:0071482),1/65,0.0320356942028436,0.0445751348291577,0,0,34.59375,119.03379191454992,TP53
GO_Biological_Process_2023,Positive Regulation Of Cell Cycle (GO:0045787),1/65,0.0320356942028436,0.0445751348291577,0,0,34.59375,119.03379191454992,EGFR
GO_Biological_Process_2023,Regulation Of Cell-Matrix Adhesion (GO:0001952),1/65,0.0320356942028436,0.0445751348291577,0,0,34.59375,119.03379191454992,NF1
GO_Biological_Process_2023,Response To Reactive Oxygen Species (GO:0000302),1/66,0.0325212529076381,0.0451297600509737,0,0,34.05982905982906,116.68425597420442,EGFR
GO_Biological_Process_2023,Peptidyl-Tyrosine Phosphorylation (GO:0018108),1/67,0.0330065923938031,0.0456811238730235,0,0,33.54208754208754,114.4136695514984,EGFR
GO_Biological_Process_2023,Telomere Maintenance (GO:0000723),1/68,0.0334917127632155,0.0462292524577363,0,0,33.03980099502488,112.21827165973409,PTEN
GO_Biological_Process_2023,Establishment Of Protein Localization To Membrane (GO:0090150),1/69,0.033976614095502,0.0466504304644591,0,0,32.552287581699346,110.09453231300331,EGFR
GO_Biological_Process_2023,Regulation Of Heart Contraction (GO:0008016),1/69,0.033976614095502,0.0466504304644591,0,0,32.552287581699346,110.09453231300331,RYR2
GO_Biological_Process_2023,Negative Regulation Of Epithelial Cell Proliferation (GO:0050680),1/70,0.0344612964819566,0.047066875984567,0,0,32.07890499194847,108.03913520130236,NF1
GO_Biological_Process_2023,Positive Regulation Of Protein Transport (GO:0051222),1/70,0.0344612964819566,0.047066875984567,0,0,32.07890499194847,108.03913520130236,TTN
GO_Biological_Process_2023,Synapse Assembly (GO:0007416),1/71,0.0349457600054768,0.047354698284184,0,0,31.61904761904762,106.04896194083372,PTEN
GO_Biological_Process_2023,Regulation Of Hydrolase Activity (GO:0051336),1/71,0.0349457600054768,0.047354698284184,0,0,31.61904761904762,106.04896194083372,NF1
GO_Biological_Process_2023,Kidney Development (GO:0001822),1/71,0.0349457600054768,0.047354698284184,0,0,31.61904761904762,106.04896194083372,NF1
GO_Biological_Process_2023,Cellular Response To Hypoxia (GO:0071456),1/72,0.0354300047601861,0.0475146575466062,0,0,31.172143974960875,104.12107765370268,TP53
GO_Biological_Process_2023,Response To Ionizing Radiation (GO:0010212),1/72,0.0354300047601861,0.0475146575466062,0,0,31.172143974960875,104.12107765370268,TP53
GO_Biological_Process_2023,Second-Messenger-Mediated Signaling (GO:0019932),1/72,0.0354300047601861,0.0475146575466062,0,0,31.172143974960875,104.12107765370268,RYR2
GO_Biological_Process_2023,Negative Regulation Of Catabolic Process (GO:0009895),1/72,0.0354300047601861,0.0475146575466062,0,0,31.172143974960875,104.12107765370268,EGFR
GO_Biological_Process_2023,Positive Regulation Of Secretion By Cell (GO:1903532),1/73,0.0359140308301434,0.0477932871816524,0,0,30.73765432098765,102.2527178173034,TTN
GO_Biological_Process_2023,Cellular Response To Decreased Oxygen Levels (GO:0036294),1/73,0.0359140308301434,0.0477932871816524,0,0,30.73765432098765,102.2527178173034,TP53
GO_Biological_Process_2023,Cellular Response To Reactive Oxygen Species (GO:0034614),1/73,0.0359140308301434,0.0477932871816524,0,0,30.73765432098765,102.2527178173034,EGFR
GO_Biological_Process_2023,Gland Development (GO:0048732),1/74,0.0363978383040335,0.0481899951015138,0,0,30.315068493150687,100.4412761916998,NF1
GO_Biological_Process_2023,Regulation Of Cell Cycle G1/S Phase Transition (GO:1902806),1/74,0.0363978383040335,0.0481899951015138,0,0,30.315068493150687,100.4412761916998,PTEN
GO_Biological_Process_2023,Negative Regulation Of Phosphorylation (GO:0042326),1/75,0.0368814272661001,0.0484593943065973,0,0,29.903903903903903,98.68429377205668,PTEN
GO_Biological_Process_2023,Nucleosome Organization (GO:0034728),1/75,0.0368814272661001,0.0484593943065973,0,0,29.903903903903903,98.68429377205668,ATRX
GO_Biological_Process_2023,Regulation Of DNA Replication (GO:0006275),1/75,0.0368814272661001,0.0484593943065973,0,0,29.903903903903903,98.68429377205668,EGFR
GO_Biological_Process_2023,Wnt Signaling Pathway (GO:0016055),1/76,0.0373647978046119,0.0488471789939384,0,0,29.503703703703703,96.97944863399395,PTEN
GO_Biological_Process_2023,Positive Regulation Of Protein Secretion (GO:0050714),1/76,0.0373647978046119,0.0488471789939384,0,0,29.503703703703703,96.97944863399395,TTN
GO_Biological_Process_2023,Actomyosin Structure Organization (GO:0031032),1/77,0.0378479500125182,0.0492307921215462,0,0,29.114035087719294,95.32454660857232,TTN
GO_Biological_Process_2023,Positive Regulation Of Response To Stimulus (GO:0048584),1/77,0.0378479500125182,0.0492307921215462,0,0,29.114035087719294,95.32454660857232,EGFR
GO_Biological_Process_2023,Negative Regulation Of Protein Modification Process (GO:0031400),1/78,0.038330883967986,0.0497343219484618,0,0,28.734487734487736,93.71751271850756,PTEN
GO_Biological_Process_2023,Positive Regulation Of Protein Localization To Membrane (GO:1905477),1/79,0.0388135997677023,0.0499857525544355,0,0,28.36467236467237,92.15638325126108,EGFR
GO_Biological_Process_2023,Cellular Response To UV (GO:0034644),1/79,0.0388135997677023,0.0499857525544355,0,0,28.36467236467237,92.15638325126108,TP53
GO_Biological_Process_2023,Positive Regulation Of Catabolic Process (GO:0009896),1/79,0.0388135997677023,0.0499857525544355,0,0,28.36467236467237,92.15638325126108,PTEN
GO_Biological_Process_2023,Wound Healing (GO:0042060),1/80,0.03929609749471,0.0503572212339617,0,0,28.0042194092827,90.63929849888726,NF1
GO_Biological_Process_2023,Regulation Of Protein Localization To Plasma Membrane (GO:1903076),1/80,0.03929609749471,0.0503572212339617,0,0,28.0042194092827,90.63929849888726,EGFR
GO_Biological_Process_2023,Positive Regulation Of Growth (GO:0045927),1/81,0.039778377237952,0.0508496989815199,0,0,27.65277777777778,89.16449601956255,EGFR
GO_Biological_Process_2023,Regulation Of Phosphorylation (GO:0042325),1/82,0.0402604390785998,0.0513234100394686,0,0,27.310013717421125,87.73030443537515,EGFR
GO_Biological_Process_2023,Epigenetic Regulation Of Gene Expression (GO:0040029),1/83,0.0407422831141832,0.0513234100394686,0,0,26.97560975609756,86.33513767066536,TP53
GO_Biological_Process_2023,Regulation Of Epithelial To Mesenchymal Transition (GO:0010717),1/83,0.0407422831141832,0.0513234100394686,0,0,26.97560975609756,86.33513767066536,PTEN
GO_Biological_Process_2023,Positive Regulation Of Ubiquitin-Dependent Protein Catabolic Process (GO:2000060),1/83,0.0407422831141832,0.0513234100394686,0,0,26.97560975609756,86.33513767066536,PTEN
GO_Biological_Process_2023,Calcium Ion Transmembrane Import Into Cytosol (GO:0097553),1/83,0.0407422831141832,0.0513234100394686,0,0,26.97560975609756,86.33513767066536,RYR2
GO_Biological_Process_2023,Regulation Of NIK/NF-kappaB Signaling (GO:1901222),1/83,0.0407422831141832,0.0513234100394686,0,0,26.97560975609756,86.33513767066536,EGFR
GO_Biological_Process_2023,Establishment Of Protein Localization To Organelle (GO:0072594),1/85,0.0417053180950637,0.0519066189240721,0,0,26.33068783068783,83.65592938917332,RYR2
GO_Biological_Process_2023,Calcium-Mediated Signaling (GO:0019722),1/85,0.0417053180950637,0.0519066189240721,0,0,26.33068783068783,83.65592938917332,RYR2
GO_Biological_Process_2023,mRNA Metabolic Process (GO:0016071),1/85,0.0417053180950637,0.0519066189240721,0,0,26.33068783068783,83.65592938917332,TP53
GO_Biological_Process_2023,Positive Regulation Of Canonical Wnt Signaling Pathway (GO:0090263),1/85,0.0417053180950637,0.0519066189240721,0,0,26.33068783068783,83.65592938917332,EGFR
GO_Biological_Process_2023,Negative Regulation Of Cell Cycle (GO:0045786),1/85,0.0417053180950637,0.0519066189240721,0,0,26.33068783068783,83.65592938917332,PTEN
GO_Biological_Process_2023,Regulation Of Endothelial Cell Migration (GO:0010594),1/88,0.0431482391729825,0.0534461482834795,0,0,25.41890166028097,79.89449726957503,NF1
GO_Biological_Process_2023,Negative Regulation Of Protein Kinase Activity (GO:0006469),1/88,0.0431482391729825,0.0534461482834795,0,0,25.41890166028097,79.89449726957503,NF1
GO_Biological_Process_2023,Positive Regulation Of Peptidyl-Serine Phosphorylation (GO:0033138),1/89,0.0436287781768767,0.0537846457809953,0,0,25.12878787878788,78.70432597937861,EGFR
GO_Biological_Process_2023,Positive Regulation Of DNA Repair (GO:0045739),1/89,0.0436287781768767,0.0537846457809953,0,0,25.12878787878788,78.70432597937861,EGFR
GO_Biological_Process_2023,Regulation Of Epithelial Cell Proliferation (GO:0050678),1/91,0.0445892046624482,0.0547087404723655,0,0,24.567901234567906,76.41264641223972,EGFR
GO_Biological_Process_2023,Positive Regulation Of MAP Kinase Activity (GO:0043406),1/91,0.0445892046624482,0.0547087404723655,0,0,24.567901234567906,76.41264641223972,EGFR
GO_Biological_Process_2023,Regulation Of Endothelial Cell Proliferation (GO:0001936),1/93,0.0455487630468527,0.0556230776972155,0,0,24.031400966183572,74.2323201774775,NF1
GO_Biological_Process_2023,Positive Regulation Of Protein Kinase B Signaling (GO:0051897),1/93,0.0455487630468527,0.0556230776972155,0,0,24.031400966183572,74.2323201774775,EGFR
GO_Biological_Process_2023,Cell Junction Assembly (GO:0034329),1/95,0.0465074540299385,0.0566604897688687,0,0,23.5177304964539,72.15575261450543,PTEN
GO_Biological_Process_2023,MAPK Cascade (GO:0000165),1/98,0.047943865635835,0.0580020192657305,0,0,22.78694158075601,69.220448859451,NF1
GO_Biological_Process_2023,Positive Regulation Of Protein-Containing Complex Assembly (GO:0031334),1/98,0.047943865635835,0.0580020192657305,0,0,22.78694158075601,69.220448859451,TP53
GO_Biological_Process_2023,Phosphatidylinositol Biosynthetic Process (GO:0006661),1/98,0.047943865635835,0.0580020192657305,0,0,22.78694158075601,69.220448859451,PTEN
GO_Biological_Process_2023,Hemopoiesis (GO:0030097),1/101,0.0493783294859182,0.0595984953562594,0,0,22.1,66.48218412151981,TP53
GO_Biological_Process_2023,Calcium Ion Homeostasis (GO:0055074),1/102,0.0498560516752303,0.0598965065264919,0,0,21.88008800880088,65.60996868685889,RYR2
GO_Biological_Process_2023,Regulation Of Protein Secretion (GO:0050708),1/102,0.0498560516752303,0.0598965065264919,0,0,21.88008800880088,65.60996868685889,TTN
GO_Biological_Process_2023,Positive Regulation Of Kinase Activity (GO:0033674),1/104,0.0508108479280287,0.0609026098721637,0,0,21.45307443365696,63.922554665894864,EGFR
GO_Biological_Process_2023,Intrinsic Apoptotic Signaling Pathway (GO:0097193),1/105,0.0512879221660425,0.0611917967912093,0,0,21.24572649572649,63.10618119534448,TP53
GO_Biological_Process_2023,Regulation Of Neuron Apoptotic Process (GO:0043523),1/105,0.0512879221660425,0.0611917967912093,0,0,21.24572649572649,63.10618119534448,NF1
GO_Biological_Process_2023,Positive Regulation Of Cell Growth (GO:0030307),1/106,0.0517647805964337,0.0616190851595163,0,0,21.04232804232804,62.30728596638391,EGFR
GO_Biological_Process_2023,Glycerophospholipid Biosynthetic Process (GO:0046474),1/108,0.0527178503782264,0.0626099870624702,0,0,20.64693665628245,60.75982922373895,PTEN
GO_Biological_Process_2023,Extracellular Structure Organization (GO:0043062),1/109,0.0531940618974191,0.0628877406030992,0,0,20.454732510288064,60.01026825392258,NF1
GO_Biological_Process_2023,Positive Regulation Of Wnt Signaling Pathway (GO:0030177),1/109,0.0531940618974191,0.0628877406030992,0,0,20.454732510288064,60.01026825392258,EGFR
GO_Biological_Process_2023,External Encapsulating Structure Organization (GO:0045229),1/110,0.0536700579531296,0.0631627212645675,0,0,20.26605504587156,59.276184666906936,NF1
GO_Biological_Process_2023,Regulation Of JNK Cascade (GO:0046328),1/110,0.0536700579531296,0.0631627212645675,0,0,20.26605504587156,59.276184666906936,EGFR
GO_Biological_Process_2023,Mitotic Sister Chromatid Segregation (GO:0000070),1/111,0.0541458386425502,0.0634349667166672,0,0,20.08080808080808,58.55712550002727,TTN
GO_Biological_Process_2023,Double-Strand Break Repair Via Homologous Recombination (GO:0000724),1/111,0.0541458386425502,0.0634349667166672,0,0,20.08080808080808,58.55712550002727,ATRX
GO_Biological_Process_2023,Calcium Ion Transport (GO:0006816),1/112,0.0546214040317676,0.0638479925506473,0,0,19.8988988988989,57.85265494685789,RYR2
GO_Biological_Process_2023,Response To Endoplasmic Reticulum Stress (GO:0034976),1/114,0.0555718892963041,0.0648130574040041,0,0,19.54473942969518,56.48581741086853,TP53
GO_Biological_Process_2023,Positive Regulation Of Protein Serine/Threonine Kinase Activity (GO:0071902),1/117,0.0569960046670181,0.0663249471349381,0,0,19.03639846743295,54.53498142318387,EGFR
GO_Biological_Process_2023,Positive Regulation Of Cell Cycle Process (GO:0090068),1/118,0.0574702801377919,0.0667272380123356,0,0,18.872744539411205,53.909755696325554,ATRX
GO_Biological_Process_2023,Cellular Response To Tumor Necrosis Factor (GO:0071356),1/119,0.0579443409196367,0.0671274842350256,0,0,18.71186440677966,53.29648635296648,TP53
GO_Biological_Process_2023,Regulation Of Protein Catabolic Process (GO:0042176),1/122,0.0593652360295357,0.0684679055540645,0,0,18.245179063360883,51.52523363729626,EGFR
GO_Biological_Process_2023,Receptor-Mediated Endocytosis (GO:0006898),1/122,0.0593652360295357,0.0684679055540645,0,0,18.245179063360883,51.52523363729626,LRP1B
GO_Biological_Process_2023,Modulation Of Chemical Synaptic Transmission (GO:0050804),1/123,0.0598384389285161,0.0687082960263271,0,0,18.09471766848816,50.95666168783963,PTEN
GO_Biological_Process_2023,Positive Regulation Of Epithelial Cell Proliferation (GO:0050679),1/123,0.0598384389285161,0.0687082960263271,0,0,18.09471766848816,50.95666168783963,EGFR
GO_Biological_Process_2023,Negative Regulation Of Growth (GO:0045926),1/124,0.0603114275885761,0.0687947932274088,0,0,17.946702800361336,50.39853526607874,TP53
GO_Biological_Process_2023,Protein Dephosphorylation (GO:0006470),1/124,0.0603114275885761,0.0687947932274088,0,0,17.946702800361336,50.39853526607874,PTEN
GO_Biological_Process_2023,Enzyme-Linked Receptor Protein Signaling Pathway (GO:0007167),1/124,0.0603114275885761,0.0687947932274088,0,0,17.946702800361336,50.39853526607874,EGFR
GO_Biological_Process_2023,Negative Regulation Of Cell Growth (GO:0030308),1/125,0.0607842020747778,0.0691820194666879,0,0,17.801075268817204,49.85058258369441,TP53
GO_Biological_Process_2023,Protein-Containing Complex Organization (GO:0043933),1/126,0.0612567624754281,0.0694154142461729,0,0,17.657777777777778,49.3125409946923,TP53
GO_Biological_Process_2023,Cellular Response To Starvation (GO:0009267),1/126,0.0612567624754281,0.0694154142461729,0,0,17.657777777777778,49.3125409946923,TP53
GO_Biological_Process_2023,Regulation Of Anatomical Structure Morphogenesis (GO:0022603),1/127,0.0617291088801565,0.0697982734396541,0,0,17.516754850088184,48.78415662492463,NF1
GO_Biological_Process_2023,Regulation Of DNA Repair (GO:0006282),1/129,0.0626731600524217,0.0707116740591454,0,0,17.241319444444443,47.75538577401706,EGFR
GO_Biological_Process_2023,Positive Regulation Of Peptidyl-Tyrosine Phosphorylation (GO:0050731),1/130,0.0631448649915911,0.0710893382443293,0,0,17.1068044788975,47.25453226369782,TP53
GO_Biological_Process_2023,Regulation Of DNA-templated Transcription (GO:0006355),3/1922,0.0635896870772722,0.071310775185534,0,0,4.03580734013251,11.119876005218362,ATRX;TP53;EGFR
GO_Biological_Process_2023,Synapse Organization (GO:0050808),1/131,0.0636163562830486,0.071310775185534,0,0,16.974358974358974,46.76240127804881,PTEN
GO_Biological_Process_2023,Cellular Response To Metal Ion (GO:0071248),1/135,0.0655001866370672,0.0732642173806851,0,0,16.46434494195688,44.87690266099937,EGFR
GO_Biological_Process_2023,Intracellular Calcium Ion Homeostasis (GO:0006874),1/139,0.0673806054536277,0.0752054499579199,0,0,15.98389694041868,43.11493252457917,RYR2
GO_Biological_Process_2023,Positive Regulation Of Transferase Activity (GO:0051347),1/143,0.0692576181978487,0.0771345576066169,0,0,15.530516431924882,41.46526951018726,EGFR
GO_Biological_Process_2023,Actin Filament Organization (GO:0007015),1/144,0.0697263398277874,0.0774903005794896,0,0,15.421134421134422,41.06921250540096,TTN
GO_Biological_Process_2023,Negative Regulation Of Response To External Stimulus (GO:0032102),1/146,0.0706631458293301,0.0781965302461031,0,0,15.20689655172414,40.29570768167876,PTEN
GO_Biological_Process_2023,Neuron Projection Morphogenesis (GO:0048812),1/146,0.0706631458293301,0.0781965302461031,0,0,15.20689655172414,40.29570768167876,PTEN
GO_Biological_Process_2023,Negative Regulation Of Protein Metabolic Process (GO:0051248),1/147,0.07113123037086,0.0783802729564254,0,0,15.101978691019786,39.91798490572592,EGFR
GO_Biological_Process_2023,Dephosphorylation (GO:0016311),1/147,0.07113123037086,0.0783802729564254,0,0,15.101978691019786,39.91798490572592,PTEN
GO_Biological_Process_2023,Regulation Of Transcription By RNA Polymerase II (GO:0006357),3/2028,0.072574022527797,0.0798006730761158,0,0,3.802116402116402,9.973514939378749,ATRX;TP53;EGFR
GO_Biological_Process_2023,Cellular Response To Organic Cyclic Compound (GO:0071407),1/152,0.0734684718687947,0.0806133972513836,0,0,14.59823399558499,38.11451335774776,EGFR
GO_Biological_Process_2023,Cellular Response To Growth Factor Stimulus (GO:0071363),1/155,0.0748682748782873,0.0819760224933145,0,0,14.311688311688313,37.09625453392642,EGFR
GO_Biological_Process_2023,Protein Autophosphorylation (GO:0046777),1/162,0.0781270830081257,0.0853641180657205,0,0,13.684610075914424,34.88779821293247,EGFR
GO_Biological_Process_2023,Nitrogen Compound Transport (GO:0071705),1/163,0.0785917826774274,0.0856914605243379,0,0,13.599451303155009,34.5900429790609,LRP1B
GO_Biological_Process_2023,Membrane Organization (GO:0061024),1/167,0.0804484739304522,0.0875319873582907,0,0,13.269076305220883,33.439908396149875,EGFR
GO_Biological_Process_2023,Metal Ion Transport (GO:0030001),1/171,0.082301797344196,0.0893611565306229,0,0,12.954248366013072,32.35145191648386,RYR2
GO_Biological_Process_2023,Regulation Of Neuron Projection Development (GO:0010975),1/174,0.0836895830239611,0.090678274716985,0,0,12.727681438664098,31.572805424981038,PTEN
GO_Biological_Process_2023,Positive Regulation Of Hydrolase Activity (GO:0051345),1/176,0.0846137238435417,0.0912983839392893,0,0,12.58095238095238,31.07065982483502,NF1
GO_Biological_Process_2023,Extracellular Matrix Organization (GO:0030198),1/176,0.0846137238435417,0.0912983839392893,0,0,12.58095238095238,31.07065982483502,NF1
GO_Biological_Process_2023,Positive Regulation Of ERK1 And ERK2 Cascade (GO:0070374),1/179,0.0859983623481033,0.092599896387273,0,0,12.367041198501871,30.34163310031636,EGFR
GO_Biological_Process_2023,Axonogenesis (GO:0007409),1/188,0.0901409753843481,0.0968595574005728,0,0,11.766488413547236,28.314647577691105,PTEN
GO_Biological_Process_2023,Endocytosis (GO:0006897),1/189,0.0906002210285699,0.0971518899046029,0,0,11.703309692671397,28.103141488494085,LRP1B
GO_Biological_Process_2023,Intracellular Monoatomic Cation Homeostasis (GO:0030003),1/190,0.091059258031028,0.0974427936455742,0,0,11.64079952968842,27.89420530874704,RYR2
GO_Biological_Process_2023,Neuron Projection Development (GO:0031175),1/192,0.0919767065184695,0.0982220384425631,0,0,11.517742873763815,27.48386752497333,PTEN
GO_Biological_Process_2023,Regulation Of Cell Differentiation (GO:0045595),1/193,0.0924351181411287,0.0985088836042008,0,0,11.457175925925926,27.282380766060548,NF1
GO_Biological_Process_2023,Regulation Of Programmed Cell Death (GO:0043067),1/195,0.0933513166113739,0.0992814207403751,0,0,11.337915234822452,26.88656557789663,TP53
GO_Biological_Process_2023,DNA-templated Transcription (GO:0006351),1/199,0.0951812166984404,0.1010205551461975,0,0,11.10662177328844,26.122470758395615,TP53
GO_Biological_Process_2023,Regulation Of Angiogenesis (GO:0045765),1/205,0.0979198348783282,0.1037150904119436,0,0,10.77668845315904,25.04077952879582,NF1
GO_Biological_Process_2023,Regulation Of Canonical Wnt Signaling Pathway (GO:0060828),1/207,0.0988310484246783,0.104467034892888,0,0,10.670981661272924,24.69631670796309,EGFR
GO_Biological_Process_2023,Protein Stabilization (GO:0050821),1/208,0.0992863444698879,0.1047349853249427,0,0,10.618894256575416,24.52696165121757,PTEN
GO_Biological_Process_2023,Regulation Of GTPase Activity (GO:0043087),1/214,0.102013775990435,0.1073938128580848,0,0,10.316640584246215,23.549252972335328,NF1
GO_Biological_Process_2023,Positive Regulation Of Cell Motility (GO:2000147),1/221,0.1051863834392564,0.1105095809817289,0,0,9.984848484848484,22.486092683742516,EGFR
GO_Biological_Process_2023,Positive Regulation Of Protein Modification Process (GO:0031401),1/225,0.1069947692716383,0.112182394448445,0,0,9.804563492063492,21.912957536249337,EGFR
GO_Biological_Process_2023,Cellular Response To Lipid (GO:0071396),1/228,0.108348899390465,0.1131450277337049,0,0,9.673519334312283,21.498416879687177,EGFR
GO_Biological_Process_2023,Chromatin Remodeling (GO:0006338),1/228,0.108348899390465,0.1131450277337049,0,0,9.673519334312283,21.498416879687177,ATRX
GO_Biological_Process_2023,Positive Regulation Of Phosphorylation (GO:0042327),1/231,0.1097011811998824,0.1143271346239738,0,0,9.545893719806765,21.096378767938067,EGFR
GO_Biological_Process_2023,Positive Regulation Of GTPase Activity (GO:0043547),1/234,0.1110516169731965,0.1155025835853487,0,0,9.421554601812112,20.7063174243162,NF1
GO_Biological_Process_2023,Positive Regulation Of DNA-binding Transcription Factor Activity (GO:0051091),1/246,0.1164349441761654,0.1208594720548597,0,0,8.954648526077097,19.256278395744665,PTEN
GO_Biological_Process_2023,Cytokine-Mediated Signaling Pathway (GO:0019221),1/257,0.1213438670227072,0.1257035269157386,0,0,8.565104166666666,18.06489149353045,TP53
GO_Biological_Process_2023,Cellular Component Assembly (GO:0022607),1/260,0.1226783971960487,0.1268328449098591,0,0,8.464607464607464,17.760346311661674,TP53
GO_Biological_Process_2023,Positive Regulation Of Signal Transduction (GO:0009967),1/266,0.1253419862578444,0.1293290076895054,0,0,8.270440251572326,17.175300907975267,PTEN
GO_Biological_Process_2023,Chromatin Organization (GO:0006325),1/268,0.126228230552969,0.1299850231289502,0,0,8.207657095297545,16.98708959891292,ATRX
GO_Biological_Process_2023,Positive Regulation Of Cell Migration (GO:0030335),1/272,0.1279982950275004,0.1315467626124212,0,0,8.084870848708487,16.620378939226235,EGFR
GO_Biological_Process_2023,Chemical Synaptic Transmission (GO:0007268),1/273,0.1284403066027919,0.131740156377172,0,0,8.054738562091503,16.53066764065327,PTEN
GO_Biological_Process_2023,Transmembrane Receptor Protein Tyrosine Kinase Signaling Pathway (GO:0007169),1/284,0.1332891424790943,0.1364439150821498,0,0,7.737338044758539,15.59255061922831,EGFR
GO_Biological_Process_2023,DNA Metabolic Process (GO:0006259),1/288,0.1350463270491738,0.1379705585403961,0,0,7.627951993805652,15.27220794232846,ATRX
GO_Biological_Process_2023,Regulation Of Cell Cycle (GO:0051726),1/298,0.1394252695424448,0.1421644693369919,0,0,7.367377478488589,14.515402516497678,TP53
GO_Biological_Process_2023,Positive Regulation Of MAPK Cascade (GO:0043410),1/310,0.1446536576340862,0.1472063692393936,0,0,7.076950737144912,13.682668285085878,EGFR
GO_Biological_Process_2023,Protein Transport (GO:0015031),1/313,0.145956279570597,0.1482413093877492,0,0,7.0078347578347575,13.486214685083723,LRP1B
GO_Biological_Process_2023,Supramolecular Fiber Organization (GO:0097435),1/316,0.1472571158315113,0.1492703967120203,0,0,6.940035273368607,13.294158990322956,NF1
GO_Biological_Process_2023,Protein-Containing Complex Assembly (GO:0065003),1/328,0.1524426476288117,0.1542256025718388,0,0,6.681277607883112,12.5672615944763,TP53
GO_Biological_Process_2023,Cellular Response To Oxygen-Containing Compound (GO:1901701),1/406,0.1854625753859332,0.1872666860414383,0,0,5.373113854595336,9.053171178381032,EGFR
GO_Biological_Process_2023,Negative Regulation Of Nucleic Acid-Templated Transcription (GO:1903507),1/456,0.2060155295801225,0.2076156501982206,0,0,4.77045177045177,7.536377485110544,TP53
GO_Biological_Process_2023,Protein Phosphorylation (GO:0006468),1/500,0.2237147429615647,0.2250154100718064,0,0,4.34001336005344,6.498664428104614,EGFR
GO_Biological_Process_2023,Protein Modification Process (GO:0036211),1/711,0.3037560178088802,0.3049310894445045,0,0,3.017214397496088,3.595102897609054,PTEN
GO_Biological_Process_2023,Negative Regulation Of Transcription By RNA Polymerase II (GO:0000122),1/763,0.3223037992315775,0.3229260073382022,0,0,2.803732866724993,3.174556544899112,TP53
GO_Biological_Process_2023,Negative Regulation Of DNA-templated Transcription (GO:0045892),1/1025,0.4091659588857073,0.4091659588857073,0,0,2.057942708333333,1.8390484751736496,TP53
