Gene_set,Term,Overlap,P-value,Adjusted P-value,Old P-value,Old Adjusted P-value,Odds Ratio,Combined Score,Genes
KEGG_2021_Human,Endometrial cancer,4/58,1.3194101796692674e-08,1.781203742553511e-06,0,0,246.12345679012347,4465.53993920674,APC;PIK3CA;KRAS;TP53
KEGG_2021_Human,Colorectal cancer,4/86,6.55974325782862e-08,4.427826699034318e-06,0,0,161.85365853658536,2677.0156950575056,APC;PIK3CA;KRAS;TP53
KEGG_2021_Human,Breast cancer,4/147,5.683865555237854e-07,2.025004089293643e-05,0,0,92.52680652680652,1330.5784190095942,APC;PIK3CA;KRAS;TP53
KEGG_2021_Human,Gastric cancer,4/149,6.000012116425609e-07,2.025004089293643e-05,0,0,91.24137931034484,1307.1544894317235,APC;PIK3CA;KRAS;TP53
KEGG_2021_Human,Hepatocellular carcinoma,4/168,9.697589892121915e-07,2.618349270872917e-05,0,0,80.59349593495935,1115.9151351365863,APC;PIK3CA;KRAS;TP53
KEGG_2021_Human,Central carbon metabolism in cancer,3/70,4.841001830223267e-06,7.61803254517677e-05,0,0,127.43923240938166,1559.650883385183,PIK3CA;KRAS;TP53
KEGG_2021_Human,Melanoma,3/72,5.271571489605828e-06,7.61803254517677e-05,0,0,123.73291925465838,1503.7486925982037,PIK3CA;KRAS;TP53
KEGG_2021_Human,Non-small cell lung cancer,3/72,5.271571489605828e-06,7.61803254517677e-05,0,0,123.73291925465838,1503.7486925982037,PIK3CA;KRAS;TP53
KEGG_2021_Human,Glioma,3/75,5.96382690300615e-06,7.61803254517677e-05,0,0,118.5595238095238,1426.2471443529512,PIK3CA;KRAS;TP53
KEGG_2021_Human,Chronic myeloid leukemia,3/76,6.2072857775514416e-06,7.61803254517677e-05,0,0,116.92954990215264,1401.9603775039,PIK3CA;KRAS;TP53
KEGG_2021_Human,Pancreatic cancer,3/76,6.2072857775514416e-06,7.61803254517677e-05,0,0,116.92954990215264,1401.9603775039,PIK3CA;KRAS;TP53
KEGG_2021_Human,MicroRNAs in cancer,4/310,1.1044652122099804e-05,0.0001242523363736228,0,0,42.88453159041394,489.46535526616367,APC;PIK3CA;KRAS;TP53
KEGG_2021_Human,Prostate cancer,3/97,1.294690780331064e-05,0.00013444865795745665,0,0,90.7112462006079,1020.9236516163533,PIK3CA;KRAS;TP53
KEGG_2021_Human,Human papillomavirus infection,4/331,1.4300264984768664e-05,0.00013551670346911518,0,0,40.08766564729868,447.1872302957118,APC;PIK3CA;KRAS;TP53
KEGG_2021_Human,Longevity regulating pathway,3/102,1.5057411496568352e-05,0.00013551670346911518,0,0,86.10822510822511,956.11475242349,PIK3CA;KRAS;TP53
KEGG_2021_Human,Sphingolipid signaling pathway,3/119,2.3905752658204e-05,0.00018846642137570528,0,0,73.42610837438424,781.3559604663873,PIK3CA;KRAS;TP53
KEGG_2021_Human,Neurotrophin signaling pathway,3/119,2.3905752658204e-05,0.00018846642137570528,0,0,73.42610837438424,781.3559604663873,PIK3CA;KRAS;TP53
KEGG_2021_Human,Thyroid hormone signaling pathway,3/121,2.512885618342737e-05,0.00018846642137570528,0,0,72.17433414043583,764.4340070407663,PIK3CA;KRAS;TP53
KEGG_2021_Human,Apoptosis,3/142,4.054105659077452e-05,0.0002794425491557999,0,0,61.205549845837616,618.983682361981,PIK3CA;KRAS;TP53
KEGG_2021_Human,Signaling pathways regulating pluripotency of stem cells,3/143,4.139889617122962e-05,0.0002794425491557999,0,0,60.765306122448976,613.2590459674897,APC;PIK3CA;KRAS
KEGG_2021_Human,Cellular senescence,3/156,5.3658192727452e-05,0.0003355920863568407,0,0,55.56582633053221,546.3719020165803,PIK3CA;KRAS;TP53
KEGG_2021_Human,Hepatitis C,3/157,5.468908073963329e-05,0.0003355920863568407,0,0,55.20222634508349,541.7461752188425,PIK3CA;KRAS;TP53
KEGG_2021_Human,Hepatitis B,3/162,6.003904210227032e-05,0.000352403073208978,0,0,53.45283018867924,519.5890646700522,PIK3CA;KRAS;TP53
KEGG_2021_Human,Pathways in cancer,4/531,9.083723327470168e-05,0.0005109594371701969,0,0,24.62112586970272,229.1350626048487,APC;PIK3CA;KRAS;TP53
KEGG_2021_Human,Kaposi sarcoma-associated herpesvirus infection,3/193,0.0001009992037425212,0.0005453957002096146,0,0,44.661654135338345,410.904990028989,PIK3CA;KRAS;TP53
KEGG_2021_Human,Viral carcinogenesis,3/203,0.00011730722395270342,0.0006038128873369901,0,0,42.40714285714286,383.8149308411945,PIK3CA;KRAS;TP53
KEGG_2021_Human,Proteoglycans in cancer,3/205,0.00012076257746739804,0.0006038128873369901,0,0,41.98302687411599,378.75760642460426,PIK3CA;KRAS;TP53
KEGG_2021_Human,Lipid and atherosclerosis,3/215,0.00013903977120547357,0.0006263129326133381,0,0,39.982479784366575,355.0744290146698,PIK3CA;KRAS;TP53
KEGG_2021_Human,Regulation of actin cytoskeleton,3/218,0.00014485503677424838,0.0006263129326133381,0,0,39.41860465116279,348.4516772117084,APC;PIK3CA;KRAS
KEGG_2021_Human,Human T-cell leukemia virus 1 infection,3/219,0.00014682818496094348,0.0006263129326133381,0,0,39.23412698412698,346.2901138181077,PIK3CA;KRAS;TP53
KEGG_2021_Human,Aldosterone-regulated sodium reabsorption,2/37,0.0001484593618046431,0.0006263129326133381,0,0,142.53571428571428,1256.4807280914272,PIK3CA;KRAS
KEGG_2021_Human,Thyroid cancer,2/37,0.0001484593618046431,0.0006263129326133381,0,0,142.53571428571428,1256.4807280914272,KRAS;TP53
KEGG_2021_Human,Human cytomegalovirus infection,3/225,0.00015903665127190174,0.0006506044824759617,0,0,38.16216216216216,333.78061432656835,PIK3CA;KRAS;TP53
KEGG_2021_Human,Bladder cancer,2/41,0.0001825931686229406,0.0007250022871793231,0,0,127.89102564102564,1100.9179217565816,KRAS;TP53
KEGG_2021_Human,VEGF signaling pathway,2/59,0.00037917320411508265,0.0014625252158724,0,0,87.42543859649123,688.6954184966403,PIK3CA;KRAS
KEGG_2021_Human,Basal cell carcinoma,2/63,0.0004323414002614042,0.0016212802509802,0,0,81.67622950819673,632.6881685393935,APC;TP53
KEGG_2021_Human,GnRH secretion,2/64,0.00044616894757922194,0.0016279137276539,0,0,80.35483870967742,619.9225439600442,PIK3CA;KRAS
KEGG_2021_Human,Acute myeloid leukemia,2/67,0.0004889339976743091,0.001699703675148,0,0,76.63461538461539,584.2073646335838,PIK3CA;KRAS
KEGG_2021_Human,Fc epsilon RI signaling pathway,2/68,0.0005036159037475685,0.001699703675148,0,0,75.46969696969697,573.09398703068,PIK3CA;KRAS
KEGG_2021_Human,Mitophagy,2/68,0.0005036159037475685,0.001699703675148,0,0,75.46969696969697,573.09398703068,KRAS;TP53
KEGG_2021_Human,Renal cell carcinoma,2/69,0.0005185109646488796,0.0017072922006731,0,0,74.33955223880596,562.3452140692101,PIK3CA;KRAS
KEGG_2021_Human,Prolactin signaling pathway,2/70,0.0005336190066674734,0.0017152039500025,0,0,73.24264705882354,551.9440230421153,PIK3CA;KRAS
KEGG_2021_Human,PI3K-Akt signaling pathway,3/354,0.0006015648820842463,0.0018886339321249,0,0,23.97924297924298,177.8294942983491,PIK3CA;KRAS;TP53
KEGG_2021_Human,Alzheimer disease,3/369,0.0006788569943312294,0.0020828566871526,0,0,22.97892271662764,167.63354059830715,APC;PIK3CA;KRAS
KEGG_2021_Human,B cell receptor signaling pathway,2/81,0.0007138146207120215,0.002141443862136,0,0,63.00949367088607,456.4966782194373,PIK3CA;KRAS
KEGG_2021_Human,ErbB signaling pathway,2/85,0.0007856794992100311,0.0023057985302903,0,0,59.96084337349398,428.6577674110207,PIK3CA;KRAS
KEGG_2021_Human,PD-L1 expression and PD-1 checkpoint pathway in cancer,2/89,0.000860907796340742,0.0024728202660851,0,0,57.19252873563219,403.6375954618875,PIK3CA;KRAS
KEGG_2021_Human,Hypertrophic cardiomyopathy,2/90,0.0008802391137269697,0.0024756725073571,0,0,56.53977272727273,397.7752223930347,RYR2;TTN
KEGG_2021_Human,Small cell lung cancer,2/92,0.0009195296371531132,0.0025333979799116,0,0,55.27777777777778,386.4827800673363,PIK3CA;TP53
KEGG_2021_Human,Dilated cardiomyopathy,2/96,0.0010006174330829,0.002701667069324,0,0,52.91489361702128,365.49047439590856,RYR2;TTN
KEGG_2021_Human,Choline metabolism in cancer,2/98,0.0010424119627603,0.0027593257837775,0,0,51.80729166666666,355.7201614766498,PIK3CA;KRAS
KEGG_2021_Human,AGE-RAGE signaling pathway in diabetic complications,2/100,0.0010850384206118,0.0027637771091056,0,0,50.74489795918368,346.39177176286466,PIK3CA;KRAS
KEGG_2021_Human,Progesterone-mediated oocyte maturation,2/100,0.0010850384206118,0.0027637771091056,0,0,50.74489795918368,346.39177176286466,PIK3CA;KRAS
KEGG_2021_Human,T cell receptor signaling pathway,2/104,0.0011727816519245,0.0028786458729056,0,0,48.74509803921568,328.95029221317066,PIK3CA;KRAS
KEGG_2021_Human,C-type lectin receptor signaling pathway,2/104,0.0011727816519245,0.0028786458729056,0,0,48.74509803921568,328.95029221317066,PIK3CA;KRAS
KEGG_2021_Human,Cholinergic synapse,2/113,0.0013822943268056,0.003332316680692,0,0,44.77252252252252,294.7827630862282,PIK3CA;KRAS
KEGG_2021_Human,Pathways of neurodegeneration,3/475,0.0014104999567902,0.0033406577923979,0,0,17.72215496368039,116.3248767249699,RYR2;APC;KRAS
KEGG_2021_Human,"Growth hormone synthesis, secretion and action",2/119,0.0015312212856459,0.003564049544176,0,0,42.46367521367522,275.23636354227165,PIK3CA;KRAS
KEGG_2021_Human,Relaxin signaling pathway,2/129,0.0017957676618057,0.0040967299176644,0,0,39.1003937007874,247.20530595871244,PIK3CA;KRAS
KEGG_2021_Human,FoxO signaling pathway,2/131,0.0018511149998335,0.0040967299176644,0,0,38.49031007751938,242.1797654013784,PIK3CA;KRAS
KEGG_2021_Human,Natural killer cell mediated cytotoxicity,2/131,0.0018511149998335,0.0040967299176644,0,0,38.49031007751938,242.1797654013784,PIK3CA;KRAS
KEGG_2021_Human,Apelin signaling pathway,2/137,0.0020220089092734,0.0041922262655514,0,0,36.76851851851852,228.09952555633555,RYR2;KRAS
KEGG_2021_Human,Autophagy,2/137,0.0020220089092734,0.0041922262655514,0,0,36.76851851851852,228.09952555633555,PIK3CA;KRAS
KEGG_2021_Human,Estrogen signaling pathway,2/137,0.0020220089092734,0.0041922262655514,0,0,36.76851851851852,228.09952555633555,PIK3CA;KRAS
KEGG_2021_Human,Insulin signaling pathway,2/137,0.0020220089092734,0.0041922262655514,0,0,36.76851851851852,228.09952555633555,PIK3CA;KRAS
KEGG_2021_Human,Fluid shear stress and atherosclerosis,2/139,0.0020805863688292,0.0041922262655514,0,0,36.22810218978102,223.71235369917136,PIK3CA;TP53
KEGG_2021_Human,Measles,2/139,0.0020805863688292,0.0041922262655514,0,0,36.22810218978102,223.71235369917136,PIK3CA;TP53
KEGG_2021_Human,Phospholipase D signaling pathway,2/148,0.0023541173283238,0.0046736152841723,0,0,33.97945205479452,205.62969286743447,PIK3CA;KRAS
KEGG_2021_Human,mTOR signaling pathway,2/154,0.0025454581928163,0.0049090979432886,0,0,32.62828947368421,194.90327984814536,PIK3CA;KRAS
KEGG_2021_Human,Oxytocin signaling pathway,2/154,0.0025454581928163,0.0049090979432886,0,0,32.62828947368421,194.90327984814536,RYR2;KRAS
KEGG_2021_Human,Hippo signaling pathway,2/163,0.0028458600242076,0.0054111422995498,0,0,30.790372670807454,180.4897765427114,APC;FAT4
KEGG_2021_Human,Wnt signaling pathway,2/166,0.0029495468813782,0.0055304004025841,0,0,30.22256097560976,176.07977492674317,APC;TP53
KEGG_2021_Human,Axon guidance,2/182,0.003532311827067,0.0065323574884116,0,0,27.51388888888889,155.33798855823653,PIK3CA;KRAS
KEGG_2021_Human,Chemokine signaling pathway,2/192,0.0039217934775002,0.0071546232359801,0,0,26.05263157894737,144.3630038931358,PIK3CA;KRAS
KEGG_2021_Human,Epstein-Barr virus infection,2/202,0.0043305050395234,0.0077668121598293,0,0,24.7375,134.6232339962028,PIK3CA;TP53
KEGG_2021_Human,Diabetic cardiomyopathy,2/203,0.0043724275862743,0.0077668121598293,0,0,24.61318407960199,133.70956972525602,RYR2;PIK3CA
KEGG_2021_Human,Rap1 signaling pathway,2/210,0.004671210764967,0.0081897851074098,0,0,23.776442307692307,127.59240152438092,PIK3CA;KRAS
KEGG_2021_Human,Human immunodeficiency virus 1 infection,2/212,0.0047582842640523,0.0082354919954751,0,0,23.547619047619047,125.92956131132571,PIK3CA;KRAS
KEGG_2021_Human,cAMP signaling pathway,2/216,0.0049346987226642,0.0084327130070844,0,0,23.10280373831776,122.70970243239832,RYR2;PIK3CA
KEGG_2021_Human,Ras signaling pathway,2/232,0.0056704010689071,0.0095688018037807,0,0,21.47826086956522,111.09620615967964,PIK3CA;KRAS
KEGG_2021_Human,Chemical carcinogenesis,2/239,0.0060072711901163,0.0100121186501939,0,0,20.83649789029536,106.57420016184636,PIK3CA;KRAS
KEGG_2021_Human,Shigellosis,2/246,0.0063531939932655,0.0104595266962299,0,0,20.23155737704918,102.34735393301293,PIK3CA;TP53
KEGG_2021_Human,Prion disease,2/273,0.0077712768875324,0.0126400286724926,0,0,18.190959409594097,88.35932537600738,RYR2;PIK3CA
KEGG_2021_Human,MAPK signaling pathway,2/294,0.0089648094436999,0.0144077294630892,0,0,16.86472602739726,79.50788110402384,KRAS;TP53
KEGG_2021_Human,Ferroptosis,1/41,0.0203162941970357,0.0322670554894096,0,0,55.41666666666666,215.92173416578157,TP53
KEGG_2021_Human,Type II diabetes mellitus,1/46,0.0227683122669265,0.0357409553027334,0,0,49.24691358024691,186.27081295676348,PIK3CA
KEGG_2021_Human,Carbohydrate digestion and absorption,1/47,0.0232580526351399,0.0360900816752171,0,0,48.17391304347826,181.18709015535836,PIK3CA
KEGG_2021_Human,Herpes simplex virus 1 infection,2/498,0.0243923087630221,0.0374200191250907,0,0,9.825604838709678,36.487259874046366,PIK3CA;TP53
KEGG_2021_Human,Regulation of lipolysis in adipocytes,1/55,0.0271680313352525,0.0412099351714505,0,0,41.02057613168724,147.90847858667095,PIK3CA
KEGG_2021_Human,Long-term depression,1/60,0.0296046094730556,0.0444069142095834,0,0,37.53483992467044,132.1160756075347,KRAS
KEGG_2021_Human,Long-term potentiation,1/67,0.0330065923938031,0.0489658238809167,0,0,33.54208754208754,114.4136695514984,KRAS
KEGG_2021_Human,p53 signaling pathway,1/73,0.0359140308301434,0.0521332705598857,0,0,30.73765432098765,102.2527178173034,TP53
KEGG_2021_Human,Inositol phosphate metabolism,1/73,0.0359140308301434,0.0521332705598857,0,0,30.73765432098765,102.2527178173034,PIK3CA
KEGG_2021_Human,Arrhythmogenic right ventricular cardiomyopathy,1/77,0.0378479500125182,0.0537839289651574,0,0,29.114035087719294,95.32454660857232,RYR2
KEGG_2021_Human,Bacterial invasion of epithelial cells,1/77,0.0378479500125182,0.0537839289651574,0,0,29.114035087719294,95.32454660857232,PIK3CA
KEGG_2021_Human,Insulin secretion,1/86,0.0421865092184754,0.059324778588481,0,0,26.01960784313725,82.36909635390154,RYR2
KEGG_2021_Human,Cardiac muscle contraction,1/87,0.0426674828826635,0.0593825792696863,0,0,25.71576227390181,81.11569629500502,RYR2
KEGG_2021_Human,Gap junction,1/88,0.0431482391729825,0.0594389009015575,0,0,25.41890166028097,79.89449726957503,KRAS
KEGG_2021_Human,GnRH signaling pathway,1/93,0.0455487630468527,0.0621119496093446,0,0,24.031400966183572,74.2323201774775,KRAS
KEGG_2021_Human,Circadian entrainment,1/97,0.0474652783026245,0.0628216918711207,0,0,23.02546296296296,70.17601174086535,RYR2
KEGG_2021_Human,Fc gamma R-mediated phagocytosis,1/97,0.0474652783026245,0.0628216918711207,0,0,23.02546296296296,70.17601174086535,PIK3CA
KEGG_2021_Human,Phosphatidylinositol signaling system,1/97,0.0474652783026245,0.0628216918711207,0,0,23.02546296296296,70.17601174086535,PIK3CA
KEGG_2021_Human,Inflammatory mediator regulation of TRP channels,1/98,0.047943865635835,0.0628390471925993,0,0,22.78694158075601,69.220448859451,PIK3CA
KEGG_2021_Human,Melanogenesis,1/101,0.0493783294859182,0.0629024951042625,0,0,22.1,66.48218412151981,KRAS
KEGG_2021_Human,Amoebiasis,1/102,0.0498560516752303,0.0629024951042625,0,0,21.88008800880088,65.60996868685889,PIK3CA
KEGG_2021_Human,Chagas disease,1/102,0.0498560516752303,0.0629024951042625,0,0,21.88008800880088,65.60996868685889,PIK3CA
KEGG_2021_Human,Pancreatic secretion,1/102,0.0498560516752303,0.0629024951042625,0,0,21.88008800880088,65.60996868685889,RYR2
KEGG_2021_Human,Toll-like receptor signaling pathway,1/104,0.0508108479280287,0.0635135599100359,0,0,21.45307443365696,63.922554665894864,PIK3CA
KEGG_2021_Human,Insulin resistance,1/108,0.0527178503782264,0.0652836214195599,0,0,20.64693665628245,60.75982922373895,PIK3CA
KEGG_2021_Human,HIF-1 signaling pathway,1/109,0.0531940618974191,0.0652836214195599,0,0,20.454732510288064,60.01026825392258,PIK3CA
KEGG_2021_Human,TNF signaling pathway,1/112,0.0546214040317676,0.0663911951770005,0,0,19.8988988988989,57.85265494685789,PIK3CA
KEGG_2021_Human,Serotonergic synapse,1/113,0.0550967542198212,0.0663911951770005,0,0,19.72023809523809,57.16235353894127,KRAS
KEGG_2021_Human,Leukocyte transendothelial migration,1/114,0.0555718892963041,0.0663911951770005,0,0,19.54473942969518,56.48581741086853,PIK3CA
KEGG_2021_Human,AMPK signaling pathway,1/120,0.0584181871042884,0.0691794320971836,0,0,18.55368814192344,52.69484946624011,PIK3CA
KEGG_2021_Human,Cell cycle,1/124,0.0603114275885761,0.070190023486705,0,0,17.946702800361336,50.39853526607874,TP53
KEGG_2021_Human,Platelet activation,1/124,0.0603114275885761,0.070190023486705,0,0,17.946702800361336,50.39853526607874,PIK3CA
KEGG_2021_Human,Osteoclast differentiation,1/127,0.0617291088801565,0.071225894861719,0,0,17.516754850088184,48.78415662492463,PIK3CA
KEGG_2021_Human,Yersinia infection,1/137,0.0664408221450691,0.0760128049964774,0,0,16.220588235294116,43.98121048429159,PIK3CA
KEGG_2021_Human,Spinocerebellar ataxia,1/143,0.0692576181978487,0.0785695668631057,0,0,15.530516431924882,41.46526951018726,PIK3CA
KEGG_2021_Human,Adrenergic signaling in cardiomyocytes,1/150,0.072534211173127,0.0816009875697679,0,0,14.795674869500372,38.81936703082998,RYR2
KEGG_2021_Human,Cushing syndrome,1/155,0.0748682748782873,0.0828460418735146,0,0,14.311688311688313,37.09625453392642,APC
KEGG_2021_Human,Non-alcoholic fatty liver disease,1/155,0.0748682748782873,0.0828460418735146,0,0,14.311688311688313,37.09625453392642,PIK3CA
KEGG_2021_Human,JAK-STAT signaling pathway,1/162,0.0781270830081257,0.0857492374479428,0,0,13.684610075914424,34.88779821293247,PIK3CA
KEGG_2021_Human,Influenza A,1/172,0.0827646026035753,0.0901066238022795,0,0,12.877842755035738,32.0884266760251,PIK3CA
KEGG_2021_Human,Alcoholism,1/186,0.0892218578773956,0.0963596065075872,0,0,11.894894894894897,28.7455506425572,KRAS
KEGG_2021_Human,Neutrophil extracellular trap formation,1/189,0.0906002210285699,0.0970716653877535,0,0,11.703309692671397,28.103141488494085,PIK3CA
KEGG_2021_Human,Transcriptional misregulation in cancer,1/192,0.0919767065184695,0.0977705148030975,0,0,11.517742873763815,27.48386752497333,TP53
KEGG_2021_Human,Focal adhesion,1/201,0.0960949196820343,0.1013501106021456,0,0,10.994444444444444,25.753593684518663,PIK3CA
KEGG_2021_Human,Thermogenesis,1/232,0.1101515314641288,0.1143881288281338,0,0,9.504088504088504,20.96505269691893,KRAS
KEGG_2021_Human,Coronavirus disease,1/232,0.1101515314641288,0.1143881288281338,0,0,9.504088504088504,20.96505269691893,PIK3CA
KEGG_2021_Human,Calcium signaling pathway,1/240,0.1137469592694354,0.1172201488654487,0,0,9.182240818224082,19.960161833921305,RYR2
KEGG_2021_Human,Salmonella infection,1/249,0.1177761832071194,0.1195472536312866,0,0,8.844982078853047,18.919144312963567,PIK3CA
KEGG_2021_Human,Parkinson disease,1/249,0.1177761832071194,0.1195472536312866,0,0,8.844982078853047,18.919144312963567,TP53
KEGG_2021_Human,Huntington disease,1/306,0.1429140468946369,0.1439805696326566,0,0,7.171220400728598,13.951694627889625,TP53
KEGG_2021_Human,Amyotrophic lateral sclerosis,1/364,0.1678294128874498,0.1678294128874498,0,0,6.007652280379553,10.722501134785851,TP53
Reactome_2022,Activation Of NOXA And Translocation To Mitochondria R-HSA-111448,1/5,0.0024977078641967,0.047973335958046,0,0,555.1666666666666,3326.7706415121643,TP53
Reactome_2022,Activated NTRK2 Signals Thru PI3K R-HSA-9028335,1/6,0.0029965781728721,0.047973335958046,0,0,444.1111111111111,2580.4117942926405,PIK3CA
Reactome_2022,Activated NTRK3 Signals Thru PI3K R-HSA-9603381,1/6,0.0029965781728721,0.047973335958046,0,0,444.1111111111111,2580.4117942926405,PIK3CA
Reactome_2022,MET Activates PI3K/AKT Signaling R-HSA-8851907,1/6,0.0029965781728721,0.047973335958046,0,0,444.1111111111111,2580.4117942926405,PIK3CA
Reactome_2022,RUNX3 Regulates CDKN1A Transcription R-HSA-8941855,1/7,0.0034952242970889,0.047973335958046,0,0,370.0740740740741,2093.271349114512,TP53
Reactome_2022,PI3K/AKT Activation R-HSA-198203,1/9,0.0044918441075108,0.047973335958046,0,0,277.52777777777777,1500.1741678966396,PIK3CA
Reactome_2022,PI5P Regulates TP53 Acetylation R-HSA-6811555,1/9,0.0044918441075108,0.047973335958046,0,0,277.52777777777777,1500.1741678966396,TP53
Reactome_2022,Activation Of PUMA And Translocation To Mitochondria R-HSA-139915,1/9,0.0044918441075108,0.047973335958046,0,0,277.52777777777777,1500.1741678966396,TP53
Reactome_2022,PI3K Events In ERBB4 Signaling R-HSA-1250342,1/10,0.0049898178893478,0.047973335958046,0,0,246.679012345679,1307.4865498601448,PIK3CA
Reactome_2022,Signaling By FGFR4 In Disease R-HSA-5655291,1/10,0.0049898178893478,0.047973335958046,0,0,246.679012345679,1307.4865498601448,PIK3CA
Reactome_2022,Signaling By PDGFRA Extracellular Domain Mutants R-HSA-9673770,1/11,0.0054875676690229,0.047973335958046,0,0,222.0,1155.5699775561973,PIK3CA
Reactome_2022,TP53 Regulates Transcription Of Caspase Activators And Caspases R-HSA-6803207,1/12,0.0059850935124877,0.047973335958046,0,0,201.8080808080808,1032.9512945731403,TP53
Reactome_2022,TP53 Regulates Transcription Of Death Receptors And Ligands R-HSA-6803211,1/12,0.0059850935124877,0.047973335958046,0,0,201.8080808080808,1032.9512945731403,TP53
Reactome_2022,Erythropoietin Activates Phosphoinositide-3-kinase (PI3K) R-HSA-9027276,1/12,0.0059850935124877,0.047973335958046,0,0,201.8080808080808,1032.9512945731403,PIK3CA
Reactome_2022,TP53 Regulates Transcription Of Genes Involved In G1 Cell Cycle Arrest R-HSA-6804116,1/14,0.0069794736802133,0.047973335958046,0,0,170.74358974358975,847.7046615380154,TP53
Reactome_2022,TP53 Regulates Transcription Of Additional Cell Death Genes With Uncertain Roles In P53-Dependent Apoptosis R-HSA-6803205,1/14,0.0069794736802133,0.047973335958046,0,0,170.74358974358975,847.7046615380154,TP53
Reactome_2022,Regulation Of TP53 Activity Thru Association With Co-factors R-HSA-6804759,1/14,0.0069794736802133,0.047973335958046,0,0,170.74358974358975,847.7046615380154,TP53
Reactome_2022,Constitutive Signaling By EGFRvIII R-HSA-5637810,1/14,0.0069794736802133,0.047973335958046,0,0,170.74358974358975,847.7046615380154,PIK3CA
Reactome_2022,Role Of LAT2/NTAL/LAB On Calcium Mobilization R-HSA-2730905,1/14,0.0069794736802133,0.047973335958046,0,0,170.74358974358975,847.7046615380154,PIK3CA
Reactome_2022,Signaling By ERBB2 ECD Mutants R-HSA-9665348,1/15,0.0074763281564485,0.047973335958046,0,0,158.53968253968253,776.212425317664,PIK3CA
Reactome_2022,Signaling By FLT3 ITD And TKD Mutants R-HSA-9703648,1/15,0.0074763281564485,0.047973335958046,0,0,158.53968253968253,776.212425317664,PIK3CA
Reactome_2022,PIP3 Activates AKT Signaling R-HSA-1257604,2/268,0.0074987099766163,0.047973335958046,0,0,18.53759398496241,90.7048973935766,PIK3CA;TP53
Reactome_2022,PI3K Events In ERBB2 Signaling R-HSA-1963642,1/16,0.0079729589968486,0.047973335958046,0,0,147.96296296296296,714.9125872208035,PIK3CA
Reactome_2022,Signaling By NTRK3 (TRKC) R-HSA-9034015,1/16,0.0079729589968486,0.047973335958046,0,0,147.96296296296296,714.9125872208035,PIK3CA
Reactome_2022,Formation Of Senescence-Associated Heterochromatin Foci (SAHF) R-HSA-2559584,1/17,0.0084693662805775,0.047973335958046,0,0,138.70833333333334,661.8190142974174,TP53
Reactome_2022,GAB1 Signalosome R-HSA-180292,1/17,0.0084693662805775,0.047973335958046,0,0,138.70833333333334,661.8190142974174,PIK3CA
Reactome_2022,Tie2 Signaling R-HSA-210993,1/17,0.0084693662805775,0.047973335958046,0,0,138.70833333333334,661.8190142974174,PIK3CA
Reactome_2022,Signaling By Cytosolic FGFR1 Fusion Mutants R-HSA-1839117,1/17,0.0084693662805775,0.047973335958046,0,0,138.70833333333334,661.8190142974174,PIK3CA
Reactome_2022,PI-3K cascade:FGFR3 R-HSA-5654710,1/18,0.0089655500933473,0.047973335958046,0,0,130.54248366013073,615.425022203049,PIK3CA
Reactome_2022,TP53 Regulates Transcription Of Genes Involved In G2 Cell Cycle Arrest R-HSA-6804114,1/18,0.0089655500933473,0.047973335958046,0,0,130.54248366013073,615.425022203049,TP53
Reactome_2022,Regulation Of NF-kappa B Signaling R-HSA-9758274,1/18,0.0089655500933473,0.047973335958046,0,0,130.54248366013073,615.425022203049,TP53
Reactome_2022,Constitutive Signaling By Ligand-Responsive EGFR Cancer Variants R-HSA-1236382,1/18,0.0089655500933473,0.047973335958046,0,0,130.54248366013073,615.425022203049,PIK3CA
Reactome_2022,Regulation Of Signaling By CBL R-HSA-912631,1/18,0.0089655500933473,0.047973335958046,0,0,130.54248366013073,615.425022203049,PIK3CA
Reactome_2022,Defective GALNT12 Causes CRCS1 R-HSA-5083636,1/18,0.0089655500933473,0.047973335958046,0,0,130.54248366013073,615.425022203049,MUC16
Reactome_2022,Defective GALNT3 Causes HFTC R-HSA-5083625,1/18,0.0089655500933473,0.047973335958046,0,0,130.54248366013073,615.425022203049,MUC16
Reactome_2022,Signaling By FLT3 Fusion Proteins R-HSA-9703465,1/18,0.0089655500933473,0.047973335958046,0,0,130.54248366013073,615.425022203049,PIK3CA
Reactome_2022,Regulation Of TP53 Activity Thru Methylation R-HSA-6804760,1/19,0.0094615105123957,0.047973335958046,0,0,123.28395061728396,574.5677163606151,TP53
Reactome_2022,Defective C1GALT1C1 Causes TNPS R-HSA-5083632,1/19,0.0094615105123957,0.047973335958046,0,0,123.28395061728396,574.5677163606151,MUC16
Reactome_2022,SUMOylation Of Transcription Factors R-HSA-3232118,1/19,0.0094615105123957,0.047973335958046,0,0,123.28395061728396,574.5677163606151,TP53
Reactome_2022,Signaling By KIT In Disease R-HSA-9669938,1/19,0.0094615105123957,0.047973335958046,0,0,123.28395061728396,574.5677163606151,PIK3CA
Reactome_2022,Signaling By PDGFR In Disease R-HSA-9671555,1/19,0.0094615105123957,0.047973335958046,0,0,123.28395061728396,574.5677163606151,PIK3CA
Reactome_2022,Intracellular Signaling By Second Messengers R-HSA-9006925,2/306,0.0096817983701817,0.047973335958046,0,0,16.189144736842106,75.07728196353305,PIK3CA;TP53
Reactome_2022,PI-3K cascade:FGFR4 R-HSA-5654720,1/20,0.0099572476243861,0.047973335958046,0,0,116.78947368421052,538.3357753631753,PIK3CA
Reactome_2022,TP53 Regulates Transcription Of Genes Involved In Cytochrome C Release R-HSA-6803204,1/20,0.0099572476243861,0.047973335958046,0,0,116.78947368421052,538.3357753631753,TP53
Reactome_2022,PI-3K cascade:FGFR1 R-HSA-5654689,1/21,0.0104527615118676,0.047973335958046,0,0,110.94444444444444,506.0053047065427,PIK3CA
Reactome_2022,TP53 Regulates Transcription Of Additional Cell Cycle Genes With Uncertain Roles In P53 Pathway R-HSA-6804115,1/21,0.0104527615118676,0.047973335958046,0,0,110.94444444444444,506.0053047065427,TP53
Reactome_2022,Signaling By FGFR3 In Disease R-HSA-5655332,1/21,0.0104527615118676,0.047973335958046,0,0,110.94444444444444,506.0053047065427,PIK3CA
Reactome_2022,Nephrin Family Interactions R-HSA-373753,1/22,0.0109480522580432,0.047973335958046,0,0,105.65608465608466,476.9942956890701,PIK3CA
Reactome_2022,PI-3K cascade:FGFR2 R-HSA-5654695,1/23,0.0114431199495764,0.047973335958046,0,0,100.84848484848484,450.8296990682604,PIK3CA
Reactome_2022,CD28 Dependent PI3K/Akt Signaling R-HSA-389357,1/23,0.0114431199495764,0.047973335958046,0,0,100.84848484848484,450.8296990682604,PIK3CA
Reactome_2022,Signaling By NTRK2 (TRKB) R-HSA-9006115,1/23,0.0114431199495764,0.047973335958046,0,0,100.84848484848484,450.8296990682604,PIK3CA
Reactome_2022,Defective Intrinsic Pathway For Apoptosis R-HSA-9734009,1/24,0.0119379646683197,0.047973335958046,0,0,96.45893719806764,427.1232267263204,TP53
Reactome_2022,Downstream Signaling Of Activated FGFR3 R-HSA-5654708,1/24,0.0119379646683197,0.047973335958046,0,0,96.45893719806764,427.1232267263204,PIK3CA
Reactome_2022,Signaling By EGFR In Cancer R-HSA-1643713,1/24,0.0119379646683197,0.047973335958046,0,0,96.45893719806764,427.1232267263204,PIK3CA
Reactome_2022,Signaling By ERBB2 KD Mutants R-HSA-9664565,1/24,0.0119379646683197,0.047973335958046,0,0,96.45893719806764,427.1232267263204,PIK3CA
Reactome_2022,Signaling By Erythropoietin R-HSA-9006335,1/24,0.0119379646683197,0.047973335958046,0,0,96.45893719806764,427.1232267263204,PIK3CA
Reactome_2022,Termination Of O-glycan Biosynthesis R-HSA-977068,1/25,0.0124325865055395,0.047973335958046,0,0,92.4351851851852,405.55330287566494,MUC16
Reactome_2022,Signaling By ERBB2 In Cancer R-HSA-1227990,1/25,0.0124325865055395,0.047973335958046,0,0,92.4351851851852,405.55330287566494,PIK3CA
Reactome_2022,Innate Immune System R-HSA-168249,3/1035,0.0126093533989777,0.047973335958046,0,0,7.872923588039867,34.430785899935415,PIK3CA;MUC16;TP53
Reactome_2022,Pyroptosis R-HSA-5620971,1/26,0.0129269855424658,0.047973335958046,0,0,88.73333333333333,385.85142072369416,TP53
Reactome_2022,Role Of Phospholipids In Phagocytosis R-HSA-2029485,1/26,0.0129269855424658,0.047973335958046,0,0,88.73333333333333,385.85142072369416,PIK3CA
Reactome_2022,Downstream Signaling Of Activated FGFR4 R-HSA-5654716,1/26,0.0129269855424658,0.047973335958046,0,0,88.73333333333333,385.85142072369416,PIK3CA
Reactome_2022,Signaling By ALK R-HSA-201556,1/26,0.0129269855424658,0.047973335958046,0,0,88.73333333333333,385.85142072369416,PIK3CA
Reactome_2022,FLT3 Signaling In Disease R-HSA-9682385,1/27,0.0134211618656948,0.047973335958046,0,0,85.31623931623932,367.7917019980768,PIK3CA
Reactome_2022,Interleukin Receptor SHC Signaling R-HSA-912526,1/27,0.0134211618656948,0.047973335958046,0,0,85.31623931623932,367.7917019980768,PIK3CA
Reactome_2022,DAP12 Signaling R-HSA-2424491,1/28,0.0139151155631478,0.047973335958046,0,0,82.1522633744856,351.18281785053944,PIK3CA
Reactome_2022,Downstream Signal Transduction R-HSA-186763,1/28,0.0139151155631478,0.047973335958046,0,0,82.1522633744856,351.18281785053944,PIK3CA
Reactome_2022,Regulation Of TP53 Activity Thru Acetylation R-HSA-6804758,1/29,0.0144088467211374,0.047973335958046,0,0,79.21428571428571,335.8616722924233,TP53
Reactome_2022,Dectin-2 Family R-HSA-5621480,1/29,0.0144088467211374,0.047973335958046,0,0,79.21428571428571,335.8616722924233,MUC16
Reactome_2022,Downstream Signaling Of Activated FGFR2 R-HSA-5654696,1/29,0.0144088467211374,0.047973335958046,0,0,79.21428571428571,335.8616722924233,PIK3CA
Reactome_2022,Activation Of BH3-only Proteins R-HSA-114452,1/30,0.0149023554252653,0.047973335958046,0,0,76.47892720306514,321.6884165593148,TP53
Reactome_2022,Downstream Signaling Of Activated FGFR1 R-HSA-5654687,1/30,0.0149023554252653,0.047973335958046,0,0,76.47892720306514,321.6884165593148,PIK3CA
Reactome_2022,FGFR1 Mutant Receptor Activation R-HSA-1839124,1/30,0.0149023554252653,0.047973335958046,0,0,76.47892720306514,321.6884165593148,PIK3CA
Reactome_2022,GPVI-mediated Activation Cascade R-HSA-114604,1/32,0.0158887058240637,0.0504573766034457,0,0,71.53763440860214,296.3193797028303,PIK3CA
Reactome_2022,Oncogene Induced Senescence R-HSA-2559585,1/33,0.0163815476907073,0.0513288494308828,0,0,69.29861111111111,284.9281499305533,TP53
Reactome_2022,CD28 Co-Stimulation R-HSA-389356,1/34,0.0168741674533513,0.0521767019939154,0,0,67.1952861952862,274.2892350890436,PIK3CA
Reactome_2022,Regulation Of TP53 Degradation R-HSA-6804757,1/36,0.0178587410119325,0.0538051812538993,0,0,63.34920634920635,254.99716559529236,TP53
Reactome_2022,Signaling By FGFR1 In Disease R-HSA-5655302,1/36,0.0178587410119325,0.0538051812538993,0,0,63.34920634920635,254.99716559529236,PIK3CA
Reactome_2022,FLT3 Signaling R-HSA-9607240,1/37,0.0183506949831896,0.0539051665131195,0,0,61.58641975308642,246.2279153977221,PIK3CA
Reactome_2022,Regulation Of TP53 Expression And Degradation R-HSA-6806003,1/37,0.0183506949831896,0.0539051665131195,0,0,61.58641975308642,246.2279153977221,TP53
Reactome_2022,Association Of TriC/CCT With Target Proteins During Biosynthesis R-HSA-390471,1/38,0.0188424272009397,0.054088992514312,0,0,59.91891891891892,237.97662594437213,TP53
Reactome_2022,Ovarian Tumor Domain Proteases R-HSA-5689896,1/39,0.0193339377497966,0.054088992514312,0,0,58.33918128654971,230.20018425524987,TP53
Reactome_2022,Transcriptional Regulation By VENTX R-HSA-8853884,1/39,0.0193339377497966,0.054088992514312,0,0,58.33918128654971,230.20018425524987,TP53
Reactome_2022,Signaling By FGFR3 R-HSA-5654741,1/39,0.0193339377497966,0.054088992514312,0,0,58.33918128654971,230.20018425524987,PIK3CA
Reactome_2022,RET Signaling R-HSA-8853659,1/40,0.019825226718581,0.054173584637983,0,0,56.84045584045584,222.8600635525676,PIK3CA
Reactome_2022,Signaling By FGFR4 R-HSA-5654743,1/40,0.019825226718581,0.054173584637983,0,0,56.84045584045584,222.8600635525676,PIK3CA
Reactome_2022,Signaling By Interleukins R-HSA-449147,2/453,0.0204231942122128,0.0544704213780518,0,0,10.830931263858092,42.14406391785023,PIK3CA;TP53
Reactome_2022,Signaling By FGFR2 In Disease R-HSA-5655253,1/42,0.0208071402680988,0.0544704213780518,0,0,54.06233062330623,209.35416251688036,PIK3CA
Reactome_2022,Signaling By SCF-KIT R-HSA-1433557,1/42,0.0208071402680988,0.0544704213780518,0,0,54.06233062330623,209.35416251688036,PIK3CA
Reactome_2022,DAP12 Interactions R-HSA-2172127,1/43,0.0212977650246516,0.0544704213780518,0,0,52.77248677248677,203.12938317607103,PIK3CA
Reactome_2022,PI3K Cascade R-HSA-109704,1/44,0.0217881685512207,0.0544704213780518,0,0,51.542635658914726,197.22213203300183,PIK3CA
Reactome_2022,TP53 Regulates Transcription Of Cell Death Genes R-HSA-5633008,1/44,0.0217881685512207,0.0544704213780518,0,0,51.542635658914726,197.22213203300183,TP53
Reactome_2022,Interleukin-2 Family Signaling R-HSA-451927,1/44,0.0217881685512207,0.0544704213780518,0,0,51.542635658914726,197.22213203300183,PIK3CA
Reactome_2022,"Interleukin-3, Interleukin-5 And GM-CSF Signaling R-HSA-512988",1/44,0.0217881685512207,0.0544704213780518,0,0,51.542635658914726,197.22213203300183,PIK3CA
Reactome_2022,TAK1-dependent IKK And NF-kappa-B Activation R-HSA-445989,1/45,0.0222783509374741,0.055109604950594,0,0,50.36868686868687,191.60953052295557,TP53
Reactome_2022,IRS-mediated Signaling R-HSA-112399,1/47,0.0232580526351399,0.0569337746797695,0,0,48.17391304347826,181.18709015535836,PIK3CA
Reactome_2022,TP53 Regulates Transcription Of Cell Cycle Genes R-HSA-6791312,1/49,0.0242368708211977,0.0569566464298146,0,0,46.16203703703704,171.71724838044534,TP53
Reactome_2022,Signaling By EGFR R-HSA-177929,1/49,0.0242368708211977,0.0569566464298146,0,0,46.16203703703704,171.71724838044534,PIK3CA
Reactome_2022,Signaling By ERBB2 R-HSA-1227986,1/49,0.0242368708211977,0.0569566464298146,0,0,46.16203703703704,171.71724838044534,PIK3CA
Reactome_2022,Signaling By FGFR1 R-HSA-5654736,1/49,0.0242368708211977,0.0569566464298146,0,0,46.16203703703704,171.71724838044534,PIK3CA
Reactome_2022,Ion Homeostasis R-HSA-5578775,1/50,0.024725948817258,0.0569757640024811,0,0,45.21768707482993,167.3010120823387,RYR2
Reactome_2022,Synthesis Of PIPs At Plasma Membrane R-HSA-1660499,1/51,0.0252148061968427,0.0569757640024811,0,0,44.31111111111111,163.07924167915206,PIK3CA
Reactome_2022,Autodegradation Of E3 Ubiquitin Ligase COP1 R-HSA-349425,1/51,0.0252148061968427,0.0569757640024811,0,0,44.31111111111111,163.07924167915206,TP53
Reactome_2022,IRS-related Events Triggered By IGF1R R-HSA-2428928,1/51,0.0252148061968427,0.0569757640024811,0,0,44.31111111111111,163.07924167915206,PIK3CA
Reactome_2022,IGF1R Signaling Cascade R-HSA-2428924,1/52,0.0257034430516592,0.056984048274905,0,0,43.4400871459695,159.03982037824832,PIK3CA
Reactome_2022,Signaling By PDGF R-HSA-186797,1/52,0.0257034430516592,0.056984048274905,0,0,43.4400871459695,159.03982037824832,PIK3CA
Reactome_2022,Insulin Receptor Signaling Cascade R-HSA-74751,1/53,0.0261918594705427,0.0569915460701625,0,0,42.6025641025641,155.17160141847094,PIK3CA
Reactome_2022,Signaling By Type 1 Insulin-like Growth Factor 1 Receptor (IGF1R) R-HSA-2404192,1/53,0.0261918594705427,0.0569915460701625,0,0,42.6025641025641,155.17160141847094,PIK3CA
Reactome_2022,Intrinsic Pathway For Apoptosis R-HSA-109606,1/55,0.0271680313352525,0.0580407942162213,0,0,41.02057613168724,147.90847858667095,TP53
Reactome_2022,Signaling By ALK Fusions And Activated Point Mutants R-HSA-9725370,1/55,0.0271680313352525,0.0580407942162213,0,0,41.02057613168724,147.90847858667095,PIK3CA
Reactome_2022,Stabilization Of P53 R-HSA-69541,1/56,0.0276557869621033,0.0584208126906805,0,0,40.27272727272727,144.49533489369065,TP53
Reactome_2022,Regulated Necrosis R-HSA-5218859,1/57,0.0281433225032358,0.0584208126906805,0,0,39.5515873015873,141.21677360109922,TP53
Reactome_2022,Signaling By ERBB4 R-HSA-1236394,1/57,0.0281433225032358,0.0584208126906805,0,0,39.5515873015873,141.21677360109922,PIK3CA
Reactome_2022,O-linked Glycosylation Of Mucins R-HSA-913709,1/59,0.0291177336711439,0.0584208126906805,0,0,38.18390804597701,135.03387352863817,MUC16
Reactome_2022,Role Of GTSE1 In G2/M Progression After G2 Checkpoint R-HSA-8852276,1/59,0.0291177336711439,0.0584208126906805,0,0,38.18390804597701,135.03387352863817,TP53
Reactome_2022,Recruitment And ATM-mediated Phosphorylation Of Repair And Signal Proteins At DNA Double Strand Breaks R-HSA-5693565,1/60,0.0296046094730556,0.0584208126906805,0,0,37.53483992467044,132.1160756075347,TP53
Reactome_2022,Meiotic Synapsis R-HSA-1221632,1/60,0.0296046094730556,0.0584208126906805,0,0,37.53483992467044,132.1160756075347,SYNE1
Reactome_2022,Regulation Of PTEN Gene Transcription R-HSA-8943724,1/61,0.030091265543298,0.0584208126906805,0,0,36.907407407407405,129.30585220246812,TP53
Reactome_2022,DNA Damage/Telomere Stress Induced Senescence R-HSA-2559586,1/61,0.030091265543298,0.0584208126906805,0,0,36.907407407407405,129.30585220246812,TP53
Reactome_2022,DNA Double Strand Break Response R-HSA-5693606,1/61,0.030091265543298,0.0584208126906805,0,0,36.907407407407405,129.30585220246812,TP53
Reactome_2022,Signaling By FGFR In Disease R-HSA-1226099,1/61,0.030091265543298,0.0584208126906805,0,0,36.907407407407405,129.30585220246812,PIK3CA
Reactome_2022,TP53 Regulates Transcription Of DNA Repair Genes R-HSA-6796648,1/62,0.0305777019615051,0.0584208126906805,0,0,36.30054644808743,126.59758326788086,TP53
Reactome_2022,Pre-NOTCH Transcription And Translation R-HSA-1912408,1/62,0.0305777019615051,0.0584208126906805,0,0,36.30054644808743,126.59758326788086,TP53
Reactome_2022,Signaling By MET R-HSA-6806834,1/63,0.0310639188209322,0.0588711364751538,0,0,35.71326164874552,123.9860268803296,PIK3CA
Reactome_2022,Hemostasis R-HSA-109582,2/576,0.0319675084808714,0.0597491122037162,0,0,8.456445993031359,29.11584166049152,PIK3CA;TP53
Reactome_2022,p53-Dependent G1 DNA Damage Response R-HSA-69563,1/65,0.0320356942028436,0.0597491122037162,0,0,34.59375,119.03379191454992,TP53
Reactome_2022,G1/S DNA Damage Checkpoints R-HSA-69615,1/67,0.0330065923938031,0.0610751906499507,0,0,33.54208754208754,114.4136695514984,TP53
Reactome_2022,Costimulation By CD28 Family R-HSA-388841,1/68,0.0334917127632155,0.061488691401216,0,0,33.03980099502488,112.21827165973409,PIK3CA
Reactome_2022,Diseases Associated With O-glycosylation Of Proteins R-HSA-3906995,1/69,0.033976614095502,0.0618953822669997,0,0,32.552287581699346,110.09453231300331,MUC16
Reactome_2022,Diseases Of Programmed Cell Death R-HSA-9645723,1/71,0.0349457600054768,0.063171181548362,0,0,31.61904761904762,106.04896194083372,TP53
Reactome_2022,Signaling By FGFR2 R-HSA-5654738,1/72,0.0354300047601861,0.0635576421270515,0,0,31.172143974960875,104.12107765370268,PIK3CA
Reactome_2022,Extra-nuclear Estrogen Signaling R-HSA-9009391,1/73,0.0359140308301434,0.0639378579173009,0,0,30.73765432098765,102.2527178173034,PIK3CA
Reactome_2022,G2/M DNA Damage Checkpoint R-HSA-69473,1/77,0.0378479500125182,0.0662335127387993,0,0,29.114035087719294,95.32454660857232,TP53
Reactome_2022,Signaling By Insulin Receptor R-HSA-74752,1/77,0.0378479500125182,0.0662335127387993,0,0,29.114035087719294,95.32454660857232,PIK3CA
Reactome_2022,Pre-NOTCH Expression And Processing R-HSA-1912422,1/78,0.038330883967986,0.0662335127387993,0,0,28.734487734487736,93.71751271850756,TP53
Reactome_2022,Constitutive Signaling By Aberrant PI3K In Cancer R-HSA-2219530,1/78,0.038330883967986,0.0662335127387993,0,0,28.734487734487736,93.71751271850756,PIK3CA
Reactome_2022,TP53 Regulates Metabolic Genes R-HSA-5628897,1/81,0.039778377237952,0.0682329828534213,0,0,27.65277777777778,89.16449601956255,TP53
Reactome_2022,PI Metabolism R-HSA-1483255,1/82,0.0402604390785998,0.0682515915842242,0,0,27.310013717421125,87.73030443537515,PIK3CA
Reactome_2022,Cell Cycle R-HSA-1640170,2/654,0.0403700903413071,0.0682515915842242,0,0,7.414877300613497,23.79928035405648,TP53;SYNE1
Reactome_2022,Signaling By FGFR R-HSA-190236,1/86,0.0421865092184754,0.0706116794184924,0,0,26.01960784313725,82.36909635390154,PIK3CA
Reactome_2022,Fcgamma Receptor (FCGR) Dependent Phagocytosis R-HSA-2029480,1/87,0.0426674828826635,0.0706116794184924,0,0,25.71576227390181,81.11569629500502,PIK3CA
Reactome_2022,RAC2 GTPase Cycle R-HSA-9013404,1/87,0.0426674828826635,0.0706116794184924,0,0,25.71576227390181,81.11569629500502,PIK3CA
Reactome_2022,Meiosis R-HSA-1500620,1/88,0.0431482391729825,0.0709079454940621,0,0,25.41890166028097,79.89449726957503,SYNE1
Reactome_2022,Chaperonin-mediated Protein Folding R-HSA-390466,1/90,0.0441090999770031,0.0714871620316947,0,0,24.845193508114857,77.54406436315156,TP53
Reactome_2022,Regulation Of TP53 Activity Thru Phosphorylation R-HSA-6804756,1/90,0.0441090999770031,0.0714871620316947,0,0,24.845193508114857,77.54406436315156,TP53
Reactome_2022,Oxidative Stress Induced Senescence R-HSA-2559580,1/93,0.0455487630468527,0.0725948387760971,0,0,24.031400966183572,74.2323201774775,TP53
Reactome_2022,VEGFA-VEGFR2 Pathway R-HSA-4420097,1/93,0.0455487630468527,0.0725948387760971,0,0,24.031400966183572,74.2323201774775,PIK3CA
Reactome_2022,Cytokine Signaling In Immune System R-HSA-1280215,2/702,0.0459255703853183,0.0725948387760971,0,0,6.889285714285714,21.22405141737417,PIK3CA;TP53
Reactome_2022,Downstream TCR Signaling R-HSA-202424,1/94,0.0460282169261211,0.0725948387760971,0,0,23.77180406212664,73.18151447362185,PIK3CA
Reactome_2022,Transcriptional Regulation By RUNX3 R-HSA-8878159,1/95,0.0465074540299385,0.072643562493555,0,0,23.5177304964539,72.15575261450543,TP53
Reactome_2022,Protein Folding R-HSA-391251,1/96,0.0469864744639164,0.072643562493555,0,0,23.269005847953217,71.15418818005004,TP53
Reactome_2022,MyD88 Cascade Initiated On Plasma Membrane R-HSA-975871,1/96,0.0469864744639164,0.072643562493555,0,0,23.269005847953217,71.15418818005004,TP53
Reactome_2022,Stimuli-sensing Channels R-HSA-2672351,1/100,0.0489003911418304,0.0743923652903641,0,0,22.32435465768799,67.37423003045056,RYR2
Reactome_2022,Disease R-HSA-1643685,3/1736,0.0492863757535896,0.0743923652903641,0,0,4.514961668452725,13.59052038680846,PIK3CA;MUC16;TP53
Reactome_2022,TRAF6 Mediated Induction Of NFkB And MAP Kinases Upon TLR7/8 Or 9 Activation R-HSA-975138,1/101,0.0493783294859182,0.0743923652903641,0,0,22.1,66.48218412151981,TP53
Reactome_2022,MyD88 Dependent Cascade Initiated On Endosome R-HSA-975155,1/102,0.0498560516752303,0.0743923652903641,0,0,21.88008800880088,65.60996868685889,TP53
Reactome_2022,Signaling By VEGF R-HSA-194138,1/102,0.0498560516752303,0.0743923652903641,0,0,21.88008800880088,65.60996868685889,PIK3CA
Reactome_2022,Toll Like Receptor 3 (TLR3) Cascade R-HSA-168164,1/103,0.0503335577922038,0.0743923652903641,0,0,21.664488017429196,64.75695871628933,TP53
Reactome_2022,Toll Like Receptor 7/8 (TLR7/8) Cascade R-HSA-168181,1/103,0.0503335577922038,0.0743923652903641,0,0,21.664488017429196,64.75695871628933,TP53
Reactome_2022,PI3K/AKT Signaling In Cancer R-HSA-2219528,1/105,0.0512879221660425,0.0744044513778445,0,0,21.24572649572649,63.10618119534448,PIK3CA
Reactome_2022,"PI5P, PP2A And IER3 Regulate PI3K/AKT Signaling R-HSA-6811558",1/106,0.0517647805964337,0.0744044513778445,0,0,21.04232804232804,62.30728596638391,PIK3CA
Reactome_2022,Toll Like Receptor 9 (TLR9) Cascade R-HSA-168138,1/106,0.0517647805964337,0.0744044513778445,0,0,21.04232804232804,62.30728596638391,TP53
Reactome_2022,O-linked Glycosylation R-HSA-5173105,1/107,0.0522414233078482,0.0744044513778445,0,0,20.842767295597483,61.52533852087739,MUC16
Reactome_2022,Interleukin-4 And Interleukin-13 Signaling R-HSA-6785807,1/107,0.0522414233078482,0.0744044513778445,0,0,20.842767295597483,61.52533852087739,TP53
Reactome_2022,MyD88-independent TLR4 Cascade R-HSA-166166,1/107,0.0522414233078482,0.0744044513778445,0,0,20.842767295597483,61.52533852087739,TP53
Reactome_2022,MyD88:MAL(TIRAP) Cascade Initiated On Plasma Membrane R-HSA-166058,1/112,0.0546214040317676,0.0768199646154792,0,0,19.8988988988989,57.85265494685789,TP53
Reactome_2022,Reproduction R-HSA-1474165,1/113,0.0550967542198212,0.0768199646154792,0,0,19.72023809523809,57.16235353894127,SYNE1
Reactome_2022,Negative Regulation Of PI3K/AKT Network R-HSA-199418,1/113,0.0550967542198212,0.0768199646154792,0,0,19.72023809523809,57.16235353894127,PIK3CA
Reactome_2022,Interleukin-1 Signaling R-HSA-9020702,1/114,0.0555718892963041,0.0768199646154792,0,0,19.54473942969518,56.48581741086853,TP53
Reactome_2022,Signaling By NTRK1 (TRKA) R-HSA-187037,1/114,0.0555718892963041,0.0768199646154792,0,0,19.54473942969518,56.48581741086853,PIK3CA
Reactome_2022,TCR Signaling R-HSA-202403,1/116,0.0565215144325384,0.0776757654482254,0,0,19.20289855072464,55.17249932078826,PIK3CA
Reactome_2022,Cell-Cell Communication R-HSA-1500931,1/120,0.0584181871042884,0.0798155463343475,0,0,18.55368814192344,52.69484946624011,PIK3CA
Reactome_2022,Cardiac Conduction R-HSA-5576891,1/126,0.0612567624754281,0.0832100530735584,0,0,17.657777777777778,49.3125409946923,RYR2
Reactome_2022,Fc Epsilon Receptor (FCERI) Signaling R-HSA-2454202,1/130,0.0631448649915911,0.085281857890942,0,0,17.1068044788975,47.25453226369782,PIK3CA
Reactome_2022,Signaling By NTRKs R-HSA-166520,1/132,0.064087634006374,0.0860605370942737,0,0,16.843935538592028,46.27877775631816,PIK3CA
Reactome_2022,Cell Surface Interactions At Vascular Wall R-HSA-202733,1/134,0.0650295490975947,0.0867272527555622,0,0,16.588972431077693,45.33622688859099,PIK3CA
Reactome_2022,Immune System R-HSA-168256,3/1943,0.0653222286712106,0.0867272527555622,0,0,3.987481590574374,10.879536053886806,PIK3CA;MUC16;TP53
Reactome_2022,Factors Involved In Megakaryocyte Development And Platelet Production R-HSA-983231,1/136,0.0659706109648584,0.0870960313300098,0,0,16.34156378600823,44.42529163101855,TP53
Reactome_2022,PTEN Regulation R-HSA-6807070,1/139,0.0673806054536277,0.0884605714056006,0,0,15.98389694041868,43.11493252457917,TP53
Reactome_2022,Toll Like Receptor 4 (TLR4) Cascade R-HSA-166016,1/140,0.0678501777388971,0.0885821764924491,0,0,15.86810551558753,42.69239642260823,TP53
Reactome_2022,C-type Lectin Receptors (CLRs) R-HSA-5621481,1/141,0.0683195372380125,0.0887021616073644,0,0,15.753968253968257,42.27671121747236,MUC16
Reactome_2022,Diseases Of Glycosylation R-HSA-3781865,1/143,0.0692576181978487,0.0894260454752442,0,0,15.530516431924882,41.46526951018726,MUC16
Reactome_2022,G2/M Checkpoints R-HSA-69481,1/148,0.0715991027195359,0.0919442029458522,0,0,14.998488284202567,39.54610515433267,TP53
Reactome_2022,DNA Double-Strand Break Repair R-HSA-5693532,1/149,0.0720667629517442,0.0920417896394559,0,0,14.896396396396396,39.17994060077916,TP53
Reactome_2022,Interleukin-1 Family Signaling R-HSA-446652,1/152,0.0734684718687947,0.0933248156171176,0,0,14.59823399558499,38.11451335774776,TP53
Reactome_2022,Regulation Of TP53 Activity R-HSA-5633007,1/157,0.0758004191937405,0.0957693468308012,0,0,14.126780626780628,36.44217021371992,TP53
Reactome_2022,Toll-like Receptor Cascades R-HSA-168898,1/162,0.0781270830081257,0.0981810936198371,0,0,13.684610075914424,34.88779821293247,TP53
Reactome_2022,Cellular Senescence R-HSA-2559583,1/165,0.0795205496250796,0.0994006870313495,0,0,13.432249322493226,34.00696027874125,TP53
Reactome_2022,SUMO E3 Ligases SUMOylate Target Proteins R-HSA-3108232,1/168,0.0809121203148388,0.1006050173226832,0,0,13.188955422488355,33.16219935568782,TP53
Reactome_2022,SUMOylation R-HSA-2990846,1/174,0.0836895830239611,0.1035108000559519,0,0,12.727681438664098,31.572805424981038,TP53
Reactome_2022,Ion Channel Transport R-HSA-983712,1/175,0.0841517583384419,0.1035375037148369,0,0,12.65389527458493,31.32007963491698,RYR2
Reactome_2022,Apoptosis R-HSA-109581,1/178,0.0855370257686186,0.104151300806349,0,0,12.437539234149405,30.581495433145506,TP53
Reactome_2022,RAC1 GTPase Cycle R-HSA-9013149,1/178,0.0855370257686186,0.104151300806349,0,0,12.437539234149405,30.581495433145506,PIK3CA
Reactome_2022,G2/M Transition R-HSA-69275,1/182,0.0873811155878078,0.10584825857286,0,0,12.160220994475138,29.64024790437689,TP53
Reactome_2022,Mitotic G2-G2/M Phases R-HSA-453274,1/184,0.0883019048329127,0.1064151160806897,0,0,12.026108075288404,29.18728732343428,TP53
Reactome_2022,ESR-mediated Signaling R-HSA-8939211,1/188,0.0901409753843481,0.1080771898740909,0,0,11.766488413547236,28.314647577691105,PIK3CA
Reactome_2022,Muscle Contraction R-HSA-397014,1/196,0.0938091036064344,0.1119042606472694,0,0,11.27920227920228,26.69215746118742,RYR2
Reactome_2022,Ub-specific Processing Proteases R-HSA-5689880,1/201,0.0960949196820343,0.114052051137768,0,0,10.994444444444444,25.753593684518663,TP53
Reactome_2022,Signaling By NOTCH R-HSA-157118,1/203,0.0970077921963338,0.1145569405333591,0,0,10.884488448844884,25.39311940245665,TP53
Reactome_2022,Phospholipid Metabolism R-HSA-1483257,1/208,0.0992863444698879,0.1160810495045953,0,0,10.618894256575416,24.52696165121757,PIK3CA
Reactome_2022,Programmed Cell Death R-HSA-5357801,1/208,0.0992863444698879,0.1160810495045953,0,0,10.618894256575416,24.52696165121757,TP53
Reactome_2022,G Alpha (Q) Signaling Events R-HSA-416476,1/212,0.1011054591754641,0.1176226876546241,0,0,10.415481832543444,23.86802605954351,PIK3CA
Reactome_2022,Diseases Of Metabolism R-HSA-5668914,1/247,0.1168822276294192,0.1353070122803622,0,0,8.917795844625113,19.142837582768426,MUC16
Reactome_2022,"Platelet Activation, Signaling And Aggregation R-HSA-76002",1/254,0.1200075101108378,0.1382439454708181,0,0,8.66798418972332,18.377868347453823,PIK3CA
Reactome_2022,Signaling By Nuclear Receptors R-HSA-9006931,1/260,0.1226783971960487,0.1406313333710802,0,0,8.464607464607464,17.760346311661674,PIK3CA
Reactome_2022,RAF/MAP Kinase Cascade R-HSA-5673001,1/271,0.1275560817207028,0.1448100444655321,0,0,8.11522633744856,16.710867212319627,PIK3CA
Reactome_2022,Cell Cycle Checkpoints R-HSA-69620,1/271,0.1275560817207028,0.1448100444655321,0,0,8.11522633744856,16.710867212319627,TP53
Reactome_2022,MAPK1/MAPK3 Signaling R-HSA-5684996,1/277,0.1302063371278302,0.1471081212742313,0,0,7.936392914653784,16.179407402399576,PIK3CA
Reactome_2022,Deubiquitination R-HSA-5688426,1/279,0.1310881440726684,0.1473957600817084,0,0,7.87849720223821,16.008202860337175,TP53
Reactome_2022,DNA Repair R-HSA-73894,1/310,0.1446536576340862,0.1618743311619536,0,0,7.076950737144912,13.682668285085878,TP53
Reactome_2022,MAPK Family Signaling Cascades R-HSA-5683057,1/318,0.1481233490467241,0.1648403735160545,0,0,6.895548545390817,13.168497411540082,PIK3CA
Reactome_2022,Post-translational Protein Modification R-HSA-597592,2/1383,0.1487070603634193,0.1648403735160545,0,0,3.3687545257060103,6.420094712009985,MUC16;TP53
Reactome_2022,Transcriptional Regulation By TP53 R-HSA-3700989,1/354,0.163580733072039,0.18047639564286,0,0,6.180988353792887,11.1903618987592,TP53
Reactome_2022,Diseases Of Signal Transduction By Growth Factor Receptors And Second Messengers R-HSA-5663202,1/424,0.1929161492214785,0.2118471732105021,0,0,5.139742579458892,8.457444587190968,PIK3CA
Reactome_2022,RHO GTPase Cycle R-HSA-9012999,1/441,0.1998992122432958,0.2184944878008117,0,0,4.936868686868687,7.948072140035872,PIK3CA
Reactome_2022,Signaling By Receptor Tyrosine Kinases R-HSA-9006934,1/496,0.2221205261431451,0.2416589057575884,0,0,4.375982042648709,6.583818728383173,PIK3CA
Reactome_2022,Axon Guidance R-HSA-422475,1/519,0.2312471903607408,0.2504289849528761,0,0,4.176748176748177,6.115878918361201,PIK3CA
Reactome_2022,"Cell Cycle, Mitotic R-HSA-69278",1/523,0.232824561420429,0.2509806052009212,0,0,4.143891017454236,6.039597107689247,TP53
Reactome_2022,Nervous System Development R-HSA-9675108,1/545,0.2414481520128698,0.2590881996485133,0,0,3.971813725490196,5.644346552214524,PIK3CA
Reactome_2022,Metabolism Of Proteins R-HSA-392499,2/1890,0.2426549925080688,0.2591996510881644,0,0,2.3969809322033897,3.394399762106341,MUC16;TP53
Reactome_2022,GPCR Downstream Signaling R-HSA-388396,1/619,0.2698183394483883,0.2869109039383314,0,0,3.4829198130169003,4.562647117861525,PIK3CA
Reactome_2022,Signaling By Rho GTPases R-HSA-194315,1/644,0.2791847857038615,0.2955334443261597,0,0,3.3431829963711768,4.265505008697603,PIK3CA
Reactome_2022,"Signaling By Rho GTPases, Miro GTPases And RHOBTB3 R-HSA-9716542",1/660,0.2851224193184625,0.3004653297750614,0,0,3.259315461136402,4.08990849282379,PIK3CA
Reactome_2022,Signaling By GPCR R-HSA-372790,1/689,0.2957722902024504,0.3102968223106064,0,0,3.117248062015504,3.797323765313496,PIK3CA
Reactome_2022,Transport Of Small Molecules R-HSA-382551,1/706,0.3019487220892802,0.3153686652932483,0,0,3.0394011032308903,3.6396769563827966,RYR2
Reactome_2022,Cellular Responses To Stress R-HSA-2262752,1/722,0.3077172531482181,0.3199714800435011,0,0,2.969486823855756,3.499759746858065,TP53
Reactome_2022,Metabolism Of Lipids R-HSA-556833,1/732,0.3113007623273018,0.3209232708479032,0,0,2.92734458124335,3.41619869296118,PIK3CA
Reactome_2022,Adaptive Immune System R-HSA-1280218,1/733,0.3116581934116328,0.3209232708479032,0,0,2.9231936854887675,3.408000171445728,PIK3CA
Reactome_2022,Cellular Responses To Stimuli R-HSA-8953897,1/736,0.3127294852092332,0.3209232708479032,0,0,2.910808767951625,3.3835727999206084,TP53
Reactome_2022,Signal Transduction R-HSA-162582,2/2465,0.3543407333108205,0.362043792730621,0,0,1.7790296386520503,1.8457366771209824,PIK3CA;TP53
Reactome_2022,Developmental Biology R-HSA-1266738,1/1073,0.4239464051020307,0.4312874683938408,0,0,1.960820895522388,1.6826749902533904,PIK3CA
Reactome_2022,Generic Transcription Pathway R-HSA-212436,1/1190,0.458589530099033,0.4645195671261757,0,0,1.7569386038687973,1.3697088769382677,TP53
Reactome_2022,RNA Polymerase II Transcription R-HSA-73857,1/1312,0.492705423134322,0.4969346542341873,0,0,1.58310026273413,1.1205877097479118,TP53
Reactome_2022,Gene Expression (Transcription) R-HSA-74160,1/1449,0.5286998666562327,0.5309592677957893,0,0,1.42280540208717,0.9068027816570754,TP53
Reactome_2022,Metabolism R-HSA-1430728,1/2049,0.660784294767674,0.660784294767674,0,0,0.9734157986111112,0.4033132497401587,PIK3CA
GO_Biological_Process_2023,Response To Muscle Stretch (GO:0035994),3/14,3.266577215565401e-08,1.0453047089809284e-05,0,0,778.4025974025974,13417.277334060176,RYR2;PIK3CA;TTN
GO_Biological_Process_2023,Cardiac Muscle Contraction (GO:0060048),3/33,4.87209776007033e-07,7.795356416112528e-05,0,0,285.1428571428572,4144.429117984584,RYR2;PIK3CA;TTN
GO_Biological_Process_2023,Heart Contraction (GO:0060047),3/41,9.49926012263113e-07,0.0001013254413080654,0,0,225.02255639097743,3120.3611776790444,RYR2;PIK3CA;TTN
GO_Biological_Process_2023,Striated Muscle Hypertrophy (GO:0014897),2/5,2.248131259405612e-06,0.00015377517484640847,0,0,1665.5833333333333,21661.596201528788,RYR2;TTN
GO_Biological_Process_2023,Striated Muscle Contraction (GO:0006941),3/57,2.5964861444328336e-06,0.00015377517484640847,0,0,158.22222222222223,2034.9516166813053,RYR2;PIK3CA;TTN
GO_Biological_Process_2023,Heart Morphogenesis (GO:0003007),3/59,2.8832845283701587e-06,0.00015377517484640847,0,0,152.55612244897958,1946.0944495279173,RYR2;APC;TTN
GO_Biological_Process_2023,Cardiac Muscle Hypertrophy (GO:0003300),2/7,4.71859981396871e-06,0.00021570742006714105,0,0,999.25,12254.800453119931,RYR2;TTN
GO_Biological_Process_2023,Positive Regulation Of Macromolecule Metabolic Process (GO:0010604),3/364,0.000652423042368482,0.0260969216947392,0,0,23.303126236644243,170.92417505980293,KRAS;TP53;TTN
GO_Biological_Process_2023,Positive Regulation Of Plasma Membrane Bounded Cell Projection Assembly (GO:0120034),2/88,0.0008417860041969778,0.0299301690381147,0,0,57.86046511627907,409.651209367184,APC;PIK3CA
GO_Biological_Process_2023,Muscle Contraction (GO:0006936),2/94,0.0009596562010219316,0.0307089984327018,0,0,54.07065217391305,375.7334723220389,RYR2;TTN
GO_Biological_Process_2023,Response To Calcium Ion (GO:0051592),2/106,0.0012178956941286,0.0307976955657366,0,0,47.80288461538461,320.78750745619243,RYR2;TTN
GO_Biological_Process_2023,Small GTPase Mediated Signal Transduction (GO:0007264),2/112,0.0013581911701031,0.0307976955657366,0,0,45.18181818181818,298.27235807102574,KRAS;TP53
GO_Biological_Process_2023,Positive Regulation Of Gene Expression (GO:0010628),3/480,0.0014536790843388,0.0307976955657366,0,0,17.531895777178796,114.54740472715856,KRAS;TP53;TTN
GO_Biological_Process_2023,Protein-Containing Complex Organization (GO:0043933),2/126,0.0017142674950731,0.0307976955657366,0,0,40.05241935483871,255.08462303058465,APC;TP53
GO_Biological_Process_2023,Ras Protein Signal Transduction (GO:0007265),2/144,0.0022305453683866,0.0307976955657366,0,0,34.943661971830984,213.34884837859187,KRAS;TP53
GO_Biological_Process_2023,Cell-Cell Signaling Involved In Cardiac Conduction (GO:0086019),1/5,0.0024977078641967,0.0307976955657366,0,0,555.1666666666666,3326.7706415121643,RYR2
GO_Biological_Process_2023,Regulation Of Thymocyte Apoptotic Process (GO:0070243),1/5,0.0024977078641967,0.0307976955657366,0,0,555.1666666666666,3326.7706415121643,TP53
GO_Biological_Process_2023,Negative Regulation Of Actin Filament Depolymerization (GO:0030835),1/5,0.0024977078641967,0.0307976955657366,0,0,555.1666666666666,3326.7706415121643,PIK3CA
GO_Biological_Process_2023,Regulation Of Pentose-Phosphate Shunt (GO:0043456),1/5,0.0024977078641967,0.0307976955657366,0,0,555.1666666666666,3326.7706415121643,TP53
GO_Biological_Process_2023,Cellular Response To Caffeine (GO:0071313),1/6,0.0029965781728721,0.0307976955657366,0,0,444.1111111111111,2580.4117942926405,RYR2
GO_Biological_Process_2023,Release Of Sequestered Calcium Ion Into Cytosol By Sarcoplasmic Reticulum (GO:0014808),1/6,0.0029965781728721,0.0307976955657366,0,0,444.1111111111111,2580.4117942926405,RYR2
GO_Biological_Process_2023,Response To Alkaloid (GO:0043279),1/6,0.0029965781728721,0.0307976955657366,0,0,444.1111111111111,2580.4117942926405,RYR2
GO_Biological_Process_2023,Response To Caffeine (GO:0031000),1/6,0.0029965781728721,0.0307976955657366,0,0,444.1111111111111,2580.4117942926405,RYR2
GO_Biological_Process_2023,Regulation Of SA Node Cell Action Potential (GO:0098907),1/6,0.0029965781728721,0.0307976955657366,0,0,444.1111111111111,2580.4117942926405,RYR2
GO_Biological_Process_2023,Detection Of Muscle Stretch (GO:0035995),1/6,0.0029965781728721,0.0307976955657366,0,0,444.1111111111111,2580.4117942926405,TTN
GO_Biological_Process_2023,Skeletal Muscle Thin Filament Assembly (GO:0030240),1/6,0.0029965781728721,0.0307976955657366,0,0,444.1111111111111,2580.4117942926405,TTN
GO_Biological_Process_2023,Stress-Induced Premature Senescence (GO:0090400),1/7,0.0034952242970889,0.0307976955657366,0,0,370.0740740740741,2093.271349114512,TP53
GO_Biological_Process_2023,ER Overload Response (GO:0006983),1/7,0.0034952242970889,0.0307976955657366,0,0,370.0740740740741,2093.271349114512,TP53
GO_Biological_Process_2023,Cellular Response To Epinephrine Stimulus (GO:0071872),1/7,0.0034952242970889,0.0307976955657366,0,0,370.0740740740741,2093.271349114512,RYR2
GO_Biological_Process_2023,Regulation Of ATPase-coupled Calcium Transmembrane Transporter Activity (GO:1901894),1/7,0.0034952242970889,0.0307976955657366,0,0,370.0740740740741,2093.271349114512,RYR2
GO_Biological_Process_2023,Release Of Sequestered Calcium Ion Into Cytosol By Endoplasmic Reticulum (GO:1903514),1/7,0.0034952242970889,0.0307976955657366,0,0,370.0740740740741,2093.271349114512,RYR2
GO_Biological_Process_2023,Response To Epinephrine (GO:0071871),1/7,0.0034952242970889,0.0307976955657366,0,0,370.0740740740741,2093.271349114512,RYR2
GO_Biological_Process_2023,Positive Regulation Of Execution Phase Of Apoptosis (GO:1900119),1/7,0.0034952242970889,0.0307976955657366,0,0,370.0740740740741,2093.271349114512,TP53
GO_Biological_Process_2023,"DNA Damage Response, Signal Transduction By P53 Class Mediator Resulting In Transcription Of P21 Class Mediator (GO:0006978)",1/8,0.0039936462613403,0.0307976955657366,0,0,317.1904761904762,1751.8590547314027,TP53
GO_Biological_Process_2023,Regulation Of Helicase Activity (GO:0051095),1/8,0.0039936462613403,0.0307976955657366,0,0,317.1904761904762,1751.8590547314027,TP53
GO_Biological_Process_2023,Anoikis (GO:0043276),1/8,0.0039936462613403,0.0307976955657366,0,0,317.1904761904762,1751.8590547314027,PIK3CA
GO_Biological_Process_2023,Skeletal Myofibril Assembly (GO:0014866),1/8,0.0039936462613403,0.0307976955657366,0,0,317.1904761904762,1751.8590547314027,TTN
GO_Biological_Process_2023,Organic Substance Transport (GO:0071702),2/201,0.0042887731676215,0.0307976955657366,0,0,24.86306532663317,135.54732981615194,RYR2;LRP1B
GO_Biological_Process_2023,Calcium Ion Transport Into Cytosol (GO:0060402),1/9,0.0044918441075108,0.0307976955657366,0,0,277.52777777777777,1500.1741678966396,RYR2
GO_Biological_Process_2023,"DNA Damage Response, Signal Transduction Resulting In Transcription (GO:0042772)",1/9,0.0044918441075108,0.0307976955657366,0,0,277.52777777777777,1500.1741678966396,TP53
GO_Biological_Process_2023,Regulation Of Sequestering Of Calcium Ion (GO:0051282),1/9,0.0044918441075108,0.0307976955657366,0,0,277.52777777777777,1500.1741678966396,RYR2
GO_Biological_Process_2023,Cellular Response To Purine-Containing Compound (GO:0071415),1/9,0.0044918441075108,0.0307976955657366,0,0,277.52777777777777,1500.1741678966396,RYR2
GO_Biological_Process_2023,Hematopoietic Stem Cell Differentiation (GO:0060218),1/9,0.0044918441075108,0.0307976955657366,0,0,277.52777777777777,1500.1741678966396,TP53
GO_Biological_Process_2023,Positive Regulation Of T Cell Apoptotic Process (GO:0070234),1/9,0.0044918441075108,0.0307976955657366,0,0,277.52777777777777,1500.1741678966396,TP53
GO_Biological_Process_2023,Actin-Mediated Cell Contraction (GO:0070252),1/9,0.0044918441075108,0.0307976955657366,0,0,277.52777777777777,1500.1741678966396,PIK3CA
GO_Biological_Process_2023,Negative Regulation Of Telomerase Activity (GO:0051974),1/9,0.0044918441075108,0.0307976955657366,0,0,277.52777777777777,1500.1741678966396,TP53
GO_Biological_Process_2023,Epithelial Cell Apoptotic Process (GO:1904019),1/10,0.0049898178893478,0.0307976955657366,0,0,246.679012345679,1307.4865498601448,RYR2
GO_Biological_Process_2023,Mitotic G1/S Transition Checkpoint Signaling (GO:0044819),1/10,0.0049898178893478,0.0307976955657366,0,0,246.679012345679,1307.4865498601448,TP53
GO_Biological_Process_2023,Positive Regulation Of Cellular Senescence (GO:2000774),1/10,0.0049898178893478,0.0307976955657366,0,0,246.679012345679,1307.4865498601448,TP53
GO_Biological_Process_2023,Positive Regulation Of Transcription From RNA Polymerase II Promoter In Response To Endoplasmic Reticulum Stress (GO:1990440),1/10,0.0049898178893478,0.0307976955657366,0,0,246.679012345679,1307.4865498601448,TP53
GO_Biological_Process_2023,Sarcoplasmic Reticulum Calcium Ion Transport (GO:0070296),1/10,0.0049898178893478,0.0307976955657366,0,0,246.679012345679,1307.4865498601448,RYR2
GO_Biological_Process_2023,Phosphatidylinositol-3-Phosphate Biosynthetic Process (GO:0036092),1/11,0.0054875676690229,0.0307976955657366,0,0,222.0,1155.5699775561973,PIK3CA
GO_Biological_Process_2023,Regulation Of Ventricular Cardiac Muscle Cell Action Potential (GO:0098911),1/11,0.0054875676690229,0.0307976955657366,0,0,222.0,1155.5699775561973,RYR2
GO_Biological_Process_2023,Regulation Of Actin Filament Depolymerization (GO:0030834),1/11,0.0054875676690229,0.0307976955657366,0,0,222.0,1155.5699775561973,PIK3CA
GO_Biological_Process_2023,Regulation Of Cell Population Proliferation (GO:0042127),3/766,0.005487703261824,0.0307976955657366,0,0,10.79966298445984,56.21489672357707,APC;KRAS;TP53
GO_Biological_Process_2023,Regulation Of Transcription From RNA Polymerase II Promoter In Response To Stress (GO:0043618),1/12,0.0059850935124877,0.0307976955657366,0,0,201.8080808080808,1032.9512945731403,TP53
GO_Biological_Process_2023,Relaxation Of Cardiac Muscle (GO:0055119),1/12,0.0059850935124877,0.0307976955657366,0,0,201.8080808080808,1032.9512945731403,PIK3CA
GO_Biological_Process_2023,Regulation Of Actin Filament Organization (GO:0110053),1/12,0.0059850935124877,0.0307976955657366,0,0,201.8080808080808,1032.9512945731403,PIK3CA
GO_Biological_Process_2023,Detection Of Calcium Ion (GO:0005513),1/12,0.0059850935124877,0.0307976955657366,0,0,201.8080808080808,1032.9512945731403,RYR2
GO_Biological_Process_2023,Negative Regulation Of Cell Cycle Phase Transition (GO:1901988),1/12,0.0059850935124877,0.0307976955657366,0,0,201.8080808080808,1032.9512945731403,APC
GO_Biological_Process_2023,Positive Regulation Of Programmed Cell Death (GO:0043068),2/245,0.0063032242642564,0.0307976955657366,0,0,20.31584362139918,102.93416274838243,APC;TP53
GO_Biological_Process_2023,Cardiac Left Ventricle Morphogenesis (GO:0003214),1/13,0.006482395492037,0.0307976955657366,0,0,184.9814814814815,932.059746399125,RYR2
GO_Biological_Process_2023,Relaxation Of Muscle (GO:0090075),1/13,0.006482395492037,0.0307976955657366,0,0,184.9814814814815,932.059746399125,PIK3CA
GO_Biological_Process_2023,Cardiac Cell Development (GO:0055006),1/14,0.0069794736802133,0.0307976955657366,0,0,170.74358974358975,847.7046615380154,TTN
GO_Biological_Process_2023,Vascular Endothelial Growth Factor Signaling Pathway (GO:0038084),1/14,0.0069794736802133,0.0307976955657366,0,0,170.74358974358975,847.7046615380154,PIK3CA
GO_Biological_Process_2023,Cellular Component Assembly (GO:0022607),2/260,0.0070719806523663,0.0307976955657366,0,0,19.12015503875969,94.6756405546456,APC;TP53
GO_Biological_Process_2023,Regulation Of Protein Phosphorylation (GO:0001932),2/265,0.0073373307967401,0.0307976955657366,0,0,18.75190114068441,92.1614715790677,KRAS;TTN
GO_Biological_Process_2023,Cardiac Myofibril Assembly (GO:0055003),1/15,0.0074763281564485,0.0307976955657366,0,0,158.53968253968253,776.212425317664,TTN
GO_Biological_Process_2023,Mitotic Chromosome Condensation (GO:0007076),1/15,0.0074763281564485,0.0307976955657366,0,0,158.53968253968253,776.212425317664,TTN
GO_Biological_Process_2023,Positive Regulation Of Apoptotic Process (GO:0043065),2/270,0.0076071972791003,0.0307976955657366,0,0,18.39738805970149,89.75460986732321,APC;TP53
GO_Biological_Process_2023,Establishment Of Protein Localization To Endoplasmic Reticulum (GO:0072599),1/16,0.0079729589968486,0.0307976955657366,0,0,147.96296296296296,714.9125872208035,RYR2
GO_Biological_Process_2023,Cell Communication By Electrical Coupling Involved In Cardiac Conduction (GO:0086064),1/16,0.0079729589968486,0.0307976955657366,0,0,147.96296296296296,714.9125872208035,RYR2
GO_Biological_Process_2023,Protein Kinase A Signaling (GO:0010737),1/16,0.0079729589968486,0.0307976955657366,0,0,147.96296296296296,714.9125872208035,TTN
GO_Biological_Process_2023,Protein Localization To Endoplasmic Reticulum (GO:0070972),1/16,0.0079729589968486,0.0307976955657366,0,0,147.96296296296296,714.9125872208035,RYR2
GO_Biological_Process_2023,Cellular Response To Gamma Radiation (GO:0071480),1/16,0.0079729589968486,0.0307976955657366,0,0,147.96296296296296,714.9125872208035,TP53
GO_Biological_Process_2023,Vasculature Development (GO:0001944),1/16,0.0079729589968486,0.0307976955657366,0,0,147.96296296296296,714.9125872208035,PIK3CA
GO_Biological_Process_2023,Negative Regulation Of ATP-dependent Activity (GO:0032780),1/16,0.0079729589968486,0.0307976955657366,0,0,147.96296296296296,714.9125872208035,TP53
GO_Biological_Process_2023,Negative Regulation Of Anoikis (GO:2000811),1/16,0.0079729589968486,0.0307976955657366,0,0,147.96296296296296,714.9125872208035,PIK3CA
GO_Biological_Process_2023,Regulation Of Cardiac Muscle Contraction By Regulation Of The Release Of Sequestered Calcium Ion (GO:0010881),1/16,0.0079729589968486,0.0307976955657366,0,0,147.96296296296296,714.9125872208035,RYR2
GO_Biological_Process_2023,Positive Regulation Of Heart Rate (GO:0010460),1/17,0.0084693662805775,0.0307976955657366,0,0,138.70833333333334,661.8190142974174,RYR2
GO_Biological_Process_2023,Negative Regulation Of Fibroblast Proliferation (GO:0048147),1/17,0.0084693662805775,0.0307976955657366,0,0,138.70833333333334,661.8190142974174,TP53
GO_Biological_Process_2023,"DNA Damage Response, Signal Transduction By P53 Class Mediator Resulting In Cell Cycle Arrest (GO:0006977)",1/17,0.0084693662805775,0.0307976955657366,0,0,138.70833333333334,661.8190142974174,TP53
GO_Biological_Process_2023,Cellular Response To Alkaloid (GO:0071312),1/17,0.0084693662805775,0.0307976955657366,0,0,138.70833333333334,661.8190142974174,RYR2
GO_Biological_Process_2023,Ventricular Cardiac Muscle Cell Action Potential (GO:0086005),1/17,0.0084693662805775,0.0307976955657366,0,0,138.70833333333334,661.8190142974174,RYR2
GO_Biological_Process_2023,Hippo Signaling (GO:0035329),1/17,0.0084693662805775,0.0307976955657366,0,0,138.70833333333334,661.8190142974174,FAT4
GO_Biological_Process_2023,Muscle Tissue Morphogenesis (GO:0060415),1/17,0.0084693662805775,0.0307976955657366,0,0,138.70833333333334,661.8190142974174,TTN
GO_Biological_Process_2023,Positive Regulation Of Transcription From RNA Polymerase II Promoter In Response To Stress (GO:0036003),1/17,0.0084693662805775,0.0307976955657366,0,0,138.70833333333334,661.8190142974174,TP53
GO_Biological_Process_2023,Embryonic Heart Tube Development (GO:0035050),1/17,0.0084693662805775,0.0307976955657366,0,0,138.70833333333334,661.8190142974174,RYR2
GO_Biological_Process_2023,Cardiac Muscle Cell Contraction (GO:0086003),1/18,0.0089655500933473,0.0308492046222704,0,0,130.54248366013073,615.425022203049,PIK3CA
GO_Biological_Process_2023,Maintenance Of Protein Location In Nucleus (GO:0051457),1/18,0.0089655500933473,0.0308492046222704,0,0,130.54248366013073,615.425022203049,SYNE1
GO_Biological_Process_2023,Mesenchyme Morphogenesis (GO:0072132),1/18,0.0089655500933473,0.0308492046222704,0,0,130.54248366013073,615.425022203049,APC
GO_Biological_Process_2023,Detection Of Mechanical Stimulus (GO:0050982),1/18,0.0089655500933473,0.0308492046222704,0,0,130.54248366013073,615.425022203049,TTN
GO_Biological_Process_2023,Regulation Of Cell Cycle G2/M Phase Transition (GO:1902749),1/18,0.0089655500933473,0.0308492046222704,0,0,130.54248366013073,615.425022203049,TP53
GO_Biological_Process_2023,Cellular Response To Catecholamine Stimulus (GO:0071870),1/19,0.0094615105123957,0.0318703511996488,0,0,123.28395061728396,574.5677163606151,RYR2
GO_Biological_Process_2023,Intrinsic Apoptotic Signaling Pathway In Response To DNA Damage By P53 Class Mediator (GO:0042771),1/19,0.0094615105123957,0.0318703511996488,0,0,123.28395061728396,574.5677163606151,TP53
GO_Biological_Process_2023,Calcium-Mediated Signaling Using Intracellular Calcium Source (GO:0035584),1/20,0.0099572476243861,0.0328486519567379,0,0,116.78947368421052,538.3357753631753,RYR2
GO_Biological_Process_2023,Regulation Of Cardiac Muscle Contraction By Calcium Ion Signaling (GO:0010882),1/20,0.0099572476243861,0.0328486519567379,0,0,116.78947368421052,538.3357753631753,RYR2
GO_Biological_Process_2023,Positive Regulation Of Heart Contraction (GO:0045823),1/21,0.0104527615118676,0.0331176602356203,0,0,110.94444444444444,506.0053047065427,RYR2
GO_Biological_Process_2023,Regulation Of Anoikis (GO:2000209),1/21,0.0104527615118676,0.0331176602356203,0,0,110.94444444444444,506.0053047065427,PIK3CA
GO_Biological_Process_2023,Regulation Of Cardiac Conduction (GO:1903779),1/21,0.0104527615118676,0.0331176602356203,0,0,110.94444444444444,506.0053047065427,RYR2
GO_Biological_Process_2023,Endocardial Cushion Morphogenesis (GO:0003203),1/21,0.0104527615118676,0.0331176602356203,0,0,110.94444444444444,506.0053047065427,APC
GO_Biological_Process_2023,Regulation Of Release Of Sequestered Calcium Ion Into Cytosol By Sarcoplasmic Reticulum (GO:0010880),1/22,0.0109480522580432,0.0335944805859124,0,0,105.65608465608466,476.9942956890701,RYR2
GO_Biological_Process_2023,Negative Regulation Of Macroautophagy (GO:0016242),1/22,0.0109480522580432,0.0335944805859124,0,0,105.65608465608466,476.9942956890701,PIK3CA
GO_Biological_Process_2023,Response To Gamma Radiation (GO:0010332),1/22,0.0109480522580432,0.0335944805859124,0,0,105.65608465608466,476.9942956890701,TP53
GO_Biological_Process_2023,Protein-Containing Complex Assembly (GO:0065003),2/328,0.0110612811916835,0.0335944805859124,0,0,15.079754601226997,67.92380574738591,APC;TP53
GO_Biological_Process_2023,Positive Regulation Of Lamellipodium Assembly (GO:0010592),1/23,0.0114431199495764,0.0335944805859124,0,0,100.84848484848484,450.8296990682604,PIK3CA
GO_Biological_Process_2023,Negative Regulation Of Protein Depolymerization (GO:1901880),1/23,0.0114431199495764,0.0335944805859124,0,0,100.84848484848484,450.8296990682604,PIK3CA
GO_Biological_Process_2023,Endocardial Cushion Development (GO:0003197),1/23,0.0114431199495764,0.0335944805859124,0,0,100.84848484848484,450.8296990682604,APC
GO_Biological_Process_2023,Entrainment Of Circadian Clock By Photoperiod (GO:0043153),1/23,0.0114431199495764,0.0335944805859124,0,0,100.84848484848484,450.8296990682604,TP53
GO_Biological_Process_2023,Regulation Of Execution Phase Of Apoptosis (GO:1900117),1/24,0.0119379646683197,0.0338066256094011,0,0,96.45893719806764,427.1232267263204,TP53
GO_Biological_Process_2023,Photoperiodism (GO:0009648),1/24,0.0119379646683197,0.0338066256094011,0,0,96.45893719806764,427.1232267263204,TP53
GO_Biological_Process_2023,Regulation Of Supramolecular Fiber Organization (GO:1902903),1/24,0.0119379646683197,0.0338066256094011,0,0,96.45893719806764,427.1232267263204,PIK3CA
GO_Biological_Process_2023,Response To Purine-Containing Compound (GO:0014074),1/24,0.0119379646683197,0.0338066256094011,0,0,96.45893719806764,427.1232267263204,RYR2
GO_Biological_Process_2023,Positive Regulation Of Release Of Cytochrome C From Mitochondria (GO:0090200),1/25,0.0124325865055395,0.0344719614465756,0,0,92.4351851851852,405.55330287566494,TP53
GO_Biological_Process_2023,Regulation Of Cell Cycle Phase Transition (GO:1901987),1/25,0.0124325865055395,0.0344719614465756,0,0,92.4351851851852,405.55330287566494,TP53
GO_Biological_Process_2023,Cardiac Muscle Cell Development (GO:0055013),1/26,0.0129269855424658,0.0344719614465756,0,0,88.73333333333333,385.85142072369416,TTN
GO_Biological_Process_2023,Mitotic G1 DNA Damage Checkpoint Signaling (GO:0031571),1/26,0.0129269855424658,0.0344719614465756,0,0,88.73333333333333,385.85142072369416,TP53
GO_Biological_Process_2023,Cellular Response To Xenobiotic Stimulus (GO:0071466),1/26,0.0129269855424658,0.0344719614465756,0,0,88.73333333333333,385.85142072369416,TP53
GO_Biological_Process_2023,Negative Regulation Of Catalytic Activity (GO:0043086),1/26,0.0129269855424658,0.0344719614465756,0,0,88.73333333333333,385.85142072369416,TP53
GO_Biological_Process_2023,Regulation Of Cardiac Muscle Cell Contraction (GO:0086004),1/26,0.0129269855424658,0.0344719614465756,0,0,88.73333333333333,385.85142072369416,RYR2
GO_Biological_Process_2023,Cardiac Muscle Cell Differentiation (GO:0055007),1/27,0.0134211618656948,0.0352030475165766,0,0,85.31623931623932,367.7917019980768,TTN
GO_Biological_Process_2023,Positive Regulation Of Calcium Ion Transmembrane Transporter Activity (GO:1901021),1/27,0.0134211618656948,0.0352030475165766,0,0,85.31623931623932,367.7917019980768,RYR2
GO_Biological_Process_2023,Hematopoietic Progenitor Cell Differentiation (GO:0002244),1/28,0.0139151155631478,0.0356226958416584,0,0,82.1522633744856,351.18281785053944,TP53
GO_Biological_Process_2023,Regulation Of Cardiac Muscle Cell Action Potential (GO:0098901),1/28,0.0139151155631478,0.0356226958416584,0,0,82.1522633744856,351.18281785053944,RYR2
GO_Biological_Process_2023,Negative Regulation Of Cytoskeleton Organization (GO:0051494),1/28,0.0139151155631478,0.0356226958416584,0,0,82.1522633744856,351.18281785053944,PIK3CA
GO_Biological_Process_2023,Regulation Of Striated Muscle Contraction (GO:0006942),1/29,0.0144088467211374,0.0360720511409465,0,0,79.21428571428571,335.8616722924233,RYR2
GO_Biological_Process_2023,Sarcomere Organization (GO:0045214),1/29,0.0144088467211374,0.0360720511409465,0,0,79.21428571428571,335.8616722924233,TTN
GO_Biological_Process_2023,Positive Regulation Of Protein Phosphorylation (GO:0001934),2/377,0.0144288204563786,0.0360720511409465,0,0,13.076666666666666,55.425813262550776,KRAS;TP53
GO_Biological_Process_2023,Negative Regulation Of Cell Population Proliferation (GO:0008285),2/379,0.0145747361509205,0.0361543842503455,0,0,13.005968169761273,54.9952896477365,APC;TP53
GO_Biological_Process_2023,Cardiac Muscle Cell Action Potential Involved In Contraction (GO:0086002),1/30,0.0149023554252653,0.0365004745597466,0,0,76.47892720306514,321.6884165593148,RYR2
GO_Biological_Process_2023,DNA Damage Response (GO:0006974),2/384,0.0149423817728962,0.0365004745597466,0,0,12.832460732984291,53.94193765865227,APC;TP53
GO_Biological_Process_2023,Cardiac Muscle Tissue Morphogenesis (GO:0055008),1/31,0.0153956417644848,0.0365783155661899,0,0,73.92592592592592,308.5424792813036,TTN
GO_Biological_Process_2023,Positive Regulation Of Lamellipodium Organization (GO:1902745),1/31,0.0153956417644848,0.0365783155661899,0,0,73.92592592592592,308.5424792813036,PIK3CA
GO_Biological_Process_2023,Negative Regulation Of DNA Biosynthetic Process (GO:2000279),1/31,0.0153956417644848,0.0365783155661899,0,0,73.92592592592592,308.5424792813036,TP53
GO_Biological_Process_2023,Regulation Of Gene Expression (GO:0010468),3/1127,0.0158858351385992,0.0365783155661899,0,0,7.193441789527199,29.797591302761145,KRAS;TP53;TTN
GO_Biological_Process_2023,Phosphatidylinositol 3-Kinase Signaling (GO:0014065),1/32,0.0158887058240637,0.0365783155661899,0,0,71.53763440860214,296.3193797028303,PIK3CA
GO_Biological_Process_2023,Muscle Cell Development (GO:0055001),1/32,0.0158887058240637,0.0365783155661899,0,0,71.53763440860214,296.3193797028303,TTN
GO_Biological_Process_2023,Chromosome Condensation (GO:0030261),1/32,0.0158887058240637,0.0365783155661899,0,0,71.53763440860214,296.3193797028303,TTN
GO_Biological_Process_2023,Negative Regulation Of G1/S Transition Of Mitotic Cell Cycle (GO:2000134),1/32,0.0158887058240637,0.0365783155661899,0,0,71.53763440860214,296.3193797028303,APC
GO_Biological_Process_2023,Epithelial Tube Morphogenesis (GO:0060562),1/33,0.0163815476907073,0.036658008818366,0,0,69.29861111111111,284.9281499305533,RYR2
GO_Biological_Process_2023,Ventricular Cardiac Muscle Tissue Morphogenesis (GO:0055010),1/33,0.0163815476907073,0.036658008818366,0,0,69.29861111111111,284.9281499305533,RYR2
GO_Biological_Process_2023,Regulation Of Lamellipodium Assembly (GO:0010591),1/33,0.0163815476907073,0.036658008818366,0,0,69.29861111111111,284.9281499305533,PIK3CA
GO_Biological_Process_2023,Signal Transduction By P53 Class Mediator (GO:0072331),1/33,0.0163815476907073,0.036658008818366,0,0,69.29861111111111,284.9281499305533,TP53
GO_Biological_Process_2023,Transcription Initiation-Coupled Chromatin Remodeling (GO:0045815),1/34,0.0168741674533513,0.0369844766100852,0,0,67.1952861952862,274.2892350890436,TP53
GO_Biological_Process_2023,Cellular Response To Vascular Endothelial Growth Factor Stimulus (GO:0035924),1/34,0.0168741674533513,0.0369844766100852,0,0,67.1952861952862,274.2892350890436,PIK3CA
GO_Biological_Process_2023,Negative Regulation Of Cell Cycle Process (GO:0010948),1/34,0.0168741674533513,0.0369844766100852,0,0,67.1952861952862,274.2892350890436,TP53
GO_Biological_Process_2023,Regulation Of Cellular Senescence (GO:2000772),1/35,0.0173665651965465,0.0370486724192992,0,0,65.2156862745098,264.33277144453854,TP53
GO_Biological_Process_2023,Intrinsic Apoptotic Signaling Pathway By P53 Class Mediator (GO:0072332),1/35,0.0173665651965465,0.0370486724192992,0,0,65.2156862745098,264.33277144453854,TP53
GO_Biological_Process_2023,Negative Regulation Of Cell Cycle G1/S Phase Transition (GO:1902807),1/35,0.0173665651965465,0.0370486724192992,0,0,65.2156862745098,264.33277144453854,APC
GO_Biological_Process_2023,Regulation Of Cardiac Muscle Contraction (GO:0055117),1/35,0.0173665651965465,0.0370486724192992,0,0,65.2156862745098,264.33277144453854,RYR2
GO_Biological_Process_2023,"DNA Damage Response, Signal Transduction By P53 Class Mediator (GO:0030330)",1/36,0.0178587410119325,0.0375973494988053,0,0,63.34920634920635,254.99716559529236,TP53
GO_Biological_Process_2023,Negative Regulation Of Sequestering Of Calcium Ion (GO:0051283),1/36,0.0178587410119325,0.0375973494988053,0,0,63.34920634920635,254.99716559529236,RYR2
GO_Biological_Process_2023,Muscle Cell Differentiation (GO:0042692),1/37,0.0183506949831896,0.0381313142507836,0,0,61.58641975308642,246.2279153977221,SYNE1
GO_Biological_Process_2023,Negative Regulation Of Transferase Activity (GO:0051348),1/37,0.0183506949831896,0.0381313142507836,0,0,61.58641975308642,246.2279153977221,TP53
GO_Biological_Process_2023,Nervous System Development (GO:0007399),2/433,0.0187576511575306,0.0386511327198763,0,0,11.345127610208817,45.10996940058537,APC;FAT4
GO_Biological_Process_2023,Tumor Necrosis Factor-Mediated Signaling Pathway (GO:0033209),1/38,0.0188424272009397,0.0386511327198763,0,0,59.91891891891892,237.97662594437213,TP53
GO_Biological_Process_2023,Positive Regulation Of Intrinsic Apoptotic Signaling Pathway (GO:2001244),1/39,0.0193339377497966,0.0389110696851253,0,0,58.33918128654971,230.20018425524987,TP53
GO_Biological_Process_2023,Positive Regulation Of ATP-dependent Activity (GO:0032781),1/39,0.0193339377497966,0.0389110696851253,0,0,58.33918128654971,230.20018425524987,RYR2
GO_Biological_Process_2023,Release Of Sequestered Calcium Ion Into Cytosol (GO:0051209),1/39,0.0193339377497966,0.0389110696851253,0,0,58.33918128654971,230.20018425524987,RYR2
GO_Biological_Process_2023,Regulation Of Cytosolic Calcium Ion Concentration (GO:0051480),1/40,0.019825226718581,0.0391609416663329,0,0,56.84045584045584,222.8600635525676,RYR2
GO_Biological_Process_2023,Negative Regulation Of Mitotic Cell Cycle Phase Transition (GO:1901991),1/40,0.019825226718581,0.0391609416663329,0,0,56.84045584045584,222.8600635525676,APC
GO_Biological_Process_2023,Endothelial Cell Migration (GO:0043542),1/40,0.019825226718581,0.0391609416663329,0,0,56.84045584045584,222.8600635525676,PIK3CA
GO_Biological_Process_2023,Stem Cell Differentiation (GO:0048863),1/41,0.0203162941970357,0.0396415496527526,0,0,55.41666666666666,215.92173416578157,TP53
GO_Biological_Process_2023,Regulation Of Release Of Cytochrome C From Mitochondria (GO:0090199),1/41,0.0203162941970357,0.0396415496527526,0,0,55.41666666666666,215.92173416578157,TP53
GO_Biological_Process_2023,Cellular Response To Glucose Starvation (GO:0042149),1/42,0.0208071402680988,0.0401101499144075,0,0,54.06233062330623,209.35416251688036,TP53
GO_Biological_Process_2023,Embryonic Heart Tube Morphogenesis (GO:0003143),1/42,0.0208071402680988,0.0401101499144075,0,0,54.06233062330623,209.35416251688036,RYR2
GO_Biological_Process_2023,mRNA Transcription (GO:0009299),1/43,0.0212977650246516,0.0405361275371548,0,0,52.77248677248677,203.12938317607103,TP53
GO_Biological_Process_2023,Positive Regulation Of miRNA Transcription (GO:1902895),1/43,0.0212977650246516,0.0405361275371548,0,0,52.77248677248677,203.12938317607103,TP53
GO_Biological_Process_2023,Nucleus Organization (GO:0006997),1/44,0.0217881685512207,0.0405361275371548,0,0,51.542635658914726,197.22213203300183,SYNE1
GO_Biological_Process_2023,Phosphatidylinositol Phosphate Biosynthetic Process (GO:0046854),1/44,0.0217881685512207,0.0405361275371548,0,0,51.542635658914726,197.22213203300183,PIK3CA
GO_Biological_Process_2023,Embryonic Organ Morphogenesis (GO:0048562),1/44,0.0217881685512207,0.0405361275371548,0,0,51.542635658914726,197.22213203300183,RYR2
GO_Biological_Process_2023,Bone Development (GO:0060348),1/44,0.0217881685512207,0.0405361275371548,0,0,51.542635658914726,197.22213203300183,TP53
GO_Biological_Process_2023,Epidermal Growth Factor Receptor Signaling Pathway (GO:0007173),1/45,0.0222783509374741,0.04097167988501,0,0,50.36868686868687,191.60953052295557,PIK3CA
GO_Biological_Process_2023,Regulation Of Telomerase Activity (GO:0051972),1/45,0.0222783509374741,0.04097167988501,0,0,50.36868686868687,191.60953052295557,TP53
GO_Biological_Process_2023,Epithelial Cell Migration (GO:0010631),1/46,0.0227683122669265,0.041035971760758,0,0,49.24691358024691,186.27081295676348,PIK3CA
GO_Biological_Process_2023,Regulation Of Fibroblast Proliferation (GO:0048145),1/46,0.0227683122669265,0.041035971760758,0,0,49.24691358024691,186.27081295676348,TP53
GO_Biological_Process_2023,Myofibril Assembly (GO:0030239),1/46,0.0227683122669265,0.041035971760758,0,0,49.24691358024691,186.27081295676348,TTN
GO_Biological_Process_2023,Negative Regulation Of Apoptotic Process (GO:0043066),2/482,0.0229464386640449,0.041035971760758,0,0,10.161458333333334,38.355364744860616,PIK3CA;TP53
GO_Biological_Process_2023,Positive Regulation Of TOR Signaling (GO:0032008),1/47,0.0232580526351399,0.041035971760758,0,0,48.17391304347826,181.18709015535836,PIK3CA
GO_Biological_Process_2023,Insulin Receptor Signaling Pathway (GO:0008286),1/47,0.0232580526351399,0.041035971760758,0,0,48.17391304347826,181.18709015535836,PIK3CA
GO_Biological_Process_2023,Bicellular Tight Junction Assembly (GO:0070830),1/47,0.0232580526351399,0.041035971760758,0,0,48.17391304347826,181.18709015535836,APC
GO_Biological_Process_2023,Cellular Response To Radiation (GO:0071478),1/48,0.0237475721230066,0.041035971760758,0,0,47.14657210401892,176.3411440394006,TP53
GO_Biological_Process_2023,Regulation Of Intrinsic Apoptotic Signaling Pathway (GO:2001242),1/48,0.0237475721230066,0.041035971760758,0,0,47.14657210401892,176.3411440394006,TP53
GO_Biological_Process_2023,Positive Regulation Of Reactive Oxygen Species Metabolic Process (GO:2000379),1/48,0.0237475721230066,0.041035971760758,0,0,47.14657210401892,176.3411440394006,TP53
GO_Biological_Process_2023,Positive Regulation Of miRNA Metabolic Process (GO:2000630),1/49,0.0242368708211977,0.041035971760758,0,0,46.16203703703704,171.71724838044534,TP53
GO_Biological_Process_2023,Heterophilic Cell-Cell Adhesion Via Plasma Membrane Cell Adhesion Molecules (GO:0007157),1/49,0.0242368708211977,0.041035971760758,0,0,46.16203703703704,171.71724838044534,FAT4
GO_Biological_Process_2023,Neurogenesis (GO:0022008),1/49,0.0242368708211977,0.041035971760758,0,0,46.16203703703704,171.71724838044534,FAT4
GO_Biological_Process_2023,Intrinsic Apoptotic Signaling Pathway In Response To DNA Damage (GO:0008630),1/49,0.0242368708211977,0.041035971760758,0,0,46.16203703703704,171.71724838044534,TP53
GO_Biological_Process_2023,Regulation Of Cell Communication (GO:0010646),1/49,0.0242368708211977,0.041035971760758,0,0,46.16203703703704,171.71724838044534,RYR2
GO_Biological_Process_2023,Cardiac Muscle Tissue Development (GO:0048738),1/52,0.0257034430516592,0.0428390717527654,0,0,43.4400871459695,159.03982037824832,TTN
GO_Biological_Process_2023,Cellular Response To Ionizing Radiation (GO:0071479),1/52,0.0257034430516592,0.0428390717527654,0,0,43.4400871459695,159.03982037824832,TP53
GO_Biological_Process_2023,Positive Regulation Of Transcription Initiation By RNA Polymerase II (GO:0060261),1/52,0.0257034430516592,0.0428390717527654,0,0,43.4400871459695,159.03982037824832,TP53
GO_Biological_Process_2023,Tight Junction Assembly (GO:0120192),1/53,0.0261918594705427,0.0434269172568585,0,0,42.6025641025641,155.17160141847094,APC
GO_Biological_Process_2023,ERBB Signaling Pathway (GO:0038127),1/54,0.0266800555326239,0.0437826552330239,0,0,41.79664570230608,151.46431378315344,PIK3CA
GO_Biological_Process_2023,Apical Junction Assembly (GO:0043297),1/54,0.0266800555326239,0.0437826552330239,0,0,41.79664570230608,151.46431378315344,APC
GO_Biological_Process_2023,Positive Regulation Of Intracellular Signal Transduction (GO:1902533),2/525,0.0269169375944203,0.0439460205623189,0,0,9.305449330783938,33.63919505186621,PIK3CA;TP53
GO_Biological_Process_2023,Nucleotide-Excision Repair (GO:0006289),1/56,0.0276557869621033,0.0440291135715077,0,0,40.27272727272727,144.49533489369065,TP53
GO_Biological_Process_2023,Regulation Of Reactive Oxygen Species Metabolic Process (GO:2000377),1/56,0.0276557869621033,0.0440291135715077,0,0,40.27272727272727,144.49533489369065,TP53
GO_Biological_Process_2023,Mitotic DNA Damage Checkpoint Signaling (GO:0044773),1/56,0.0276557869621033,0.0440291135715077,0,0,40.27272727272727,144.49533489369065,TP53
GO_Biological_Process_2023,Cellular Response To Peptide (GO:1901653),1/56,0.0276557869621033,0.0440291135715077,0,0,40.27272727272727,144.49533489369065,TP53
GO_Biological_Process_2023,Positive Regulation Of Cellular Metabolic Process (GO:0031325),1/56,0.0276557869621033,0.0440291135715077,0,0,40.27272727272727,144.49533489369065,TP53
GO_Biological_Process_2023,Negative Regulation Of Cellular Process (GO:0048523),2/537,0.0280725609711704,0.0443638581331796,0,0,9.091121495327103,32.482237618525254,APC;TP53
GO_Biological_Process_2023,Signal Transduction In Response To DNA Damage (GO:0042770),1/57,0.0281433225032358,0.0443638581331796,0,0,39.5515873015873,141.21677360109922,TP53
GO_Biological_Process_2023,Positive Regulation Of Mitochondrion Organization (GO:0010822),1/58,0.0286306380412391,0.0449108047705712,0,0,38.85575048732944,138.06527849839193,TP53
GO_Biological_Process_2023,Mitotic Cytokinesis (GO:0000281),1/59,0.0291177336711439,0.0452314309454662,0,0,38.18390804597701,135.03387352863817,APC
GO_Biological_Process_2023,Regulation Of miRNA Transcription (GO:1902893),1/59,0.0291177336711439,0.0452314309454662,0,0,38.18390804597701,135.03387352863817,TP53
GO_Biological_Process_2023,Negative Regulation Of Autophagy (GO:0010507),1/61,0.030091265543298,0.046517898424422,0,0,36.907407407407405,129.30585220246812,PIK3CA
GO_Biological_Process_2023,Phosphatidylinositol-Mediated Signaling (GO:0048015),1/62,0.0305777019615051,0.0468175341037399,0,0,36.30054644808743,126.59758326788086,PIK3CA
GO_Biological_Process_2023,Positive Regulation Of Apoptotic Signaling Pathway (GO:2001235),1/62,0.0305777019615051,0.0468175341037399,0,0,36.30054644808743,126.59758326788086,TP53
GO_Biological_Process_2023,Response To Metal Ion (GO:0010038),1/64,0.0315499162070124,0.0480760627916379,0,0,35.14462081128748,121.46628828977606,TTN
GO_Biological_Process_2023,Cellular Response To Light Stimulus (GO:0071482),1/65,0.0320356942028436,0.0485849390754026,0,0,34.59375,119.03379191454992,TP53
GO_Biological_Process_2023,Positive Regulation Of Cellular Process (GO:0048522),2/594,0.0338353978152953,0.0510446784533363,0,0,8.191722972972974,27.739203501079054,RYR2;KRAS
GO_Biological_Process_2023,Regulation Of Heart Contraction (GO:0008016),1/69,0.033976614095502,0.0510446784533363,0,0,32.552287581699346,110.09453231300331,RYR2
GO_Biological_Process_2023,Positive Regulation Of Protein Transport (GO:0051222),1/70,0.0344612964819566,0.0515309106272248,0,0,32.07890499194847,108.03913520130236,TTN
GO_Biological_Process_2023,Negative Regulation Of Supramolecular Fiber Organization (GO:1902904),1/71,0.0349457600054768,0.0520073464369705,0,0,31.61904761904762,106.04896194083372,PIK3CA
GO_Biological_Process_2023,Cellular Response To Hypoxia (GO:0071456),1/72,0.0354300047601861,0.0520073464369705,0,0,31.172143974960875,104.12107765370268,TP53
GO_Biological_Process_2023,Response To Ionizing Radiation (GO:0010212),1/72,0.0354300047601861,0.0520073464369705,0,0,31.172143974960875,104.12107765370268,TP53
GO_Biological_Process_2023,Second-Messenger-Mediated Signaling (GO:0019932),1/72,0.0354300047601861,0.0520073464369705,0,0,31.172143974960875,104.12107765370268,RYR2
GO_Biological_Process_2023,Cellular Response To Decreased Oxygen Levels (GO:0036294),1/73,0.0359140308301434,0.0522385902983905,0,0,30.73765432098765,102.2527178173034,TP53
GO_Biological_Process_2023,Positive Regulation Of Secretion By Cell (GO:1903532),1/73,0.0359140308301434,0.0522385902983905,0,0,30.73765432098765,102.2527178173034,TTN
GO_Biological_Process_2023,Regulation Of Cell Cycle G1/S Phase Transition (GO:1902806),1/74,0.0363978383040335,0.0527027522954331,0,0,30.315068493150687,100.4412761916998,APC
GO_Biological_Process_2023,Positive Regulation Of Protein Secretion (GO:0050714),1/76,0.0373647978046119,0.0538591680066477,0,0,29.503703703703703,96.97944863399395,TTN
GO_Biological_Process_2023,Actomyosin Structure Organization (GO:0031032),1/77,0.0378479500125182,0.0543109596592189,0,0,29.114035087719294,95.32454660857232,TTN
GO_Biological_Process_2023,Regulation Of TOR Signaling (GO:0032006),1/78,0.038330883967986,0.0547152067209901,0,0,28.734487734487736,93.71751271850756,PIK3CA
GO_Biological_Process_2023,Regulation Of Cyclin-Dependent Protein Serine/Threonine Kinase Activity (GO:0000079),1/79,0.0388135997677023,0.0547152067209901,0,0,28.36467236467237,92.15638325126108,APC
GO_Biological_Process_2023,Cellular Response To UV (GO:0034644),1/79,0.0388135997677023,0.0547152067209901,0,0,28.36467236467237,92.15638325126108,TP53
GO_Biological_Process_2023,Positive Regulation Of Catabolic Process (GO:0009896),1/79,0.0388135997677023,0.0547152067209901,0,0,28.36467236467237,92.15638325126108,APC
GO_Biological_Process_2023,Negative Regulation Of Protein Serine/Threonine Kinase Activity (GO:0071901),1/80,0.03929609749471,0.055152417536435,0,0,28.0042194092827,90.63929849888726,APC
GO_Biological_Process_2023,Cytoskeleton-Dependent Cytokinesis (GO:0061640),1/81,0.039778377237952,0.0555855053106753,0,0,27.65277777777778,89.16449601956255,APC
GO_Biological_Process_2023,Calcium Ion Transmembrane Import Into Cytosol (GO:0097553),1/83,0.0407422831141832,0.0563109780186515,0,0,26.97560975609756,86.33513767066536,RYR2
GO_Biological_Process_2023,Epigenetic Regulation Of Gene Expression (GO:0040029),1/83,0.0407422831141832,0.0563109780186515,0,0,26.97560975609756,86.33513767066536,TP53
GO_Biological_Process_2023,Calcium-Mediated Signaling (GO:0019722),1/85,0.0417053180950637,0.0563109780186515,0,0,26.33068783068783,83.65592938917332,RYR2
GO_Biological_Process_2023,mRNA Metabolic Process (GO:0016071),1/85,0.0417053180950637,0.0563109780186515,0,0,26.33068783068783,83.65592938917332,TP53
GO_Biological_Process_2023,Establishment Of Protein Localization To Organelle (GO:0072594),1/85,0.0417053180950637,0.0563109780186515,0,0,26.33068783068783,83.65592938917332,RYR2
GO_Biological_Process_2023,Regulation Of Kinase Activity (GO:0043549),1/85,0.0417053180950637,0.0563109780186515,0,0,26.33068783068783,83.65592938917332,TTN
GO_Biological_Process_2023,Positive Regulation Of Protein Localization (GO:1903829),1/85,0.0417053180950637,0.0563109780186515,0,0,26.33068783068783,83.65592938917332,APC
GO_Biological_Process_2023,Negative Regulation Of Cell Cycle (GO:0045786),1/85,0.0417053180950637,0.0563109780186515,0,0,26.33068783068783,83.65592938917332,APC
GO_Biological_Process_2023,Cellular Response To Chemical Stress (GO:0062197),1/89,0.0436287781768767,0.058660542086557,0,0,25.12878787878788,78.70432597937861,PIK3CA
GO_Biological_Process_2023,Regulation Of Peptidyl-Tyrosine Phosphorylation (GO:0050730),1/90,0.0441090999770031,0.0590582091742301,0,0,24.845193508114857,77.54406436315156,TP53
GO_Biological_Process_2023,Regulation Of Actin Cytoskeleton Organization (GO:0032956),1/91,0.0445892046624482,0.0594522728832642,0,0,24.567901234567906,76.41264641223972,PIK3CA
GO_Biological_Process_2023,Positive Regulation Of Protein Catabolic Process (GO:0045732),1/92,0.0450690923255239,0.0598427781915671,0,0,24.296703296703296,75.30905521028181,APC
GO_Biological_Process_2023,Positive Regulation Of Protein Kinase B Signaling (GO:0051897),1/93,0.0455487630468527,0.0602297693181524,0,0,24.031400966183572,74.2323201774775,PIK3CA
GO_Biological_Process_2023,Regulation Of Apoptotic Process (GO:0042981),2/705,0.0462821060719701,0.060947629395187,0,0,6.858819345661451,21.077150961130855,APC;TP53
GO_Biological_Process_2023,T Cell Receptor Signaling Pathway (GO:0050852),1/95,0.0465074540299385,0.0609933823343455,0,0,23.5177304964539,72.15575261450543,PIK3CA
GO_Biological_Process_2023,Regulation Of Macroautophagy (GO:0016241),1/96,0.0469864744639164,0.0613700890957276,0,0,23.269005847953217,71.15418818005004,PIK3CA
GO_Biological_Process_2023,Phosphatidylinositol Biosynthetic Process (GO:0006661),1/98,0.047943865635835,0.0616146064396274,0,0,22.78694158075601,69.220448859451,PIK3CA
GO_Biological_Process_2023,MAPK Cascade (GO:0000165),1/98,0.047943865635835,0.0616146064396274,0,0,22.78694158075601,69.220448859451,KRAS
GO_Biological_Process_2023,Positive Regulation Of Protein-Containing Complex Assembly (GO:0031334),1/98,0.047943865635835,0.0616146064396274,0,0,22.78694158075601,69.220448859451,TP53
GO_Biological_Process_2023,Positive Regulation Of Cold-Induced Thermogenesis (GO:0120162),1/98,0.047943865635835,0.0616146064396274,0,0,22.78694158075601,69.220448859451,APC
GO_Biological_Process_2023,Response To UV (GO:0009411),1/100,0.0489003911418304,0.0625925006615429,0,0,22.32435465768799,67.37423003045056,TP53
GO_Biological_Process_2023,Hemopoiesis (GO:0030097),1/101,0.0493783294859182,0.0629524519342384,0,0,22.1,66.48218412151981,TP53
GO_Biological_Process_2023,Calcium Ion Homeostasis (GO:0055074),1/102,0.0498560516752303,0.0630590376919909,0,0,21.88008800880088,65.60996868685889,RYR2
GO_Biological_Process_2023,Regulation Of Protein Secretion (GO:0050708),1/102,0.0498560516752303,0.0630590376919909,0,0,21.88008800880088,65.60996868685889,TTN
GO_Biological_Process_2023,Intrinsic Apoptotic Signaling Pathway (GO:0097193),1/105,0.0512879221660425,0.0646147050910771,0,0,21.24572649572649,63.10618119534448,TP53
GO_Biological_Process_2023,Regulation Of G1/S Transition Of Mitotic Cell Cycle (GO:2000045),1/106,0.0517647805964337,0.0649597246700345,0,0,21.04232804232804,62.30728596638391,APC
GO_Biological_Process_2023,Positive Regulation Of Metabolic Process (GO:0009893),1/108,0.0527178503782264,0.065897312972783,0,0,20.64693665628245,60.75982922373895,APC
GO_Biological_Process_2023,Mitotic Sister Chromatid Segregation (GO:0000070),1/111,0.0541458386425502,0.0674189430568719,0,0,20.08080808080808,58.55712550002727,TTN
GO_Biological_Process_2023,Calcium Ion Transport (GO:0006816),1/112,0.0546214040317676,0.0677474778688591,0,0,19.8988988988989,57.85265494685789,RYR2
GO_Biological_Process_2023,Response To Endoplasmic Reticulum Stress (GO:0034976),1/114,0.0555718892963041,0.068396171441605,0,0,19.54473942969518,56.48581741086853,TP53
GO_Biological_Process_2023,Negative Regulation Of Canonical Wnt Signaling Pathway (GO:0090090),1/114,0.0555718892963041,0.068396171441605,0,0,19.54473942969518,56.48581741086853,APC
GO_Biological_Process_2023,Cellular Response To Oxidative Stress (GO:0034599),1/117,0.0569960046670181,0.0698801589787195,0,0,19.03639846743295,54.53498142318387,TP53
GO_Biological_Process_2023,Regulation Of Protein Kinase Activity (GO:0045859),1/119,0.0579443409196367,0.0705026201303565,0,0,18.71186440677966,53.29648635296648,TTN
GO_Biological_Process_2023,Cellular Response To Tumor Necrosis Factor (GO:0071356),1/119,0.0579443409196367,0.0705026201303565,0,0,18.71186440677966,53.29648635296648,TP53
GO_Biological_Process_2023,Regulation Of Protein Catabolic Process (GO:0042176),1/122,0.0593652360295357,0.0716863227526468,0,0,18.245179063360883,51.52523363729626,APC
GO_Biological_Process_2023,Receptor-Mediated Endocytosis (GO:0006898),1/122,0.0593652360295357,0.0716863227526468,0,0,18.245179063360883,51.52523363729626,LRP1B
GO_Biological_Process_2023,Negative Regulation Of Growth (GO:0045926),1/124,0.0603114275885761,0.0725551008584374,0,0,17.946702800361336,50.39853526607874,TP53
GO_Biological_Process_2023,Negative Regulation Of Cell Growth (GO:0030308),1/125,0.0607842020747778,0.072849980014715,0,0,17.801075268817204,49.85058258369441,TP53
GO_Biological_Process_2023,Cellular Response To Starvation (GO:0009267),1/126,0.0612567624754281,0.073142402955735,0,0,17.657777777777778,49.3125409946923,TP53
GO_Biological_Process_2023,Golgi Organization (GO:0007030),1/130,0.0631448649915911,0.0745622022040928,0,0,17.1068044788975,47.25453226369782,SYNE1
GO_Biological_Process_2023,Positive Regulation Of Peptidyl-Tyrosine Phosphorylation (GO:0050731),1/130,0.0631448649915911,0.0745622022040928,0,0,17.1068044788975,47.25453226369782,TP53
GO_Biological_Process_2023,Regulation Of Cell Cycle Process (GO:0010564),1/130,0.0631448649915911,0.0745622022040928,0,0,17.1068044788975,47.25453226369782,APC
GO_Biological_Process_2023,Circulatory System Development (GO:0072359),1/132,0.064087634006374,0.0753972164780871,0,0,16.843935538592028,46.27877775631816,PIK3CA
GO_Biological_Process_2023,Antigen Receptor-Mediated Signaling Pathway (GO:0050851),1/134,0.0650295490975947,0.0762251124953491,0,0,16.588972431077693,45.33622688859099,PIK3CA
GO_Biological_Process_2023,Regulation Of Protein Kinase B Signaling (GO:0051896),1/136,0.0659706109648584,0.0770459690100537,0,0,16.34156378600823,44.42529163101855,PIK3CA
GO_Biological_Process_2023,Intracellular Calcium Ion Homeostasis (GO:0006874),1/139,0.0673806054536277,0.0784065227096758,0,0,15.98389694041868,43.11493252457917,RYR2
GO_Biological_Process_2023,Negative Regulation Of Wnt Signaling Pathway (GO:0030178),1/140,0.0678501777388971,0.0786668727407503,0,0,15.86810551558753,42.69239642260823,APC
GO_Biological_Process_2023,Actin Filament Organization (GO:0007015),1/144,0.0697263398277874,0.0805502842775883,0,0,15.421134421134422,41.06921250540096,TTN
GO_Biological_Process_2023,Regulation Of Cold-Induced Thermogenesis (GO:0120161),1/146,0.0706631458293301,0.0813388728970706,0,0,15.20689655172414,40.29570768167876,APC
GO_Biological_Process_2023,Nitrogen Compound Transport (GO:0071705),1/163,0.0785917826774274,0.0901411127483039,0,0,13.599451303155009,34.5900429790609,LRP1B
GO_Biological_Process_2023,Metal Ion Transport (GO:0030001),1/171,0.082301797344196,0.0940591969647955,0,0,12.954248366013072,32.35145191648386,RYR2
GO_Biological_Process_2023,Cell-Cell Adhesion Via Plasma-Membrane Adhesion Molecules (GO:0098742),1/172,0.0827646026035753,0.094251504744285,0,0,12.877842755035738,32.0884266760251,FAT4
GO_Biological_Process_2023,Phosphate-Containing Compound Metabolic Process (GO:0006796),1/184,0.0883019048329127,0.1002007430728088,0,0,12.026108075288404,29.18728732343428,PIK3CA
GO_Biological_Process_2023,Endocytosis (GO:0006897),1/189,0.0906002210285699,0.1024454796082769,0,0,11.703309692671397,28.103141488494085,LRP1B
GO_Biological_Process_2023,Intracellular Monoatomic Cation Homeostasis (GO:0030003),1/190,0.091059258031028,0.1026019808800315,0,0,11.64079952968842,27.89420530874704,RYR2
GO_Biological_Process_2023,Regulation Of Cell Differentiation (GO:0045595),1/193,0.0924351181411287,0.103786799316355,0,0,11.457175925925926,27.282380766060548,APC
GO_Biological_Process_2023,Regulation Of Programmed Cell Death (GO:0043067),1/195,0.0933513166113739,0.1042323373404826,0,0,11.337915234822452,26.88656557789663,TP53
GO_Biological_Process_2023,Positive Regulation Of Protein Metabolic Process (GO:0051247),1/196,0.0938091036064344,0.1042323373404826,0,0,11.27920227920228,26.69215746118742,APC
GO_Biological_Process_2023,Endomembrane System Organization (GO:0010256),1/196,0.0938091036064344,0.1042323373404826,0,0,11.27920227920228,26.69215746118742,SYNE1
GO_Biological_Process_2023,DNA-templated Transcription (GO:0006351),1/199,0.0951812166984404,0.1053909665865085,0,0,11.10662177328844,26.122470758395615,TP53
GO_Biological_Process_2023,Regulation Of Canonical Wnt Signaling Pathway (GO:0060828),1/207,0.0988310484246783,0.1090549499858519,0,0,10.670981661272924,24.69631670796309,APC
GO_Biological_Process_2023,Proteasomal Protein Catabolic Process (GO:0010498),1/220,0.1047337723282439,0.1151711585740139,0,0,10.030948756976157,22.63316722468385,APC
GO_Biological_Process_2023,Positive Regulation Of Cell Motility (GO:2000147),1/221,0.1051863834392564,0.1152727489745276,0,0,9.984848484848484,22.486092683742516,APC
GO_Biological_Process_2023,Positive Regulation Of Protein Modification Process (GO:0031401),1/225,0.1069947692716383,0.1168543555185128,0,0,9.804563492063492,21.912957536249337,KRAS
GO_Biological_Process_2023,Regulation Of Cell Growth (GO:0001558),1/227,0.1078977281563219,0.1174397041157245,0,0,9.716814159292037,21.635181108877852,TP53
GO_Biological_Process_2023,Apoptotic Process (GO:0006915),1/228,0.108348899390465,0.117531009508301,0,0,9.673519334312283,21.498416879687177,PIK3CA
GO_Biological_Process_2023,Positive Regulation Of Phosphorylation (GO:0042327),1/231,0.1097011811998824,0.1185958715674405,0,0,9.545893719806765,21.096378767938067,KRAS
GO_Biological_Process_2023,Cytokine-Mediated Signaling Pathway (GO:0019221),1/257,0.1213438670227072,0.1307408668258125,0,0,8.565104166666666,18.06489149353045,TP53
GO_Biological_Process_2023,Positive Regulation Of Cell Migration (GO:0030335),1/272,0.1279982950275004,0.1374478335865776,0,0,8.084870848708487,16.620378939226235,APC
GO_Biological_Process_2023,Transmembrane Receptor Protein Tyrosine Kinase Signaling Pathway (GO:0007169),1/284,0.1332891424790943,0.1426505872685959,0,0,7.737338044758539,15.59255061922831,PIK3CA
GO_Biological_Process_2023,DNA Repair (GO:0006281),1/291,0.1363621106304826,0.1454529180058481,0,0,7.547892720306513,15.03873358743797,TP53
GO_Biological_Process_2023,Regulation Of Cell Cycle (GO:0051726),1/298,0.1394252695424448,0.1482262001780145,0,0,7.367377478488589,14.515402516497678,TP53
GO_Biological_Process_2023,Protein Transport (GO:0015031),1/313,0.145956279570597,0.1546556604721558,0,0,7.0078347578347575,13.486214685083723,LRP1B
GO_Biological_Process_2023,Proteasome-Mediated Ubiquitin-Dependent Protein Catabolic Process (GO:0043161),1/319,0.148556168594005,0.1568910031355828,0,0,6.87351502445842,13.10636450916609,APC
GO_Biological_Process_2023,Protein Localization (GO:0008104),1/351,0.1623023277874109,0.1708445555656957,0,0,6.234920634920635,11.336921661900544,TP53
GO_Biological_Process_2023,Ubiquitin-Dependent Protein Catabolic Process (GO:0006511),1/367,0.1691002237169371,0.1774166281620323,0,0,5.957498482088646,10.588045795572029,APC
GO_Biological_Process_2023,Negative Regulation Of Programmed Cell Death (GO:0043069),1/381,0.1750076114913371,0.1830144956772153,0,0,5.733918128654971,9.993793908998692,TP53
GO_Biological_Process_2023,Positive Regulation Of Multicellular Organismal Process (GO:0051240),1/387,0.1775277570290458,0.1850452190530771,0,0,5.643062751871042,9.754757997879102,APC
GO_Biological_Process_2023,Organelle Organization (GO:0006996),1/418,0.1904384737197097,0.1978581545139841,0,0,5.2152944311217695,8.64918045164494,SYNE1
GO_Biological_Process_2023,Phosphorylation (GO:0016310),1/429,0.1949756632231477,0.2019165444382112,0,0,5.078400830737279,8.30257865283454,PIK3CA
GO_Biological_Process_2023,Regulation Of Cell Migration (GO:0030334),1/434,0.197030446093531,0.2033862669352578,0,0,5.018475750577367,8.15199702149702,APC
GO_Biological_Process_2023,Regulation Of Nucleic Acid-Templated Transcription (GO:1903506),1/452,0.204388639977025,0.2103034237705724,0,0,4.813747228381375,7.642940512529682,TP53
GO_Biological_Process_2023,Negative Regulation Of Nucleic Acid-Templated Transcription (GO:1903507),1/456,0.2060155295801225,0.2112979790565359,0,0,4.77045177045177,7.536377485110544,TP53
GO_Biological_Process_2023,Positive Regulation Of Cell Population Proliferation (GO:0008284),1/483,0.2169189508828487,0.2217701734265545,0,0,4.497003227293684,6.872461958075074,KRAS
GO_Biological_Process_2023,Positive Regulation Of Nucleic Acid-Templated Transcription (GO:1903508),1/557,0.246115065526646,0.250817901173652,0,0,3.883693045563549,5.4447671804773465,TP53
GO_Biological_Process_2023,Negative Regulation Of Transcription By RNA Polymerase II (GO:0000122),1/763,0.3223037992315775,0.3274197325527136,0,0,2.803732866724993,3.174556544899112,TP53
GO_Biological_Process_2023,Positive Regulation Of Transcription By RNA Polymerase II (GO:0045944),1/938,0.3815038722967309,0.3863330352371958,0,0,2.2593383137673424,2.17717584501857,TP53
GO_Biological_Process_2023,Negative Regulation Of DNA-templated Transcription (GO:0045892),1/1025,0.4091659588857073,0.4130381919350989,0,0,2.057942708333333,1.8390484751736496,TP53
GO_Biological_Process_2023,Positive Regulation Of DNA-templated Transcription (GO:0045893),1/1243,0.4736561346135338,0.4766351040136189,0,0,1.6772231168366434,1.253344682243477,TP53
GO_Biological_Process_2023,Regulation Of DNA-templated Transcription (GO:0006355),1/1922,0.6360004440715323,0.6379941758711295,0,0,1.045115391289259,0.4729732592226366,TP53
GO_Biological_Process_2023,Regulation Of Transcription By RNA Polymerase II (GO:0006357),1/2028,0.6567940275696191,0.6567940275696191,0,0,0.984651647207148,0.4139325996748415,TP53
